id,district,sub_district,village_code,village_name,coverage_type,lgd_code,gram_panchayat_ulb,latitude,longitude,elevation_m,slope_deg,distance_to_stream_m,catchment_sqkm,rainfall_1h_mm,rainfall_24h_mm,soil_moisture_pct,water_level_m,water_level_rate_mh,risk_score,risk_level,alert_status
TN-NIL-931891-1,The Nilgiris,Coonoor,931891,Adigaratty1,FULL,252607,Adikaratti(Town Panchayat),11.31688,76.78217,1832,23.7,351.8,39.6,4.8,34.5,36.9,0.75,0.01,20,LOW,NORMAL
TN-NIL-931894-2,The Nilgiris,Coonoor,931894,Adigaratty2,FULL,252607,Adikaratti(Town Panchayat),11.35038,76.80366,1781,22.2,608.5,32.1,67.8,224.6,86.5,2.4,0.24,83,VERY HIGH,ACTIVE
TN-NIL-635115-3,The Nilgiris,Coonoor,635115,Aravankad (Ts) (Ct),N/A,N/A,N/A,11.33084,76.82336,1859,25.3,293.7,45.7,45.3,168.1,83.4,3.53,0.34,81,VERY HIGH,ACTIVE
TN-NIL-635112-4,The Nilgiris,Coonoor,635112,Burliyar,FULL,228962,Burliar(Gram Panchayat)-Coonoor(Panchayat Samiti)-The Nilgiris(Zila Panchayat),11.32324,76.80228,1802,22.4,348.0,37.5,64.3,207.4,93.6,2.64,0.3,90,VERY HIGH,ACTIVE
TN-NIL-635113-5,The Nilgiris,Coonoor,635113,Coonoor Rural,PART,228960,Bandishola(Gram Panchayat)-Coonoor(Panchayat Samiti)-The Nilgiris(Zila Panchayat),11.33084,76.82336,1859,25.3,293.7,45.7,45.3,168.1,83.4,3.53,0.34,81,VERY HIGH,ACTIVE
TN-NIL-635113-6,The Nilgiris,Coonoor,635113,Coonoor Rural,PART,228961,Beratty(Gram Panchayat)-Coonoor(Panchayat Samiti)-The Nilgiris(Zila Panchayat),11.36194,76.81151,1827,26.0,369.1,42.0,3.6,39.6,28.6,0.92,0.03,21,MODERATE,NORMAL
TN-NIL-635113-7,The Nilgiris,Coonoor,635113,Coonoor Rural,PART,306136,Chinna Karumpalam(Gram Panchayat)-Coonoor(Panchayat Samiti)-The Nilgiris(Zila Panchayat),11.38339,76.79506,1853,23.7,629.7,44.4,65.9,192.4,87.8,2.44,0.17,84,VERY HIGH,ACTIVE
TN-NIL-635113-8,The Nilgiris,Coonoor,635113,Coonoor Rural,PART,306138,Kil Bharath Nagar(Gram Panchayat)-Coonoor(Panchayat Samiti)-The Nilgiris(Zila Panchayat),11.33612,76.82588,1885,19.4,577.5,37.8,35.4,188.3,82.8,2.74,0.26,69,HIGH,ACTIVE
TN-NIL-635113-9,The Nilgiris,Coonoor,635113,Coonoor Rural,PART,306135,Vasampallam(Gram Panchayat)-Coonoor(Panchayat Samiti)-The Nilgiris(Zila Panchayat),11.32379,76.77709,1766,26.4,348.3,9.9,21.1,89.6,61.1,1.8,0.05,41,ELEVATED,MONITORING
TN-NIL-933766-10,The Nilgiris,Coonoor,933766,Coonoor Town,FULL,252605,Coonoor(Municipality),11.36909,76.79876,1866,18.8,71.2,22.5,64.9,197.6,89.7,3.35,0.16,85,VERY HIGH,ACTIVE
TN-NIL-635116-11,The Nilgiris,Coonoor,635116,Hubbathala (Ct),N/A,N/A,N/A,11.31479,76.76248,1853,21.2,357.1,43.7,35.4,203.3,79.9,3.37,0.35,73,HIGH,ACTIVE
TN-NIL-910517-12,The Nilgiris,Coonoor,910517,Hubhathalai,PART,306136,Chinna Karumpalam(Gram Panchayat)-Coonoor(Panchayat Samiti)-The Nilgiris(Zila Panchayat),11.3283,76.76249,1763,25.4,155.9,46.4,23.6,101.1,74.7,1.59,0.05,52,ELEVATED,MONITORING
TN-NIL-910517-13,The Nilgiris,Coonoor,910517,Hubhathalai,PART,228963,Hubbathalai(Gram Panchayat)-Coonoor(Panchayat Samiti)-The Nilgiris(Zila Panchayat),11.36383,76.83408,1763,22.6,608.4,7.2,16.4,80.9,64.1,1.55,0.06,37,MODERATE,NORMAL
TN-NIL-910517-14,The Nilgiris,Coonoor,910517,Hubhathalai,PART,306135,Vasampallam(Gram Panchayat)-Coonoor(Panchayat Samiti)-The Nilgiris(Zila Panchayat),11.34766,76.81907,1882,20.6,576.0,33.1,53.5,174.1,78.7,3.03,0.18,75,HIGH,ACTIVE
TN-NIL-931899-15,The Nilgiris,Coonoor,931899,Hulical1,FULL,252608,Huligal(Town Panchayat),11.38053,76.83477,1905,20.7,297.0,19.1,26.1,100.2,73.4,1.51,0.08,47,ELEVATED,MONITORING
TN-NIL-931900-16,The Nilgiris,Coonoor,931900,Hulical2,FULL,252608,Huligal(Town Panchayat),11.35784,76.77035,1889,20.8,298.6,20.7,67.4,243.8,92.5,3.7,0.13,88,VERY HIGH,ACTIVE
TN-NIL-931911-17,The Nilgiris,Coonoor,931911,Ketti1,FULL,252603,Kethi(Town Panchayat),11.36908,76.79626,1862,20.4,333.2,44.9,63.6,185.9,93.9,3.42,0.22,91,VERY HIGH,ACTIVE
TN-NIL-931913-18,The Nilgiris,Coonoor,931913,Ketti2,FULL,252603,Kethi(Town Panchayat),11.38549,76.75946,1768,21.4,431.0,7.3,49.0,200.9,80.5,3.11,0.35,75,HIGH,ACTIVE
TN-NIL-931915-19,The Nilgiris,Coonoor,931915,Ketti3,FULL,252603,Kethi(Town Panchayat),11.3307,76.80738,1836,25.8,571.3,10.8,3.8,32.5,29.0,0.99,-0.02,16,LOW,NORMAL
TN-NIL-635114-20,The Nilgiris,Coonoor,635114,Melur1,PART,306132,Arukutchi(Gram Panchayat)-Coonoor(Panchayat Samiti)-The Nilgiris(Zila Panchayat),11.38586,76.83228,1784,22.3,513.7,41.3,32.0,194.7,83.2,3.43,0.16,70,HIGH,ACTIVE
TN-NIL-635114-21,The Nilgiris,Coonoor,635114,Melur1,PART,228964,Melur(Gram Panchayat)-Coonoor(Panchayat Samiti)-The Nilgiris(Zila Panchayat),11.32104,76.82636,1798,19.0,513.5,19.9,49.7,205.0,87.2,3.09,0.24,77,HIGH,ACTIVE
TN-NIL-635114-22,The Nilgiris,Coonoor,635114,Melur1,PART,306131,Thoothurmattam(Gram Panchayat)-Coonoor(Panchayat Samiti)-The Nilgiris(Zila Panchayat),11.38879,76.76032,1880,25.0,627.8,14.2,24.1,97.2,63.7,1.75,0.1,44,ELEVATED,MONITORING
TN-NIL-931919-23,The Nilgiris,Coonoor,931919,Melur2,PART,306133,Kolacombai(Gram Panchayat)-Coonoor(Panchayat Samiti)-The Nilgiris(Zila Panchayat),11.3317,76.81137,1840,18.7,596.5,41.8,55.6,217.3,81.7,3.72,0.12,80,HIGH,ACTIVE
TN-NIL-931919-24,The Nilgiris,Coonoor,931919,Melur2,PART,228964,Melur(Gram Panchayat)-Coonoor(Panchayat Samiti)-The Nilgiris(Zila Panchayat),11.3308,76.78138,1938,18.8,398.8,43.9,51.6,212.7,89.9,3.51,0.17,82,VERY HIGH,ACTIVE
TN-NIL-931919-25,The Nilgiris,Coonoor,931919,Melur2,PART,306131,Thoothurmattam(Gram Panchayat)-Coonoor(Panchayat Samiti)-The Nilgiris(Zila Panchayat),11.38819,76.78923,1877,24.1,235.1,15.9,67.3,232.1,78.5,3.65,0.28,85,VERY HIGH,ACTIVE
TN-NIL-931931-26,The Nilgiris,Coonoor,931931,Melur3,FULL,306133,Kolacombai(Gram Panchayat)-Coonoor(Panchayat Samiti)-The Nilgiris(Zila Panchayat),11.35755,76.78745,1882,20.4,243.0,5.3,4.4,33.2,41.4,0.64,0.0,14,LOW,NORMAL
TN-NIL-635111-27,The Nilgiris,Coonoor,635111,Yedappalli,PART,306137,Ellithorai(Gram Panchayat)-Coonoor(Panchayat Samiti)-The Nilgiris(Zila Panchayat),11.36365,76.82211,1774,19.9,638.9,8.9,1.3,21.6,32.6,0.99,0.01,14,LOW,NORMAL
TN-NIL-635111-28,The Nilgiris,Coonoor,635111,Yedappalli,PART,228965,Yedappalli(Gram Panchayat)-Coonoor(Panchayat Samiti)-The Nilgiris(Zila Panchayat),11.33914,76.81654,1915,24.1,65.2,17.2,57.7,204.6,79.3,3.15,0.3,80,HIGH,ACTIVE
TN-NIL-932079-29,The Nilgiris,Gudalur,932079,Cherumulli1,FULL,252595,Devarshola(Town Panchayat),11.52588,76.48044,1096,15.9,311.6,22.0,4.8,26.8,50.6,0.46,0.02,18,LOW,NORMAL
TN-NIL-932087-30,The Nilgiris,Gudalur,932087,Cherumulli2,FULL,252595,Devarshola(Town Panchayat),11.53704,76.4997,1221,20.4,456.3,47.0,20.7,87.4,73.5,1.48,0.05,47,ELEVATED,MONITORING
TN-NIL-932106-31,The Nilgiris,Gudalur,932106,Cherumulli2-Ca,N/A,N/A,N/A,11.4721,76.50119,1192,18.1,99.8,10.4,25.7,95.0,70.4,1.66,0.08,45,ELEVATED,MONITORING
TN-NIL-932081-32,The Nilgiris,Gudalur,932081,Devala1,FULL,252594,Nelliyalam(Municipality),11.50505,76.49321,1203,16.1,364.4,47.8,5.7,26.0,48.6,0.68,0.0,22,MODERATE,NORMAL
TN-NIL-932101-33,The Nilgiris,Gudalur,932101,Devala1-Ca,N/A,N/A,N/A,11.53765,76.51977,1124,20.5,354.7,31.3,8.6,28.6,32.3,0.41,-0.01,17,LOW,NORMAL
TN-NIL-932093-34,The Nilgiris,Gudalur,932093,Devala2,FULL,252594,Nelliyalam(Municipality),11.47394,76.4956,1121,17.5,189.1,22.4,7.5,39.1,51.0,0.92,0.02,23,MODERATE,NORMAL
TN-NIL-932102-35,The Nilgiris,Gudalur,932102,Devala2-Ca,N/A,N/A,N/A,11.4721,76.50119,1192,18.1,99.8,10.4,25.7,95.0,70.4,1.66,0.08,45,ELEVATED,MONITORING
TN-NIL-932084-36,The Nilgiris,Gudalur,932084,Gudalur1,FULL,252639,Gudalur(Municipality),11.4836,76.5212,1152,16.2,299.1,42.1,1.6,25.3,41.0,0.98,-0.02,17,LOW,NORMAL
TN-NIL-932097-37,The Nilgiris,Gudalur,932097,Gudalur1-Ca,FULL,252639,Gudalur(Municipality),11.53765,76.51977,1124,20.5,354.7,31.3,8.6,28.6,32.3,0.41,-0.01,17,LOW,NORMAL
TN-NIL-932110-38,The Nilgiris,Gudalur,932110,Gudalur1-Gr,FULL,252639,Gudalur(Municipality),11.52116,76.49108,1215,15.8,266.3,27.8,5.6,31.6,40.7,0.93,-0.01,16,LOW,NORMAL
TN-NIL-932092-39,The Nilgiris,Gudalur,932092,Gudalur2,FULL,252639,Gudalur(Municipality),11.48416,76.47791,1095,14.1,605.4,43.1,25.3,108.8,68.4,1.77,0.04,46,ELEVATED,MONITORING
TN-NIL-932099-40,The Nilgiris,Gudalur,932099,Gudalur2-Ca,FULL,252639,Gudalur(Municipality),11.47346,76.47933,1236,15.7,239.3,6.3,0.4,35.7,29.2,0.56,-0.02,9,LOW,NORMAL
TN-NIL-932095-41,The Nilgiris,Gudalur,932095,Gudalur2-Gr,FULL,252639,Gudalur(Municipality),11.51679,76.45585,1154,19.8,178.5,16.1,3.1,17.6,29.5,0.55,0.01,13,LOW,NORMAL
TN-NIL-635085-42,The Nilgiris,Gudalur,635085,Mudumalai,PART,252639,Gudalur(Municipality),11.46879,76.46248,1183,16.7,357.1,43.7,16.4,107.6,57.5,1.8,0.11,39,MODERATE,NORMAL
TN-NIL-635085-43,The Nilgiris,Gudalur,635085,Mudumalai,FULL,228968,Mudumalai(Gram Panchayat)-Gudalur(Panchayat Samiti)-The Nilgiris(Zila Panchayat),11.49792,76.52784,1099,15.6,231.7,44.9,1.4,24.8,38.1,0.69,0.02,16,LOW,NORMAL
TN-NIL-635084-44,The Nilgiris,Gudalur,635084,Nellakotai,PART,306161,Choladi(Gram Panchayat)-Gudalur(Panchayat Samiti)-The Nilgiris(Zila Panchayat),11.49792,76.52784,1099,15.6,231.7,44.9,1.4,24.8,38.1,0.69,0.02,16,LOW,NORMAL
TN-NIL-635084-45,The Nilgiris,Gudalur,635084,Nellakotai,PART,252639,Gudalur(Municipality),11.48105,76.52503,1101,18.4,574.6,28.6,20.8,106.1,59.2,1.41,0.1,39,MODERATE,NORMAL
TN-NIL-932112-46,The Nilgiris,Gudalur,932112,Ovalley1,FULL,252597,O Valley(Town Panchayat),11.49863,76.46217,1156,19.8,238.5,7.1,2.2,31.3,30.7,0.45,0.02,11,LOW,NORMAL
TN-NIL-932113-47,The Nilgiris,Gudalur,932113,Ovalley2,FULL,252597,O Valley(Town Panchayat),11.47021,76.52216,1160,20.7,629.7,29.6,22.4,104.7,67.1,1.79,0.08,45,ELEVATED,MONITORING
TN-NIL-932085-48,The Nilgiris,Gudalur,932085,Padanthorai1,FULL,252595,Devarshola(Town Panchayat),11.51235,76.50638,1133,16.0,147.2,17.4,2.6,17.1,38.2,0.86,0.02,14,LOW,NORMAL
TN-NIL-932104-49,The Nilgiris,Gudalur,932104,Padanthorai1-Ca,N/A,N/A,N/A,11.48771,76.4732,1186,15.4,244.9,17.8,4.5,30.8,51.9,0.89,-0.02,19,LOW,NORMAL
TN-NIL-932090-50,The Nilgiris,Gudalur,932090,Padanthorai2,FULL,252595,Devarshola(Town Panchayat),11.5201,76.5268,1209,14.9,406.9,31.5,4.5,23.4,41.8,0.52,0.01,15,LOW,NORMAL
TN-NIL-932105-51,The Nilgiris,Gudalur,932105,Padanthorai2-Ca,N/A,N/A,N/A,11.48744,76.50142,1125,16.3,503.6,36.3,21.0,89.6,71.6,1.92,0.09,47,ELEVATED,MONITORING
TN-NIL-635086-52,The Nilgiris,Gudalur,635086,Srimadurai,PART,252639,Gudalur(Municipality),11.51765,76.52211,1104,15.4,638.9,8.9,8.1,23.8,37.3,0.53,0.02,13,LOW,NORMAL
TN-NIL-635086-53,The Nilgiris,Gudalur,635086,Srimadurai,FULL,228970,Sreemadurai(Gram Panchayat)-Gudalur(Panchayat Samiti)-The Nilgiris(Zila Panchayat),11.49314,76.51654,1245,19.6,65.2,17.2,25.7,104.0,56.6,1.7,0.09,40,MODERATE,NORMAL
TN-NIL-932108-54,The Nilgiris,Gudalur,932108,Srimadurai-Ca,N/A,N/A,N/A,11.5361,76.47587,1131,17.3,634.6,46.9,18.4,76.2,56.3,1.24,0.06,36,MODERATE,NORMAL
TN-NIL-635103-55,The Nilgiris,Kotagiri,635103,Aracode,FULL,228971,Aracode(Gram Panchayat)-Kotagiri(Panchayat Samiti)-The Nilgiris(Zila Panchayat),11.41626,76.91451,1726,28.3,465.1,25.8,8.3,34.5,31.3,0.74,0.02,21,MODERATE,NORMAL
TN-NIL-635101-56,The Nilgiris,Kotagiri,635101,Denad1,FULL,228972,Denad(Gram Panchayat)-Kotagiri(Panchayat Samiti)-The Nilgiris(Zila Panchayat),11.44173,76.89974,1775,28.9,379.7,28.5,51.6,195.1,79.7,3.63,0.16,79,HIGH,ACTIVE
TN-NIL-931939-57,The Nilgiris,Kotagiri,931939,Denad2,FULL,306144,Kaggula(Gram Panchayat)-Kotagiri(Panchayat Samiti)-The Nilgiris(Zila Panchayat),11.43179,76.84401,1776,27.5,352.3,40.5,4.9,23.5,41.5,0.95,-0.01,22,MODERATE,NORMAL
TN-NIL-635097-58,The Nilgiris,Kotagiri,635097,Hallimoyar,FULL,228981,Thengumarahada(Gram Panchayat)-Kotagiri(Panchayat Samiti)-The Nilgiris(Zila Panchayat),11.40252,76.91337,1784,28.8,550.3,23.1,40.4,183.2,80.3,3.16,0.29,74,HIGH,ACTIVE
TN-NIL-635110-59,The Nilgiris,Kotagiri,635110,Jackanarai,PART,306211,Kottacombai(Gram Panchayat)-Kotagiri(Panchayat Samiti)-The Nilgiris(Zila Panchayat),11.42823,76.85831,1706,27.6,277.6,43.7,52.8,205.4,83.7,3.19,0.25,83,VERY HIGH,ACTIVE
TN-NIL-635110-60,The Nilgiris,Kotagiri,635110,Jackanarai,PART,228978,Kunjappanai(Gram Panchayat)-Kotagiri(Panchayat Samiti)-The Nilgiris(Zila Panchayat),11.44968,76.91089,1702,23.5,129.8,47.6,55.4,185.2,83.3,3.5,0.26,85,VERY HIGH,ACTIVE
TN-NIL-644357-61,The Nilgiris,Kotagiri,644357,Jaganarai Slopes R.F.,PART,306211,Kottacombai(Gram Panchayat)-Kotagiri(Panchayat Samiti)-The Nilgiris(Zila Panchayat),11.43307,76.86114,1925,32.8,642.5,21.9,1.5,16.9,46.2,0.56,-0.01,20,LOW,NORMAL
TN-NIL-644357-62,The Nilgiris,Kotagiri,644357,Jaganarai Slopes R.F.,PART,228978,Kunjappanai(Gram Panchayat)-Kotagiri(Panchayat Samiti)-The Nilgiris(Zila Panchayat),11.41459,76.8788,1854,36.4,632.3,29.0,7.0,27.9,50.2,0.62,0.02,28,MODERATE,NORMAL
TN-NIL-931944-63,The Nilgiris,Kotagiri,931944,Jagathala1,FULL,252602,Jagathala(Town Panchayat),11.44653,76.84354,1837,29.3,63.4,7.1,39.6,181.3,89.9,2.58,0.23,72,HIGH,ACTIVE
TN-NIL-931946-64,The Nilgiris,Kotagiri,931946,Jagathala2,FULL,252602,Jagathala(Town Panchayat),11.43829,76.86546,1746,30.0,291.3,13.6,0.1,23.7,49.3,0.54,0.02,20,LOW,NORMAL
TN-NIL-635105-65,The Nilgiris,Kotagiri,635105,Kadinamala,FULL,228974,Kadinamala(Gram Panchayat)-Kotagiri(Panchayat Samiti)-The Nilgiris(Zila Panchayat),11.44968,76.91089,1702,23.5,129.8,47.6,55.4,185.2,83.3,3.5,0.26,85,VERY HIGH,ACTIVE
TN-NIL-635098-66,The Nilgiris,Kotagiri,635098,Kallampalayam,FULL,228981,Thengumarahada(Gram Panchayat)-Kotagiri(Panchayat Samiti)-The Nilgiris(Zila Panchayat),11.40241,76.88478,1766,25.5,329.8,36.4,61.6,213.1,84.2,2.66,0.34,86,VERY HIGH,ACTIVE
TN-NIL-635106-67,The Nilgiris,Kotagiri,635106,Kengarai1,PART,228974,Kadinamala(Gram Panchayat)-Kotagiri(Panchayat Samiti)-The Nilgiris(Zila Panchayat),11.44364,76.86104,1798,25.9,77.0,47.0,11.4,35.7,43.7,0.41,-0.02,24,MODERATE,NORMAL
TN-NIL-635106-68,The Nilgiris,Kotagiri,635106,Kengarai1,PART,228975,Kengarai(Gram Panchayat)-Kotagiri(Panchayat Samiti)-The Nilgiris(Zila Panchayat),11.38959,76.85988,1757,24.4,630.7,24.0,5.9,30.8,51.0,0.82,-0.0,24,MODERATE,NORMAL
TN-NIL-931966-69,The Nilgiris,Kotagiri,931966,Kengari2,FULL,306143,Thuneri(Gram Panchayat)-Kotagiri(Panchayat Samiti)-The Nilgiris(Zila Panchayat),11.39272,76.912,1879,26.1,448.3,34.4,15.3,104.9,57.1,1.61,0.07,39,MODERATE,NORMAL
TN-NIL-635099-70,The Nilgiris,Kotagiri,635099,Kodanad,FULL,228976,Kodanad(Gram Panchayat)-Kotagiri(Panchayat Samiti)-The Nilgiris(Zila Panchayat),11.42823,76.85831,1706,27.6,277.6,43.7,52.8,205.4,83.7,3.19,0.25,83,VERY HIGH,ACTIVE
TN-NIL-635104-71,The Nilgiris,Kotagiri,635104,Kokkode,FULL,228971,Aracode(Gram Panchayat)-Kotagiri(Panchayat Samiti)-The Nilgiris(Zila Panchayat),11.42725,76.85445,1712,26.5,329.9,37.3,2.4,12.5,51.7,0.5,0.03,24,MODERATE,NORMAL
TN-NIL-635107-72,The Nilgiris,Kotagiri,635107,Konavakorai1,PART,228977,Konavakkarai(Gram Panchayat)-Kotagiri(Panchayat Samiti)-The Nilgiris(Zila Panchayat),11.42216,76.86403,1744,28.4,142.3,15.6,43.5,183.6,81.5,2.27,0.33,72,HIGH,ACTIVE
TN-NIL-635107-73,The Nilgiris,Kotagiri,635107,Konavakorai1,PART,306212,Warwick(Gram Panchayat)-Kotagiri(Panchayat Samiti)-The Nilgiris(Zila Panchayat),11.43812,76.86971,1865,29.9,469.4,23.4,19.5,95.1,70.0,1.51,0.09,47,ELEVATED,MONITORING
TN-NIL-931967-74,The Nilgiris,Kotagiri,931967,Konavakorai2,PART,228977,Konavakkarai(Gram Panchayat)-Kotagiri(Panchayat Samiti)-The Nilgiris(Zila Panchayat),11.45792,76.90481,1795,27.7,368.9,40.3,8.5,35.4,36.3,0.98,-0.01,24,MODERATE,NORMAL
TN-NIL-931967-75,The Nilgiris,Kotagiri,931967,Konavakorai2,PART,306212,Warwick(Gram Panchayat)-Kotagiri(Panchayat Samiti)-The Nilgiris(Zila Panchayat),11.40575,76.90294,1772,23.9,373.6,15.1,2.4,39.8,50.2,0.8,-0.02,20,LOW,NORMAL
TN-NIL-635109-76,The Nilgiris,Kotagiri,635109,Kotagiri1,N/A,N/A,N/A,11.39925,76.88924,1717,27.9,469.1,10.7,41.9,187.6,89.8,3.46,0.28,78,HIGH,ACTIVE
TN-NIL-931970-77,The Nilgiris,Kotagiri,931970,Kotagiri2,PART,306209,Aravenu(Gram Panchayat)-Kotagiri(Panchayat Samiti)-The Nilgiris(Zila Panchayat),11.44667,76.8789,1716,27.0,514.6,34.6,35.1,159.6,90.1,2.87,0.3,76,HIGH,ACTIVE
TN-NIL-931970-78,The Nilgiris,Kotagiri,931970,Kotagiri2,PART,228973,Jackanarai(Gram Panchayat)-Kotagiri(Panchayat Samiti)-The Nilgiris(Zila Panchayat),11.41988,76.85621,1767,26.7,499.2,28.4,11.8,44.2,44.5,0.58,0.01,24,MODERATE,NORMAL
TN-NIL-931970-79,The Nilgiris,Kotagiri,931970,Kotagiri2,PART,306213,Kerada(Gram Panchayat)-Kotagiri(Panchayat Samiti)-The Nilgiris(Zila Panchayat),11.4551,76.85366,1795,23.6,414.7,13.5,4.6,29.7,44.0,0.49,0.02,17,LOW,NORMAL
TN-NIL-931970-80,The Nilgiris,Kotagiri,931970,Kotagiri2,PART,306210,Kesalada(Gram Panchayat)-Kotagiri(Panchayat Samiti)-The Nilgiris(Zila Panchayat),11.39231,76.88431,1844,26.9,228.9,23.4,61.1,219.5,78.2,3.33,0.24,82,VERY HIGH,ACTIVE
TN-NIL-931970-81,The Nilgiris,Kotagiri,931970,Kotagiri2,PART,306208,Sakkatha(Gram Panchayat)-Kotagiri(Panchayat Samiti)-The Nilgiris(Zila Panchayat),11.40869,76.89557,1873,26.2,260.3,41.5,53.2,167.3,83.1,2.74,0.26,80,HIGH,ACTIVE
TN-NIL-931972-82,The Nilgiris,Kotagiri,931972,Kotagiri3,FULL,252601,Kotagiri(Municipality),11.41098,76.85773,1868,29.2,197.5,16.0,6.8,30.3,44.5,1.03,-0.01,22,MODERATE,NORMAL
TN-NIL-635108-83,The Nilgiris,Kotagiri,635108,Naduhatty1,PART,228979,Naduhatty(Gram Panchayat)-Kotagiri(Panchayat Samiti)-The Nilgiris(Zila Panchayat),11.3885,76.85396,1851,26.0,568.9,29.0,61.2,186.1,80.9,2.95,0.22,82,VERY HIGH,ACTIVE
TN-NIL-635108-84,The Nilgiris,Kotagiri,635108,Naduhatty1,PART,306141,Westbrook(Gram Panchayat)-Kotagiri(Panchayat Samiti)-The Nilgiris(Zila Panchayat),11.43423,76.87412,1793,23.6,400.9,14.9,58.5,213.4,80.7,3.31,0.16,78,HIGH,ACTIVE
TN-NIL-931974-85,The Nilgiris,Kotagiri,931974,Naduhatty2,PART,306142,Gundada(Gram Panchayat)-Kotagiri(Panchayat Samiti)-The Nilgiris(Zila Panchayat),11.40884,76.9002,1877,24.3,494.0,21.0,60.2,212.0,81.8,3.71,0.19,83,VERY HIGH,ACTIVE
TN-NIL-931974-86,The Nilgiris,Kotagiri,931974,Naduhatty2,PART,228979,Naduhatty(Gram Panchayat)-Kotagiri(Panchayat Samiti)-The Nilgiris(Zila Panchayat),11.431,76.90652,1701,24.1,135.3,35.4,39.2,184.9,92.3,3.46,0.19,78,HIGH,ACTIVE
TN-NIL-931974-87,The Nilgiris,Kotagiri,931974,Naduhatty2,PART,306141,Westbrook(Gram Panchayat)-Kotagiri(Panchayat Samiti)-The Nilgiris(Zila Panchayat),11.39631,76.9082,1724,27.4,99.9,42.8,64.6,171.1,81.9,2.48,0.24,84,VERY HIGH,ACTIVE
TN-NIL-635102-88,The Nilgiris,Kotagiri,635102,Nandipuram,FULL,228971,Aracode(Gram Panchayat)-Kotagiri(Panchayat Samiti)-The Nilgiris(Zila Panchayat),11.4442,76.85095,1828,25.1,587.9,41.5,26.9,121.3,74.1,1.44,0.06,52,ELEVATED,MONITORING
TN-NIL-635100-89,The Nilgiris,Kotagiri,635100,Nedugula1,PART,306139,Milidhane(Gram Panchayat)-Kotagiri(Panchayat Samiti)-The Nilgiris(Zila Panchayat),11.46096,76.84104,1749,26.9,175.6,41.3,42.7,192.0,93.9,3.71,0.13,82,VERY HIGH,ACTIVE
TN-NIL-635100-90,The Nilgiris,Kotagiri,635100,Nedugula1,PART,228980,Nedugula(Gram Panchayat)-Kotagiri(Panchayat Samiti)-The Nilgiris(Zila Panchayat),11.4442,76.85095,1828,25.1,587.9,41.5,26.9,121.3,74.1,1.44,0.06,52,ELEVATED,MONITORING
TN-NIL-931975-91,The Nilgiris,Kotagiri,931975,Nedugula2,PART,306140,Kadikambatty(Gram Panchayat)-Kotagiri(Panchayat Samiti)-The Nilgiris(Zila Panchayat),11.42126,76.85496,1719,28.3,103.9,44.6,11.8,29.0,39.5,0.58,0.01,24,MODERATE,NORMAL
TN-NIL-931975-92,The Nilgiris,Kotagiri,931975,Nedugula2,PART,306139,Milidhane(Gram Panchayat)-Kotagiri(Panchayat Samiti)-The Nilgiris(Zila Panchayat),11.3993,76.902,1850,28.3,288.2,16.9,48.2,212.6,90.9,2.48,0.16,75,HIGH,ACTIVE
TN-NIL-644367-93,The Nilgiris,Kotagiri,644367,Nilgiri Eastern Slope R.F.,PART,228977,Konavakkarai(Gram Panchayat)-Kotagiri(Panchayat Samiti)-The Nilgiris(Zila Panchayat),11.41203,76.87037,1947,31.2,268.2,45.1,50.5,218.2,80.6,2.3,0.14,75,HIGH,ACTIVE
TN-NIL-644367-94,The Nilgiris,Kotagiri,644367,Nilgiri Eastern Slope R.F.,PART,306212,Warwick(Gram Panchayat)-Kotagiri(Panchayat Samiti)-The Nilgiris(Zila Panchayat),11.4611,76.85801,1893,30.8,471.2,10.1,19.3,77.2,63.1,1.91,0.1,44,ELEVATED,MONITORING
TN-NIL-635119-95,The Nilgiris,Kundah,635119,Balacola1,PART,228982,Balacola(Gram Panchayat)-Kundha(Panchayat Samiti)-The Nilgiris(Zila Panchayat),11.3063,76.68884,2084,33.4,121.6,21.0,7.8,22.0,30.1,1.05,-0.0,23,MODERATE,NORMAL
TN-NIL-635119-96,The Nilgiris,Kundah,635119,Balacola1,PART,306201,Thangadu(Gram Panchayat)-Kundha(Panchayat Samiti)-The Nilgiris(Zila Panchayat),11.27463,76.61795,2001,33.0,482.3,11.4,24.1,93.0,69.0,1.48,0.05,47,ELEVATED,MONITORING
TN-NIL-931981-97,The Nilgiris,Kundah,931981,Balacola2,PART,306202,Denad(Gram Panchayat)-Kundha(Panchayat Samiti)-The Nilgiris(Zila Panchayat),11.26801,76.6394,2124,28.4,274.2,24.5,15.2,112.9,75.9,1.44,0.08,46,ELEVATED,MONITORING
TN-NIL-931981-98,The Nilgiris,Kundah,931981,Balacola2,PART,306200,Deversholai(Gram Panchayat)-Kundha(Panchayat Samiti)-The Nilgiris(Zila Panchayat),11.29694,76.65248,2056,27.4,622.6,38.8,7.1,21.6,49.0,0.96,0.03,28,MODERATE,NORMAL
TN-NIL-931986-99,The Nilgiris,Kundah,931986,Bikkatty,FULL,252609,Bikkatty(Town Panchayat),11.24289,76.61274,2015,29.3,315.7,43.3,3.8,31.9,43.6,0.72,-0.02,22,MODERATE,NORMAL
TN-NIL-635117-100,The Nilgiris,Kundah,635117,Ithalar1,PART,228986,Ithalar(Gram Panchayat)-Kundha(Panchayat Samiti)-The Nilgiris(Zila Panchayat),11.25479,76.63571,2038,29.1,575.8,30.7,35.0,189.7,90.6,3.58,0.24,78,HIGH,ACTIVE
TN-NIL-635117-101,The Nilgiris,Kundah,635117,Ithalar1,PART,306207,Surendranagar(Gram Panchayat)-Kundha(Panchayat Samiti)-The Nilgiris(Zila Panchayat),11.24065,76.67148,2050,27.2,242.5,4.7,46.1,221.4,87.7,3.02,0.33,78,HIGH,ACTIVE
TN-NIL-931984-102,The Nilgiris,Kundah,931984,Ithalar2,PART,306205,Kallakorai(Gram Panchayat)-Kundha(Panchayat Samiti)-The Nilgiris(Zila Panchayat),11.2971,76.66264,2096,34.2,206.4,13.4,8.9,23.1,28.2,0.5,-0.01,20,LOW,NORMAL
TN-NIL-931984-103,The Nilgiris,Kundah,931984,Ithalar2,PART,306206,Nunthala(Gram Panchayat)-Kundha(Panchayat Samiti)-The Nilgiris(Zila Panchayat),11.24003,76.65719,2082,29.1,573.0,18.3,32.7,200.4,90.7,2.6,0.3,72,HIGH,ACTIVE
TN-NIL-931988-104,The Nilgiris,Kundah,931988,Kilkundah1,FULL,252610,Kilkunda(Town Panchayat),11.24947,76.66856,2036,27.1,645.6,44.9,40.6,155.3,79.6,2.81,0.18,72,HIGH,ACTIVE
TN-NIL-931991-105,The Nilgiris,Kundah,931991,Kilkundah2,FULL,252610,Kilkunda(Town Panchayat),11.29944,76.68246,2056,29.8,504.3,9.9,37.6,193.8,81.5,2.43,0.14,65,HIGH,ACTIVE
TN-NIL-635121-106,The Nilgiris,Kundah,635121,Kinnakkorai,FULL,306134,Kinnakorai(Gram Panchayat)-Kundha(Panchayat Samiti)-The Nilgiris(Zila Panchayat),11.30786,76.64078,2080,33.2,600.3,43.3,62.9,192.7,88.2,2.5,0.18,87,VERY HIGH,ACTIVE
TN-NIL-635120-107,The Nilgiris,Kundah,635120,Melkundah,FULL,228990,Mel Kundha(Gram Panchayat)-Kundha(Panchayat Samiti)-The Nilgiris(Zila Panchayat),11.30786,76.64078,2080,33.2,600.3,43.3,62.9,192.7,88.2,2.5,0.18,87,VERY HIGH,ACTIVE
TN-NIL-635118-108,The Nilgiris,Kundah,635118,Mulligoor,PART,306130,Emerald(Gram Panchayat)-Kundha(Panchayat Samiti)-The Nilgiris(Zila Panchayat),11.27947,76.62731,2105,30.5,269.2,45.3,32.6,184.4,82.9,2.79,0.29,73,HIGH,ACTIVE
TN-NIL-635118-109,The Nilgiris,Kundah,635118,Mulligoor,PART,228991,Mulligoor(Gram Panchayat)-Kundha(Panchayat Samiti)-The Nilgiris(Zila Panchayat),11.30786,76.64078,2080,33.2,600.3,43.3,62.9,192.7,88.2,2.5,0.18,87,VERY HIGH,ACTIVE
TN-NIL-635083-110,The Nilgiris,Panthalur,635083,Cherangode1,PART,306159,Ammankavu(Gram Panchayat)-Pandalur(Panchayat Samiti)-The Nilgiris(Zila Panchayat),11.55487,76.36117,859,20.0,65.5,23.2,6.3,42.2,39.2,0.85,0.01,17,LOW,NORMAL
TN-NIL-635083-111,The Nilgiris,Panthalur,635083,Cherangode1,PART,306158,Ayyankolli(Gram Panchayat)-Pandalur(Panchayat Samiti)-The Nilgiris(Zila Panchayat),11.51596,76.37208,860,17.5,354.6,28.4,11.2,34.0,51.8,0.5,-0.01,23,MODERATE,NORMAL
TN-NIL-635083-112,The Nilgiris,Panthalur,635083,Cherangode1,PART,306150,Cherambadi(Gram Panchayat)-Pandalur(Panchayat Samiti)-The Nilgiris(Zila Panchayat),11.53036,76.37432,998,21.0,593.0,6.9,10.2,38.4,48.3,0.98,-0.01,22,MODERATE,NORMAL
TN-NIL-635083-113,The Nilgiris,Panthalur,635083,Cherangode1,PART,228966,Cherangodu(Gram Panchayat)-Pandalur(Panchayat Samiti)-The Nilgiris(Zila Panchayat),11.54335,76.36569,833,20.7,72.3,7.4,24.8,112.0,56.3,1.96,0.08,39,MODERATE,NORMAL
TN-NIL-635083-114,The Nilgiris,Panthalur,635083,Cherangode1,PART,306151,Kaiyunni(Gram Panchayat)-Pandalur(Panchayat Samiti)-The Nilgiris(Zila Panchayat),11.51935,76.36452,1004,16.2,461.2,8.9,19.9,101.6,57.2,1.85,0.06,35,MODERATE,NORMAL
TN-NIL-635083-115,The Nilgiris,Panthalur,635083,Cherangode1,PART,306156,Kallichal(Gram Panchayat)-Pandalur(Panchayat Samiti)-The Nilgiris(Zila Panchayat),11.54077,76.36629,896,22.5,102.4,47.3,24.3,110.0,59.1,1.9,0.1,46,ELEVATED,MONITORING
TN-NIL-635083-116,The Nilgiris,Panthalur,635083,Cherangode1,PART,306157,Kolapalli(Gram Panchayat)-Pandalur(Panchayat Samiti)-The Nilgiris(Zila Panchayat),11.4825,76.3536,1005,19.2,542.4,25.6,1.4,39.9,29.9,0.83,0.02,15,LOW,NORMAL
TN-NIL-635083-117,The Nilgiris,Panthalur,635083,Cherangode1,PART,306155,Pothukolli(Gram Panchayat)-Pandalur(Panchayat Samiti)-The Nilgiris(Zila Panchayat),11.49117,76.36098,949,16.7,295.2,36.1,8.1,34.9,35.0,0.94,-0.01,19,LOW,NORMAL
TN-NIL-932030-118,The Nilgiris,Panthalur,932030,Cherangode1-Jenmam,N/A,N/A,N/A,11.53416,76.37608,955,17.3,266.3,27.8,5.6,31.6,40.7,0.93,-0.01,17,LOW,NORMAL
TN-NIL-932033-119,The Nilgiris,Panthalur,932033,Cherangode2,PART,306158,Ayyankolli(Gram Panchayat)-Pandalur(Panchayat Samiti)-The Nilgiris(Zila Panchayat),11.51712,76.37333,943,23.2,133.3,42.3,29.9,92.3,61.1,1.83,0.07,49,ELEVATED,MONITORING
TN-NIL-932033-120,The Nilgiris,Panthalur,932033,Cherangode2,PART,306150,Cherambadi(Gram Panchayat)-Pandalur(Panchayat Samiti)-The Nilgiris(Zila Panchayat),11.50071,76.3582,926,16.9,244.9,17.8,4.5,30.8,51.9,0.89,-0.02,20,LOW,NORMAL
TN-NIL-932033-121,The Nilgiris,Panthalur,932033,Cherangode2,PART,228966,Cherangodu(Gram Panchayat)-Pandalur(Panchayat Samiti)-The Nilgiris(Zila Panchayat),11.52971,76.39108,975,23.2,547.3,36.1,1.1,14.0,45.7,0.44,0.01,18,LOW,NORMAL
TN-NIL-932033-122,The Nilgiris,Panthalur,932033,Cherangode2,PART,306151,Kaiyunni(Gram Panchayat)-Pandalur(Panchayat Samiti)-The Nilgiris(Zila Panchayat),11.52483,76.36015,894,23.5,302.2,18.2,7.1,27.7,41.1,1.01,0.02,20,LOW,NORMAL
TN-NIL-932033-123,The Nilgiris,Panthalur,932033,Cherangode2,PART,306156,Kallichal(Gram Panchayat)-Pandalur(Panchayat Samiti)-The Nilgiris(Zila Panchayat),11.50044,76.38642,865,17.8,503.6,36.3,21.0,89.6,71.6,1.92,0.09,48,ELEVATED,MONITORING
TN-NIL-932033-124,The Nilgiris,Panthalur,932033,Cherangode2,PART,306155,Pothukolli(Gram Panchayat)-Pandalur(Panchayat Samiti)-The Nilgiris(Zila Panchayat),11.51548,76.36702,952,20.0,528.2,30.8,28.1,125.8,65.6,1.53,0.05,45,ELEVATED,MONITORING
TN-NIL-932036-125,The Nilgiris,Panthalur,932036,Cherangode2-Jenmam,N/A,N/A,N/A,11.55551,76.41191,964,22.3,375.6,47.3,8.5,35.9,36.4,0.96,0.02,23,MODERATE,NORMAL
TN-NIL-635080-126,The Nilgiris,Panthalur,635080,Erumad1,PART,306154,Erumadu(Gram Panchayat)-Pandalur(Panchayat Samiti)-The Nilgiris(Zila Panchayat),11.52773,76.3753,1003,16.4,91.8,24.7,2.6,19.3,48.6,0.45,0.0,16,LOW,NORMAL
TN-NIL-635080-127,The Nilgiris,Panthalur,635080,Erumad1,PART,306152,Kappala(Gram Panchayat)-Pandalur(Panchayat Samiti)-The Nilgiris(Zila Panchayat),11.48658,76.34103,871,20.8,610.5,10.6,5.9,33.6,51.4,0.88,-0.01,21,MODERATE,NORMAL
TN-NIL-635080-128,The Nilgiris,Panthalur,635080,Erumad1,PART,306153,Panachira(Gram Panchayat)-Pandalur(Panchayat Samiti)-The Nilgiris(Zila Panchayat),11.52646,76.34157,885,16.4,337.6,41.7,4.5,30.2,47.4,0.55,0.01,20,LOW,NORMAL
TN-NIL-932037-129,The Nilgiris,Panthalur,932037,Erumad2,PART,306151,Kaiyunni(Gram Panchayat)-Pandalur(Panchayat Samiti)-The Nilgiris(Zila Panchayat),11.54786,76.38023,859,17.6,109.3,40.3,21.1,99.6,64.0,1.74,0.1,44,ELEVATED,MONITORING
TN-NIL-932037-130,The Nilgiris,Panthalur,932037,Erumad2,PART,306156,Kallichal(Gram Panchayat)-Pandalur(Panchayat Samiti)-The Nilgiris(Zila Panchayat),11.48609,76.41856,903,22.2,149.1,11.5,9.8,29.3,30.5,1.05,-0.01,19,LOW,NORMAL
TN-NIL-932037-131,The Nilgiris,Panthalur,932037,Erumad2,PART,306152,Kappala(Gram Panchayat)-Pandalur(Panchayat Samiti)-The Nilgiris(Zila Panchayat),11.54168,76.3714,843,15.6,216.1,33.4,8.9,44.7,51.7,0.62,-0.01,22,MODERATE,NORMAL
TN-NIL-932037-132,The Nilgiris,Panthalur,932037,Erumad2,PART,306155,Pothukolli(Gram Panchayat)-Pandalur(Panchayat Samiti)-The Nilgiris(Zila Panchayat),11.54905,76.35045,869,17.8,99.3,22.2,4.5,24.9,41.3,0.9,0.01,16,LOW,NORMAL
TN-NIL-635081-133,The Nilgiris,Panthalur,635081,Moonanad1,PART,306164,Ambalamoola(Gram Panchayat)-Pandalur(Panchayat Samiti)-The Nilgiris(Zila Panchayat),11.5463,76.41884,954,21.9,121.6,21.0,8.3,33.9,28.8,0.46,0.03,17,LOW,NORMAL
TN-NIL-635081-134,The Nilgiris,Panthalur,635081,Moonanad1,PART,306165,Ambalavayal(Gram Panchayat)-Pandalur(Panchayat Samiti)-The Nilgiris(Zila Panchayat),11.51463,76.34795,871,21.5,482.3,11.4,10.6,31.3,39.2,0.87,-0.0,18,LOW,NORMAL
TN-NIL-932039-135,The Nilgiris,Panthalur,932039,Moonanad1-Jenmam,N/A,N/A,N/A,11.48826,76.35231,902,16.6,162.4,24.9,2.0,33.2,35.8,0.55,-0.02,12,LOW,NORMAL
TN-NIL-932041-136,The Nilgiris,Panthalur,932041,Moonanad2,PART,306164,Ambalamoola(Gram Panchayat)-Pandalur(Panchayat Samiti)-The Nilgiris(Zila Panchayat),11.51397,76.41986,911,22.4,190.5,45.5,21.1,105.6,69.1,1.43,0.04,46,ELEVATED,MONITORING
TN-NIL-932041-137,The Nilgiris,Panthalur,932041,Moonanad2,PART,306160,Bitherkad(Gram Panchayat)-Gudalur(Panchayat Samiti)-The Nilgiris(Zila Panchayat),11.49363,76.38592,968,18.0,331.5,5.8,15.9,81.3,68.6,1.48,0.05,37,MODERATE,NORMAL
TN-NIL-932041-138,The Nilgiris,Panthalur,932041,Moonanad2,PART,306161,Choladi(Gram Panchayat)-Gudalur(Panchayat Samiti)-The Nilgiris(Zila Panchayat),11.5553,76.40534,977,16.6,447.5,21.2,19.9,93.6,65.7,1.53,0.06,39,MODERATE,NORMAL
TN-NIL-932044-139,The Nilgiris,Panthalur,932044,Moonanad2-Jenmam,N/A,N/A,N/A,11.50132,76.38515,903,22.3,641.9,5.3,10.4,32.7,50.0,0.99,0.02,23,MODERATE,NORMAL
TN-NIL-635082-140,The Nilgiris,Panthalur,635082,Nelliyalam1,PART,306160,Bitherkad(Gram Panchayat)-Gudalur(Panchayat Samiti)-The Nilgiris(Zila Panchayat),11.54507,76.34175,973,16.9,538.1,15.9,2.3,25.8,46.6,1.03,-0.02,17,LOW,NORMAL
TN-NIL-635082-141,The Nilgiris,Panthalur,635082,Nelliyalam1,PART,306161,Choladi(Gram Panchayat)-Gudalur(Panchayat Samiti)-The Nilgiris(Zila Panchayat),11.49617,76.38357,985,20.5,346.4,11.8,8.3,39.9,32.7,0.49,0.02,16,LOW,NORMAL
TN-NIL-635082-142,The Nilgiris,Panthalur,635082,Nelliyalam1,PART,306163,Kunnaladi(Gram Panchayat)-Gudalur(Panchayat Samiti)-The Nilgiris(Zila Panchayat),11.5064,76.37231,891,15.7,264.3,48.0,26.4,97.6,59.8,1.72,0.1,44,ELEVATED,MONITORING
TN-NIL-635082-143,The Nilgiris,Panthalur,635082,Nelliyalam1,PART,228969,Nellakotta(Gram Panchayat)-Gudalur(Panchayat Samiti)-The Nilgiris(Zila Panchayat),11.55693,76.35207,917,22.6,415.9,24.1,7.3,34.3,49.1,1.07,0.03,25,MODERATE,NORMAL
TN-NIL-635082-144,The Nilgiris,Panthalur,635082,Nelliyalam1,PART,306162,Pakkana(Gram Panchayat)-Gudalur(Panchayat Samiti)-The Nilgiris(Zila Panchayat),11.51947,76.35731,975,19.0,269.2,45.3,15.2,97.0,61.5,1.52,0.09,40,MODERATE,NORMAL
TN-NIL-932045-145,The Nilgiris,Panthalur,932045,Nelliyalam1-Ca,N/A,N/A,N/A,11.51442,76.40535,903,23.1,75.2,35.9,16.8,102.7,56.8,1.99,0.05,40,MODERATE,NORMAL
TN-NIL-932131-146,The Nilgiris,Panthalur,932131,Nelliyalam1-Jenmam,N/A,N/A,N/A,11.52922,76.39616,899,16.4,237.5,7.3,16.2,81.6,76.0,1.33,0.1,40,MODERATE,NORMAL
TN-NIL-932046-147,The Nilgiris,Panthalur,932046,Nelliyalam2,FULL,252594,Nelliyalam(Municipality),11.53196,76.37067,925,20.8,567.1,40.6,1.1,21.8,48.2,0.67,-0.01,20,LOW,NORMAL
TN-NIL-932048-148,The Nilgiris,Panthalur,932048,Nelliyalam2-Jenmam,N/A,N/A,N/A,11.5537,76.35061,1004,19.2,104.5,45.9,22.6,98.8,73.7,1.76,0.06,50,ELEVATED,MONITORING
TN-NIL-635089-149,The Nilgiris,Udhagamandalam,635089,Ebbanad1,FULL,228984,Ebbanad(Gram Panchayat)-Udhagai(Panchayat Samiti)-The Nilgiris(Zila Panchayat),11.40416,76.66498,2253,18.0,635.4,7.5,2.3,31.9,29.9,0.72,0.02,12,LOW,NORMAL
TN-NIL-932008-150,The Nilgiris,Udhagamandalam,932008,Ebbanad2,FULL,306128,Iduhatty(Gram Panchayat)-Udhagai(Panchayat Samiti)-The Nilgiris(Zila Panchayat),11.40163,76.66217,2216,21.8,238.5,7.1,2.2,31.3,30.7,0.45,0.02,12,LOW,NORMAL
TN-NIL-635093-151,The Nilgiris,Udhagamandalam,635093,Hullathi,PART,228985,Hullathy(Gram Panchayat)-Udhagai(Panchayat Samiti)-The Nilgiris(Zila Panchayat),11.41769,76.71323,2159,22.9,551.2,46.4,3.0,24.0,39.4,0.88,0.0,20,LOW,NORMAL
TN-NIL-635093-152,The Nilgiris,Udhagamandalam,635093,Hullathi,PART,306123,Thalaikundha(Gram Panchayat)-Udhagai(Panchayat Samiti)-The Nilgiris(Zila Panchayat),11.41432,76.67027,2297,21.4,638.7,39.5,1.2,28.0,40.6,0.79,-0.0,17,LOW,NORMAL
TN-NIL-635088-153,The Nilgiris,Udhagamandalam,635088,Kadanad1,PART,306126,Chinnacoonoor(Gram Panchayat)-Udhagai(Panchayat Samiti)-The Nilgiris(Zila Panchayat),11.42634,76.6935,2239,21.7,368.1,11.6,8.4,30.6,38.8,0.63,-0.01,16,LOW,NORMAL
TN-NIL-635088-154,The Nilgiris,Udhagamandalam,635088,Kadanad1,PART,228987,Kadanad(Gram Panchayat)-Udhagai(Panchayat Samiti)-The Nilgiris(Zila Panchayat),11.39211,76.69214,2306,22.7,296.1,26.1,5.2,33.6,50.8,1.06,0.01,24,MODERATE,NORMAL
TN-NIL-932010-155,The Nilgiris,Udhagamandalam,932010,Kadanad2,PART,306127,Dhavani(Gram Panchayat)-Udhagai(Panchayat Samiti)-The Nilgiris(Zila Panchayat),11.39584,76.7101,2263,17.2,126.8,30.0,20.9,76.4,73.4,1.26,0.06,43,ELEVATED,MONITORING
TN-NIL-932010-156,The Nilgiris,Udhagamandalam,932010,Kadanad2,PART,228987,Kadanad(Gram Panchayat)-Udhagai(Panchayat Samiti)-The Nilgiris(Zila Panchayat),11.43786,76.69523,2179,18.1,109.3,40.3,21.1,99.6,64.0,1.74,0.1,44,ELEVATED,MONITORING
TN-NIL-635091-157,The Nilgiris,Udhagamandalam,635091,Kagguchi1,PART,306116,Ajjoor(Gram Panchayat)-Udhagai(Panchayat Samiti)-The Nilgiris(Zila Panchayat),11.43275,76.70314,2301,17.7,252.2,17.3,9.8,32.4,49.2,1.1,-0.01,23,MODERATE,NORMAL
TN-NIL-635091-158,The Nilgiris,Udhagamandalam,635091,Kagguchi1,PART,228988,Kagguchi(Gram Panchayat)-Udhagai(Panchayat Samiti)-The Nilgiris(Zila Panchayat),11.44297,76.70624,2152,19.0,273.3,26.1,4.7,32.0,50.9,1.01,-0.01,22,MODERATE,NORMAL
TN-NIL-932013-159,The Nilgiris,Udhagamandalam,932013,Kagguchi2,PART,306116,Ajjoor(Gram Panchayat)-Udhagai(Panchayat Samiti)-The Nilgiris(Zila Panchayat),11.44892,76.72877,2256,19.2,626.4,17.5,8.3,37.9,50.8,0.61,0.02,22,MODERATE,NORMAL
TN-NIL-932013-160,The Nilgiris,Udhagamandalam,932013,Kagguchi2,PART,306118,T. Manihatty(Gram Panchayat)-Udhagai(Panchayat Samiti)-The Nilgiris(Zila Panchayat),11.40612,76.66852,2163,17.4,290.8,21.0,15.0,101.2,56.7,1.36,0.07,32,MODERATE,NORMAL
TN-NIL-635090-161,The Nilgiris,Udhagamandalam,635090,Kukkal,PART,228989,Kookal(Gram Panchayat)-Udhagai(Panchayat Samiti)-The Nilgiris(Zila Panchayat),11.3897,76.72084,2245,16.0,628.7,24.9,22.1,99.9,69.9,1.3,0.08,42,ELEVATED,MONITORING
TN-NIL-635090-162,The Nilgiris,Udhagamandalam,635090,Kukkal,PART,306129,Kookalthorai(Gram Panchayat)-Udhagai(Panchayat Samiti)-The Nilgiris(Zila Panchayat),11.41958,76.66686,2192,19.2,280.6,29.3,28.5,98.9,75.9,1.73,0.04,51,ELEVATED,MONITORING
TN-NIL-635087-163,The Nilgiris,Udhagamandalam,635087,Masinagudi,PART,228967,Masinagudi(Gram Panchayat)-Gudalur(Panchayat Samiti)-The Nilgiris(Zila Panchayat),11.4441,76.6877,2238,16.7,341.7,24.4,10.0,37.9,31.9,0.43,-0.01,16,LOW,NORMAL
TN-NIL-635087-164,The Nilgiris,Udhagamandalam,635087,Masinagudi,PART,306149,Mavanallah(Gram Panchayat)-Gudalur(Panchayat Samiti)-The Nilgiris(Zila Panchayat),11.3897,76.72084,2245,16.0,628.7,24.9,22.1,99.9,69.9,1.3,0.08,42,ELEVATED,MONITORING
TN-NIL-932015-165,The Nilgiris,Udhagamandalam,932015,Naduvattam,FULL,252599,Naduvattam(Town Panchayat),11.41728,76.72465,2249,20.0,342.1,41.1,6.5,34.9,46.4,0.85,0.02,23,MODERATE,NORMAL
TN-NIL-635094-166,The Nilgiris,Udhagamandalam,635094,Nanjanad1,PART,306197,Melcowhatty(Gram Panchayat)-Udhagai(Panchayat Samiti)-The Nilgiris(Zila Panchayat),11.41435,76.69117,2287,23.9,596.0,39.5,11.9,33.9,32.2,0.92,0.02,24,MODERATE,NORMAL
TN-NIL-635094-167,The Nilgiris,Udhagamandalam,635094,Nanjanad1,PART,306198,M.Palada(Gram Panchayat)-Udhagai(Panchayat Samiti)-The Nilgiris(Zila Panchayat),11.3943,76.70224,2232,21.6,151.1,18.4,10.0,30.9,36.2,0.44,-0.0,17,LOW,NORMAL
TN-NIL-635094-168,The Nilgiris,Udhagamandalam,635094,Nanjanad1,PART,228992,Nanjanad(Gram Panchayat)-Udhagai(Panchayat Samiti)-The Nilgiris(Zila Panchayat),11.37057,76.68312,2178,21.5,564.0,44.6,0.9,15.0,28.5,0.87,0.02,18,LOW,NORMAL
TN-NIL-635094-169,The Nilgiris,Udhagamandalam,635094,Nanjanad1,PART,306199,Porthiyada(Gram Panchayat)-Udhagai(Panchayat Samiti)-The Nilgiris(Zila Panchayat),11.40969,76.66876,2165,17.6,370.6,30.9,2.2,32.5,35.7,0.79,-0.02,15,LOW,NORMAL
TN-NIL-932018-170,The Nilgiris,Udhagamandalam,932018,Nanjanad2,PART,306196,Kuruthukuli(Gram Panchayat)-Udhagai(Panchayat Samiti)-The Nilgiris(Zila Panchayat),11.42985,76.65578,2305,21.4,70.5,18.1,15.8,89.4,70.4,1.54,0.09,41,ELEVATED,MONITORING
TN-NIL-932018-171,The Nilgiris,Udhagamandalam,932018,Nanjanad2,PART,306197,Melcowhatty(Gram Panchayat)-Udhagai(Panchayat Samiti)-The Nilgiris(Zila Panchayat),11.41076,76.72408,2310,23.7,291.9,5.4,0.0,30.9,50.9,0.84,-0.01,18,LOW,NORMAL
TN-NIL-932021-172,The Nilgiris,Udhagamandalam,932021,Sholur,FULL,252598,Sholur(Town Panchayat),11.42196,76.68567,2245,21.3,567.1,40.6,1.1,21.8,48.2,0.67,-0.01,20,LOW,NORMAL
TN-NIL-635096-173,The Nilgiris,Udhagamandalam,635096,Thummanatty1,PART,306119,Kenthorai(Gram Panchayat)-Udhagai(Panchayat Samiti)-The Nilgiris(Zila Panchayat),11.44642,76.66969,2286,17.7,184.3,10.4,20.1,84.8,73.7,1.69,0.11,44,ELEVATED,MONITORING
TN-NIL-635096-174,The Nilgiris,Udhagamandalam,635096,Thummanatty1,PART,228993,Thummanatty(Gram Panchayat)-Udhagai(Panchayat Samiti)-The Nilgiris(Zila Panchayat),11.39735,76.6943,2182,23.6,96.7,25.8,2.2,12.2,32.3,0.81,0.03,17,LOW,NORMAL
TN-NIL-932022-175,The Nilgiris,Udhagamandalam,932022,Thummanatty2,PART,306121,Baralatty(Gram Panchayat)-Udhagai(Panchayat Samiti)-The Nilgiris(Zila Panchayat),11.38839,76.67824,2218,23.9,145.5,36.3,9.5,37.3,37.0,0.41,0.0,20,LOW,NORMAL
TN-NIL-932022-176,The Nilgiris,Udhagamandalam,932022,Thummanatty2,PART,306120,Mynalai(Gram Panchayat)-Udhagai(Panchayat Samiti)-The Nilgiris(Zila Panchayat),11.39517,76.73115,2189,16.3,483.0,7.5,0.9,18.4,35.0,0.58,0.01,10,LOW,NORMAL
TN-NIL-635092-177,The Nilgiris,Udhagamandalam,635092,Thuneri,PART,306124,Anikorai(Gram Panchayat)-Udhagai(Panchayat Samiti)-The Nilgiris(Zila Panchayat),11.44642,76.66969,2286,17.7,184.3,10.4,20.1,84.8,73.7,1.69,0.11,44,ELEVATED,MONITORING
TN-NIL-635092-178,The Nilgiris,Udhagamandalam,635092,Thuneri,PART,306125,Thoraihatty(Gram Panchayat)-Udhagai(Panchayat Samiti)-The Nilgiris(Zila Panchayat),11.39735,76.6943,2182,23.6,96.7,25.8,2.2,12.2,32.3,0.81,0.03,17,LOW,NORMAL
TN-NIL-635092-179,The Nilgiris,Udhagamandalam,635092,Thuneri,PART,228994,Thuneri(Gram Panchayat)-Udhagai(Panchayat Samiti)-The Nilgiris(Zila Panchayat),11.41357,76.67682,2170,20.9,642.5,25.1,6.9,30.8,39.3,0.48,-0.01,16,LOW,NORMAL
TN-NIL-635095-180,The Nilgiris,Udhagamandalam,635095,Udhagai Rural,PART,306122,Adasholai(Gram Panchayat)-Udhagai(Panchayat Samiti)-The Nilgiris(Zila Panchayat),11.41367,76.71717,2198,18.0,561.6,8.4,6.1,35.4,33.0,0.86,0.03,15,LOW,NORMAL
TN-NIL-635095-181,The Nilgiris,Udhagamandalam,635095,Udhagai Rural,PART,228983,Doddabetta(Gram Panchayat)-Udhagai(Panchayat Samiti)-The Nilgiris(Zila Panchayat),11.38477,76.68804,2270,18.7,433.0,6.5,1.4,21.9,42.9,0.79,-0.02,13,LOW,NORMAL
TN-NIL-933767-182,The Nilgiris,Udhagamandalam,933767,Udhagai Town - East,FULL,252600,Udhagamandalam(Municipality),11.3899,76.66744,2279,16.6,635.6,40.1,2.5,22.5,33.2,0.48,-0.02,14,LOW,NORMAL
TN-NIL-933769-183,The Nilgiris,Udhagamandalam,933769,Udhagai Town - West,FULL,252600,Udhagamandalam(Municipality),11.40292,76.65652,2162,22.6,493.5,19.8,6.4,43.1,45.3,1.01,-0.01,21,MODERATE,NORMAL
TN-DGL-635433-1,Dindigul,Athoor,635433,Aiyampalayam,PART,223252,Ayyankottai(Gram Panchayat)-Athoor(Panchayat Samiti)-Dindigul(Zila Panchayat),10.2796,77.87658,378,12.4,331.6,36.4,3.5,29.5,31.8,0.96,-0.01,15,LOW,NORMAL
TN-DGL-635433-2,Dindigul,Athoor,635433,Aiyampalayam,PART,223255,Devarappanpatti(Gram Panchayat)-Athoor(Panchayat Samiti)-Dindigul(Zila Panchayat),10.31635,77.81191,430,10.7,112.8,25.5,8.5,46.6,36.8,0.43,-0.02,13,LOW,NORMAL
TN-DGL-635418-3,Dindigul,Athoor,635418,Alamarathupatti,FULL,223249,Alamarathupatti(Gram Panchayat)-Athoor(Panchayat Samiti)-Dindigul(Zila Panchayat),10.2861,77.82245,279,11.4,441.6,28.7,7.3,29.1,34.2,0.65,0.01,15,LOW,NORMAL
TN-DGL-635429-4,Dindigul,Athoor,635429,Ambathurai,FULL,223250,Ambathurai(Gram Panchayat)-Athoor(Panchayat Samiti)-Dindigul(Zila Panchayat),10.30318,77.86214,320,10.4,515.2,18.0,3.7,21.3,32.6,0.76,0.0,11,LOW,NORMAL
TN-DGL-635424-5,Dindigul,Athoor,635424,Athoor,FULL,223251,Athoor(Gram Panchayat)-Athoor(Panchayat Samiti)-Dindigul(Zila Panchayat),10.31565,77.87027,305,9.6,309.4,10.1,22.4,99.2,73.7,1.26,0.08,40,MODERATE,NORMAL
TN-DGL-635431-6,Dindigul,Athoor,635431,Bodikamanvadi,FULL,223253,Bodikamanvadi(Gram Panchayat)-Athoor(Panchayat Samiti)-Dindigul(Zila Panchayat),10.30317,77.83671,428,8.9,228.6,30.0,11.6,36.1,50.8,0.97,0.02,23,MODERATE,NORMAL
TN-DGL-635425-7,Dindigul,Athoor,635425,Jivalsaragu,FULL,223257,Jeevalsaragu(Gram Panchayat)-Athoor(Panchayat Samiti)-Dindigul(Zila Panchayat),10.28915,77.85666,382,10.7,570.2,35.9,7.2,41.1,38.6,0.62,0.01,15,LOW,NORMAL
TN-DGL-635426-8,Dindigul,Athoor,635426,Kalikkampatti,FULL,223258,Kalikkampatti(Gram Panchayat)-Athoor(Panchayat Samiti)-Dindigul(Zila Panchayat),10.2796,77.87658,378,12.4,331.6,36.4,3.5,29.5,31.8,0.96,-0.01,15,LOW,NORMAL
TN-DGL-932404-9,Dindigul,Athoor,932404,Kannivadimalai South,N/A,N/A,N/A,10.29938,77.83405,370,9.1,111.5,38.7,24.0,107.0,64.6,1.48,0.08,41,ELEVATED,MONITORING
TN-DGL-635427-10,Dindigul,Athoor,635427,Kilakottai,PART,223254,Chettiapatti(Gram Panchayat)-Athoor(Panchayat Samiti)-Dindigul(Zila Panchayat),10.30317,77.83671,428,8.9,228.6,30.0,11.6,36.1,50.8,0.97,0.02,23,MODERATE,NORMAL
TN-DGL-635427-11,Dindigul,Athoor,635427,Kilakottai,PART,223256,Gandhigramam(Gram Panchayat)-Athoor(Panchayat Samiti)-Dindigul(Zila Panchayat),10.30335,77.81312,347,14.3,255.2,44.9,18.6,93.8,74.4,1.37,0.1,45,ELEVATED,MONITORING
TN-DGL-635415-12,Dindigul,Athoor,635415,Kummampatti,FULL,223269,Veerakkal(Gram Panchayat)-Athoor(Panchayat Samiti)-Dindigul(Zila Panchayat),10.30447,77.85148,341,15.6,357.4,22.8,4.3,27.5,38.0,0.53,-0.02,13,LOW,NORMAL
TN-DGL-635423-13,Dindigul,Athoor,635423,Manalur,FULL,223259,Manaloor(Gram Panchayat)-Athoor(Panchayat Samiti)-Dindigul(Zila Panchayat),10.2559,77.84952,357,12.8,385.1,37.2,5.2,42.4,32.2,0.58,-0.0,15,LOW,NORMAL
TN-DGL-635420-14,Dindigul,Athoor,635420,Munnilakottai,FULL,223260,Munnilaikottai(Gram Panchayat)-Athoor(Panchayat Samiti)-Dindigul(Zila Panchayat),10.2796,77.87658,378,12.4,331.6,36.4,3.5,29.5,31.8,0.96,-0.01,15,LOW,NORMAL
TN-DGL-931905-15,Dindigul,Athoor,931905,Narasingapuram,FULL,252710,Sithayankottai(Town Panchayat),10.31092,77.84094,279,12.8,311.4,35.9,3.2,15.1,41.4,0.8,0.01,15,LOW,NORMAL
TN-DGL-635430-16,Dindigul,Athoor,635430,Palayamkottai,FULL,223262,Palayankottai(Gram Panchayat)-Athoor(Panchayat Samiti)-Dindigul(Zila Panchayat),10.31859,77.88392,284,10.8,356.2,43.5,2.6,31.0,42.3,0.61,-0.0,15,LOW,NORMAL
TN-DGL-635421-17,Dindigul,Athoor,635421,Panjanpatti (N),FULL,223261,N. Panjampatti(Gram Panchayat)-Athoor(Panchayat Samiti)-Dindigul(Zila Panchayat),10.30335,77.81312,347,14.3,255.2,44.9,18.6,93.8,74.4,1.37,0.1,45,ELEVATED,MONITORING
TN-DGL-635422-18,Dindigul,Athoor,635422,Paraipatti,PART,223248,Akkaraipatti(Gram Panchayat)-Athoor(Panchayat Samiti)-Dindigul(Zila Panchayat),10.31231,77.82243,280,15.3,630.7,42.9,0.9,10.2,41.5,0.51,-0.0,15,LOW,NORMAL
TN-DGL-635422-19,Dindigul,Athoor,635422,Paraipatti,PART,223263,Paraipatti(Gram Panchayat)-Athoor(Panchayat Samiti)-Dindigul(Zila Panchayat),10.27432,77.83378,360,9.8,223.9,15.5,16.3,76.0,57.1,1.55,0.04,30,MODERATE,NORMAL
TN-DGL-635417-20,Dindigul,Athoor,635417,Pillayarnattam,FULL,223264,Pillayarnatham(Gram Panchayat)-Athoor(Panchayat Samiti)-Dindigul(Zila Panchayat),10.30317,77.83671,428,8.9,228.6,30.0,11.6,36.1,50.8,0.97,0.02,23,MODERATE,NORMAL
TN-DGL-635416-21,Dindigul,Athoor,635416,Pithalaipatti,FULL,223265,Pithalaipatti(Gram Panchayat)-Athoor(Panchayat Samiti)-Dindigul(Zila Panchayat),10.30317,77.83671,428,8.9,228.6,30.0,11.6,36.1,50.8,0.97,0.02,23,MODERATE,NORMAL
TN-DGL-635432-22,Dindigul,Athoor,635432,Sitharevu,PART,306099,Singarakottai(Gram Panchayat)-Athoor(Panchayat Samiti)-Dindigul(Zila Panchayat),10.31926,77.88542,370,15.1,630.8,15.6,11.1,35.6,34.3,0.45,-0.01,15,LOW,NORMAL
TN-DGL-635432-23,Dindigul,Athoor,635432,Sitharevu,PART,223266,Sitharevu(Gram Panchayat)-Athoor(Panchayat Samiti)-Dindigul(Zila Panchayat),10.27064,77.81543,436,8.6,304.4,42.3,29.3,117.0,74.4,1.87,0.06,50,ELEVATED,MONITORING
TN-DGL-635428-24,Dindigul,Athoor,635428,Toppampatti,FULL,223267,Thoppampatti(Gram Panchayat)-Athoor(Panchayat Samiti)-Dindigul(Zila Panchayat),10.31636,77.86821,357,10.0,422.7,29.2,3.7,31.9,34.7,0.57,0.02,12,LOW,NORMAL
TN-DGL-635419-25,Dindigul,Athoor,635419,Vakkampatti,FULL,223268,Vakkampatti(Gram Panchayat)-Athoor(Panchayat Samiti)-Dindigul(Zila Panchayat),10.28517,77.82549,335,9.8,112.2,45.6,10.6,35.4,43.5,0.55,-0.01,19,LOW,NORMAL
TN-DGL-635414-26,Dindigul,Athoor,635414,Virakkal,FULL,223269,Veerakkal(Gram Panchayat)-Athoor(Panchayat Samiti)-Dindigul(Zila Panchayat),10.31231,77.82243,280,15.3,630.7,42.9,0.9,10.2,41.5,0.51,-0.0,15,LOW,NORMAL
TN-DGL-961231-27,Dindigul,Dindiguleast,961231,Adiyanuthu East,N/A,N/A,N/A,10.34085,78.0534,320,5.5,450.0,24.5,4.9,37.9,41.0,1.05,0.0,13,LOW,NORMAL
TN-DGL-635413-28,Dindigul,Dindiguleast,635413,Adiyanuthu West,FULL,223271,Adiyanuthu(Gram Panchayat)-Dindigul(Panchayat Samiti)-Dindigul(Zila Panchayat),10.36932,78.03378,290,6.3,223.9,15.5,16.3,76.0,57.1,1.55,0.04,29,MODERATE,NORMAL
TN-DGL-635354-29,Dindigul,Dindiguleast,635354,Ammakulathupatti,FULL,223282,Thamaraipadi(Gram Panchayat)-Dindigul(Panchayat Samiti)-Dindigul(Zila Panchayat),10.38171,78.05561,276,5.4,288.4,16.0,3.6,34.7,48.5,1.09,-0.02,15,LOW,NORMAL
TN-DGL-635393-30,Dindigul,Dindiguleast,635393,Anjukulipatti,FULL,223441,Anjukulipatti(Gram Panchayat)-Shanarpatti(Panchayat Samiti)-Dindigul(Zila Panchayat),10.41641,78.08681,286,9.6,113.4,13.0,2.5,30.0,43.9,1.08,-0.0,13,LOW,NORMAL
TN-DGL-635380-31,Dindigul,Dindiguleast,635380,A.Vellodu,FULL,223270,A.Vellodu(Gram Panchayat)-Dindigul(Panchayat Samiti)-Dindigul(Zila Panchayat),10.36323,78.08738,361,8.1,461.7,25.1,5.5,39.4,38.1,0.96,-0.0,13,LOW,NORMAL
TN-DGL-635403-32,Dindigul,Dindiguleast,635403,A.Vellodu R.F.,FULL,223270,A.Vellodu(Gram Panchayat)-Dindigul(Panchayat Samiti)-Dindigul(Zila Panchayat),10.41135,78.01191,440,9.0,112.8,25.5,21.0,111.1,75.1,1.49,0.04,42,ELEVATED,MONITORING
TN-DGL-635386-33,Dindigul,Dindiguleast,635386,Avilipatti,FULL,223442,Avilipatti(Gram Panchayat)-Shanarpatti(Panchayat Samiti)-Dindigul(Zila Panchayat),10.40753,78.07396,243,12.3,194.0,31.0,7.6,45.7,39.1,1.05,-0.01,17,LOW,NORMAL
TN-DGL-635412-34,Dindigul,Dindiguleast,635412,Balakrishnapuram (Ct),FULL,223273,Balakrishnapuram(Gram Panchayat)-Dindigul(Panchayat Samiti)-Dindigul(Zila Panchayat),10.41359,78.08392,214,7.3,356.2,43.5,2.6,31.0,42.3,0.61,-0.0,14,LOW,NORMAL
TN-DGL-635395-35,Dindigul,Dindiguleast,635395,Emakkalapuram,FULL,223443,Emakalapuram(Gram Panchayat)-Shanarpatti(Panchayat Samiti)-Dindigul(Zila Panchayat),10.36099,78.02439,346,7.4,358.2,10.9,9.2,25.5,36.3,0.78,-0.0,12,LOW,NORMAL
TN-DGL-635388-36,Dindigul,Dindiguleast,635388,Jothampatti,FULL,223457,Thimmananallur(Gram Panchayat)-Shanarpatti(Panchayat Samiti)-Dindigul(Zila Panchayat),10.37371,78.0835,304,9.3,585.4,8.8,20.1,111.8,64.5,1.69,0.05,35,MODERATE,NORMAL
TN-DGL-635357-37,Dindigul,Dindiguleast,635357,Kambiliampatti,FULL,223444,Kambiliampatti(Gram Panchayat)-Shanarpatti(Panchayat Samiti)-Dindigul(Zila Panchayat),10.40838,78.06793,274,5.5,334.6,41.9,6.9,36.0,48.0,1.05,-0.0,20,LOW,NORMAL
TN-DGL-635399-38,Dindigul,Dindiguleast,635399,Kanavaipatti,FULL,223445,Kanavaipatti(Gram Panchayat)-Shanarpatti(Panchayat Samiti)-Dindigul(Zila Panchayat),10.39817,78.03671,358,5.4,228.6,30.0,11.6,36.1,50.8,0.97,0.02,22,MODERATE,NORMAL
TN-DGL-635398-39,Dindigul,Dindiguleast,635398,Kombaipatti,FULL,223446,Kombaipatti(Gram Panchayat)-Shanarpatti(Panchayat Samiti)-Dindigul(Zila Panchayat),10.39817,78.03671,358,5.4,228.6,30.0,11.6,36.1,50.8,0.97,0.02,22,MODERATE,NORMAL
TN-DGL-635394-40,Dindigul,Dindiguleast,635394,Konapatti,FULL,223453,Shanarpatti(Gram Panchayat)-Shanarpatti(Panchayat Samiti)-Dindigul(Zila Panchayat),10.3746,78.07658,308,8.9,331.6,36.4,3.5,29.5,31.8,0.96,-0.01,14,LOW,NORMAL
TN-DGL-635379-41,Dindigul,Dindiguleast,635379,Koovanuthu,FULL,223447,Koovanuthu(Gram Panchayat)-Shanarpatti(Panchayat Samiti)-Dindigul(Zila Panchayat),10.4104,78.03563,333,11.7,249.5,15.6,18.1,116.8,73.8,1.47,0.1,40,MODERATE,NORMAL
TN-DGL-635358-42,Dindigul,Dindiguleast,635358,Kovilur,FULL,223276,M.M.Kovilur(Gram Panchayat)-Dindigul(Panchayat Samiti)-Dindigul(Zila Panchayat),10.35602,78.07365,374,10.9,604.2,20.6,0.1,37.1,38.6,0.84,-0.01,10,LOW,NORMAL
TN-DGL-635371-43,Dindigul,Dindiguleast,635371,Madur,FULL,223448,Madur(Gram Panchayat)-Shanarpatti(Panchayat Samiti)-Dindigul(Zila Panchayat),10.38987,78.0898,257,7.3,274.8,17.8,10.5,25.8,39.4,0.78,-0.0,14,LOW,NORMAL
TN-DGL-635387-44,Dindigul,Dindiguleast,635387,Maranuthu,FULL,223449,Marunoothu(Gram Panchayat)-Shanarpatti(Panchayat Samiti)-Dindigul(Zila Panchayat),10.36923,78.06464,203,4.6,466.9,5.0,1.3,36.4,43.0,0.98,0.02,9,LOW,NORMAL
TN-DGL-635374-45,Dindigul,Dindiguleast,635374,Markkampatti,FULL,223458,V. S. Kottai(Gram Panchayat)-Shanarpatti(Panchayat Samiti)-Dindigul(Zila Panchayat),10.40753,78.07396,243,12.3,194.0,31.0,7.6,45.7,39.1,1.05,-0.01,17,LOW,NORMAL
TN-DGL-635353-46,Dindigul,Dindiguleast,635353,Mullipadi,FULL,223277,Mullipadi(Gram Panchayat)-Dindigul(Panchayat Samiti)-Dindigul(Zila Panchayat),10.36541,78.08056,366,7.8,591.8,32.4,10.1,38.3,33.1,0.4,0.01,14,LOW,NORMAL
TN-DGL-635383-47,Dindigul,Dindiguleast,635383,Panjampatti (T),FULL,223455,T. Panjampatti(Gram Panchayat)-Shanarpatti(Panchayat Samiti)-Dindigul(Zila Panchayat),10.36099,78.02439,346,7.4,358.2,10.9,9.2,25.5,36.3,0.78,-0.0,12,LOW,NORMAL
TN-DGL-635359-48,Dindigul,Dindiguleast,635359,Periyakottai,FULL,223279,Periakottai(Gram Panchayat)-Dindigul(Panchayat Samiti)-Dindigul(Zila Panchayat),10.35822,78.04585,238,11.7,396.7,31.4,9.9,29.7,36.0,0.75,0.03,17,LOW,NORMAL
TN-DGL-635389-49,Dindigul,Dindiguleast,635389,Pudupatti,FULL,223458,V. S. Kottai(Gram Panchayat)-Shanarpatti(Panchayat Samiti)-Dindigul(Zila Panchayat),10.39835,78.01312,277,10.8,255.2,44.9,18.6,93.8,74.4,1.37,0.1,44,ELEVATED,MONITORING
TN-DGL-635378-50,Dindigul,Dindiguleast,635378,Ragalapuram,FULL,223450,Ragalapuram(Gram Panchayat)-Shanarpatti(Panchayat Samiti)-Dindigul(Zila Panchayat),10.34146,78.04325,251,7.1,490.3,39.6,7.2,27.6,46.6,0.78,-0.0,18,LOW,NORMAL
TN-DGL-635370-51,Dindigul,Dindiguleast,635370,Rajakkapatti,FULL,223451,Rajakkapatti(Gram Panchayat)-Shanarpatti(Panchayat Samiti)-Dindigul(Zila Panchayat),10.3811,78.02245,209,7.9,441.6,28.7,7.3,29.1,34.2,0.65,0.01,13,LOW,NORMAL
TN-DGL-635390-52,Dindigul,Dindiguleast,635390,Sakkiliankodai,FULL,223445,Kanavaipatti(Gram Panchayat)-Shanarpatti(Panchayat Samiti)-Dindigul(Zila Panchayat),10.39181,78.03011,245,9.1,547.7,7.0,11.4,30.9,39.6,0.87,-0.0,14,LOW,NORMAL
TN-DGL-635356-53,Dindigul,Dindiguleast,635356,Sengurichi,FULL,223452,Sengurichi(Gram Panchayat)-Shanarpatti(Panchayat Samiti)-Dindigul(Zila Panchayat),10.36259,78.04875,262,7.0,417.3,46.8,28.9,101.1,71.6,1.4,0.1,47,ELEVATED,MONITORING
TN-DGL-635384-54,Dindigul,Dindiguleast,635384,Shanarpatti,FULL,223453,Shanarpatti(Gram Panchayat)-Shanarpatti(Panchayat Samiti)-Dindigul(Zila Panchayat),10.39835,78.01312,277,10.8,255.2,44.9,18.6,93.8,74.4,1.37,0.1,44,ELEVATED,MONITORING
TN-DGL-635372-55,Dindigul,Dindiguleast,635372,Siluvathur,FULL,223454,Siluvathur(Gram Panchayat)-Shanarpatti(Panchayat Samiti)-Dindigul(Zila Panchayat),10.39947,78.05148,271,12.1,357.4,22.8,4.3,27.5,38.0,0.53,-0.02,11,LOW,NORMAL
TN-DGL-635397-56,Dindigul,Dindiguleast,635397,Sirumalai,FULL,223281,Sirumalai(Gram Panchayat)-Dindigul(Panchayat Samiti)-Dindigul(Zila Panchayat),10.40496,78.08805,222,11.5,416.8,19.7,24.7,108.1,73.4,1.41,0.1,44,ELEVATED,MONITORING
TN-DGL-635407-57,Dindigul,Dindiguleast,635407,Sirumalai R.F.,FULL,223441,Anjukulipatti(Gram Panchayat)-Shanarpatti(Panchayat Samiti)-Dindigul(Zila Panchayat),10.40975,78.03032,402,7.5,451.4,35.7,4.5,37.0,40.6,0.61,-0.0,13,LOW,NORMAL
TN-DGL-635404-58,Dindigul,Dindiguleast,635404,Sirumalai R.F.(Northern East),FULL,223271,Adiyanuthu(Gram Panchayat)-Dindigul(Panchayat Samiti)-Dindigul(Zila Panchayat),10.41333,78.05422,306,10.4,603.5,45.0,10.9,42.5,39.6,0.79,0.03,19,LOW,NORMAL
TN-DGL-635355-59,Dindigul,Dindiguleast,635355,Tamaraipadi,FULL,223282,Thamaraipadi(Gram Panchayat)-Dindigul(Panchayat Samiti)-Dindigul(Zila Panchayat),10.38987,78.0898,257,7.3,274.8,17.8,10.5,25.8,39.4,0.78,-0.0,14,LOW,NORMAL
TN-DGL-635396-60,Dindigul,Dindiguleast,635396,Tavasimadai,FULL,223456,Thavasimadai(Gram Panchayat)-Shanarpatti(Panchayat Samiti)-Dindigul(Zila Panchayat),10.36078,78.04297,230,11.5,264.5,22.5,4.0,27.3,38.2,1.07,0.01,14,LOW,NORMAL
TN-DGL-635377-61,Dindigul,Dindiguleast,635377,Thetthampatti,FULL,223459,V. T. Patti(Gram Panchayat)-Shanarpatti(Panchayat Samiti)-Dindigul(Zila Panchayat),10.39835,78.01312,277,10.8,255.2,44.9,18.6,93.8,74.4,1.37,0.1,44,ELEVATED,MONITORING
TN-DGL-635391-62,Dindigul,Dindiguleast,635391,Thimmananallur,FULL,223457,Thimmananallur(Gram Panchayat)-Shanarpatti(Panchayat Samiti)-Dindigul(Zila Panchayat),10.40496,78.08805,222,11.5,416.8,19.7,24.7,108.1,73.4,1.41,0.1,44,ELEVATED,MONITORING
TN-DGL-635369-63,Dindigul,Dindiguleast,635369,Thottanuthu,FULL,223283,Thottanuthu(Gram Panchayat)-Dindigul(Panchayat Samiti)-Dindigul(Zila Panchayat),10.38415,78.05666,312,7.2,570.2,35.9,7.2,41.1,38.6,0.62,0.01,14,LOW,NORMAL
TN-DGL-635382-64,Dindigul,Dindiguleast,635382,Vadakattupatti,FULL,223456,Thavasimadai(Gram Panchayat)-Shanarpatti(Panchayat Samiti)-Dindigul(Zila Panchayat),10.41359,78.08392,214,7.3,356.2,43.5,2.6,31.0,42.3,0.61,-0.0,14,LOW,NORMAL
TN-DGL-635375-65,Dindigul,Dindiguleast,635375,Vajraservaikarankottai,FULL,223458,V. S. Kottai(Gram Panchayat)-Shanarpatti(Panchayat Samiti)-Dindigul(Zila Panchayat),10.40731,78.02243,210,11.8,630.7,42.9,0.9,10.2,41.5,0.51,-0.0,13,LOW,NORMAL
TN-DGL-635373-66,Dindigul,Dindiguleast,635373,Vanganmanuthu,FULL,223454,Siluvathur(Gram Panchayat)-Shanarpatti(Panchayat Samiti)-Dindigul(Zila Panchayat),10.34649,78.05358,319,6.4,296.9,29.9,22.2,101.6,67.5,1.23,0.1,38,MODERATE,NORMAL
TN-DGL-635376-67,Dindigul,Dindiguleast,635376,Vathilathoppampatti,FULL,223459,V. T. Patti(Gram Panchayat)-Shanarpatti(Panchayat Samiti)-Dindigul(Zila Panchayat),10.36505,78.03291,267,6.4,245.7,45.9,22.3,81.4,61.0,1.56,0.06,38,MODERATE,NORMAL
TN-DGL-635392-68,Dindigul,Dindiguleast,635392,Vembarpatti,FULL,223461,Vembarpatti(Gram Panchayat)-Shanarpatti(Panchayat Samiti)-Dindigul(Zila Panchayat),10.38517,78.0853,344,8.0,618.8,26.3,22.9,100.7,73.4,1.58,0.04,42,ELEVATED,MONITORING
TN-DGL-635381-69,Dindigul,Dindiguleast,635381,Viralipatti,FULL,223456,Thavasimadai(Gram Panchayat)-Shanarpatti(Panchayat Samiti)-Dindigul(Zila Panchayat),10.37548,78.07361,331,8.1,243.4,21.1,7.6,29.9,30.8,0.75,0.01,13,LOW,NORMAL
TN-DGL-635385-70,Dindigul,Dindiguleast,635385,Virasinnampatti,FULL,223460,Veerasinnampatti(Gram Panchayat)-Shanarpatti(Panchayat Samiti)-Dindigul(Zila Panchayat),10.36564,78.01543,366,5.1,304.4,42.3,29.3,117.0,74.4,1.87,0.06,48,ELEVATED,MONITORING
TN-DGL-635366-71,Dindigul,Dindigulwest,635366,Adalur,FULL,223417,Adaloor(Gram Panchayat)-Reddiarchatram(Panchayat Samiti)-Dindigul(Zila Panchayat),10.37817,77.90671,378,6.9,228.6,30.0,11.6,36.1,50.8,0.97,0.02,22,MODERATE,NORMAL
TN-DGL-932627-72,Dindigul,Dindigulwest,932627,Agaram,FULL,252702,Agaram(Town Panchayat),10.36207,77.95426,288,13.8,130.9,43.7,1.7,28.6,32.8,0.92,0.0,16,LOW,NORMAL
TN-DGL-635345-73,Dindigul,Dindigulwest,635345,Alagupatti,FULL,223418,Alagupatti(Gram Panchayat)-Reddiarchatram(Panchayat Samiti)-Dindigul(Zila Panchayat),10.33119,77.95196,315,9.4,519.9,31.8,10.2,25.4,44.1,0.45,0.02,17,LOW,NORMAL
TN-DGL-932645-74,Dindigul,Dindigulwest,932645,Alakkuvarpatty,FULL,223274,Chettinaickanpatti(Gram Panchayat)-Dindigul(Panchayat Samiti)-Dindigul(Zila Panchayat),10.35231,77.95296,347,8.2,607.2,32.2,7.9,35.7,39.5,0.75,0.01,15,LOW,NORMAL
TN-DGL-635351-75,Dindigul,Dindigulwest,635351,Ammapatti,FULL,223419,Ammapatti(Gram Panchayat)-Reddiarchatram(Panchayat Samiti)-Dindigul(Zila Panchayat),10.38351,77.95259,342,9.6,564.8,7.8,6.6,23.5,40.0,0.51,0.03,11,LOW,NORMAL
TN-DGL-635361-76,Dindigul,Dindigulwest,635361,Anaipatti,FULL,223272,Anaipatti(Gram Panchayat)-Dindigul(Panchayat Samiti)-Dindigul(Zila Panchayat),10.37817,77.90671,378,6.9,228.6,30.0,11.6,36.1,50.8,0.97,0.02,22,MODERATE,NORMAL
TN-DGL-635367-77,Dindigul,Dindigulwest,635367,Chattirapatti,FULL,223421,Dharmathupatti(Gram Panchayat)-Reddiarchatram(Panchayat Samiti)-Dindigul(Zila Panchayat),10.36017,77.89549,285,7.8,112.2,45.6,10.6,35.4,43.5,0.55,-0.01,18,LOW,NORMAL
TN-DGL-635410-78,Dindigul,Dindigulwest,635410,Chettinaickenpatti (Ct),PART,223274,Chettinaickanpatti(Gram Panchayat)-Dindigul(Panchayat Samiti)-Dindigul(Zila Panchayat),10.33951,77.9318,257,6.8,590.4,5.4,22.0,98.8,61.3,1.67,0.07,34,MODERATE,NORMAL
TN-DGL-635341-79,Dindigul,Dindigulwest,635341,Gurunathanaickenur,PART,223422,G.Nadupatti(Gram Panchayat)-Reddiarchatram(Panchayat Samiti)-Dindigul(Zila Panchayat),10.3904,77.90563,353,13.2,249.5,15.6,18.1,116.8,73.8,1.47,0.1,41,ELEVATED,MONITORING
TN-DGL-635341-80,Dindigul,Dindigulwest,635341,Gurunathanaickenur,PART,223423,Gurunathanaickkanur(Gram Panchayat)-Reddiarchatram(Panchayat Samiti)-Dindigul(Zila Panchayat),10.3611,77.89245,229,9.4,441.6,28.7,7.3,29.1,34.2,0.65,0.01,14,LOW,NORMAL
TN-DGL-635348-81,Dindigul,Dindigulwest,635348,Kamachipuram,FULL,223424,Kamatchipuram(Gram Panchayat)-Reddiarchatram(Panchayat Samiti)-Dindigul(Zila Panchayat),10.39065,77.94027,255,7.6,309.4,10.1,22.4,99.2,73.7,1.26,0.08,39,MODERATE,NORMAL
TN-DGL-932675-82,Dindigul,Dindigulwest,932675,Kannaivadimalai North,N/A,N/A,N/A,10.3871,77.95177,376,10.6,144.2,37.1,23.1,92.8,74.8,1.9,0.06,47,ELEVATED,MONITORING
TN-DGL-635364-83,Dindigul,Dindigulwest,635364,Kasavanampatti,PART,223426,Kasavanampatti(Gram Panchayat)-Reddiarchatram(Panchayat Samiti)-Dindigul(Zila Panchayat),10.33231,77.93948,277,13.7,592.6,6.2,6.7,24.7,36.4,0.59,0.02,12,LOW,NORMAL
TN-DGL-635364-84,Dindigul,Dindigulwest,635364,Kasavanampatti,PART,223427,Konur(Gram Panchayat)-Reddiarchatram(Panchayat Samiti)-Dindigul(Zila Panchayat),10.37267,77.90379,355,7.5,196.4,42.3,22.5,105.8,67.1,1.69,0.06,42,ELEVATED,MONITORING
TN-DGL-932670-85,Dindigul,Dindigulwest,932670,Kodalvavi,FULL,252704,Sriramapuram(Town Panchayat),10.32734,77.9378,385,10.3,105.3,6.5,26.9,82.5,75.8,1.78,0.05,44,ELEVATED,MONITORING
TN-DGL-635347-86,Dindigul,Dindigulwest,635347,Kothapulli,FULL,223428,Kothapulli(Gram Panchayat)-Reddiarchatram(Panchayat Samiti)-Dindigul(Zila Panchayat),10.37818,77.93214,270,8.4,515.2,18.0,3.7,21.3,32.6,0.76,0.0,11,LOW,NORMAL
TN-DGL-635344-87,Dindigul,Dindigulwest,635344,K.Pudukottai,FULL,223438,K.Pudukottai(Gram Panchayat)-Reddiarchatram(Panchayat Samiti)-Dindigul(Zila Panchayat),10.34923,77.93464,223,6.1,466.9,5.0,1.3,36.4,43.0,0.98,0.02,10,LOW,NORMAL
TN-DGL-635411-88,Dindigul,Dindigulwest,635411,Kurumbapatti (Ct),PART,223275,Kurumbapatti(Gram Panchayat)-Dindigul(Panchayat Samiti)-Dindigul(Zila Panchayat),10.36323,77.89574,233,8.0,235.6,40.1,21.9,102.0,67.7,1.67,0.09,42,ELEVATED,MONITORING
TN-DGL-635352-89,Dindigul,Dindigulwest,635352,Kuthathupatti,FULL,223429,Kuttathupatti(Gram Panchayat)-Reddiarchatram(Panchayat Samiti)-Dindigul(Zila Panchayat),10.34932,77.90378,310,7.8,223.9,15.5,16.3,76.0,57.1,1.55,0.04,29,MODERATE,NORMAL
TN-DGL-635350-90,Dindigul,Dindigulwest,635350,Mangarai,FULL,223430,Mangarai(Gram Panchayat)-Reddiarchatram(Panchayat Samiti)-Dindigul(Zila Panchayat),10.38731,77.89243,230,13.3,630.7,42.9,0.9,10.2,41.5,0.51,-0.0,14,LOW,NORMAL
TN-DGL-635343-91,Dindigul,Dindigulwest,635343,Neelamalakottai,FULL,223432,Neelamalaikottai(Gram Panchayat)-Reddiarchatram(Panchayat Samiti)-Dindigul(Zila Panchayat),10.3546,77.94658,328,10.4,331.6,36.4,3.5,29.5,31.8,0.96,-0.01,15,LOW,NORMAL
TN-DGL-635342-92,Dindigul,Dindigulwest,635342,Palakkanuthu,PART,223433,Palakanuthu(Gram Panchayat)-Reddiarchatram(Panchayat Samiti)-Dindigul(Zila Panchayat),10.3546,77.94658,328,10.4,331.6,36.4,3.5,29.5,31.8,0.96,-0.01,15,LOW,NORMAL
TN-DGL-635342-93,Dindigul,Dindigulwest,635342,Palakkanuthu,PART,223437,Puduchatram(Gram Panchayat)-Reddiarchatram(Panchayat Samiti)-Dindigul(Zila Panchayat),10.39135,77.88191,380,8.7,112.8,25.5,8.5,46.6,36.8,0.43,-0.02,12,LOW,NORMAL
TN-DGL-635368-94,Dindigul,Dindigulwest,635368,Palayakannivadi,PART,223421,Dharmathupatti(Gram Panchayat)-Reddiarchatram(Panchayat Samiti)-Dindigul(Zila Panchayat),10.39333,77.92422,246,9.8,603.5,45.0,8.0,32.2,37.2,0.55,-0.01,16,LOW,NORMAL
TN-DGL-635368-95,Dindigul,Dindigulwest,635368,Palayakannivadi,PART,223425,Karisalpatti(Gram Panchayat)-Reddiarchatram(Panchayat Samiti)-Dindigul(Zila Panchayat),10.39611,77.95215,288,6.9,141.3,16.7,5.1,29.8,43.1,0.47,-0.0,11,LOW,NORMAL
TN-DGL-635360-96,Dindigul,Dindigulwest,635360,Pallapatti,PART,223278,Pallapatti(Gram Panchayat)-Dindigul(Panchayat Samiti)-Dindigul(Zila Panchayat),10.34078,77.91297,250,13.0,264.5,22.5,4.0,27.3,38.2,1.07,0.01,15,LOW,NORMAL
TN-DGL-635365-97,Dindigul,Dindigulwest,635365,Pantrimalai,FULL,223434,Pandrimalai(Gram Panchayat)-Reddiarchatram(Panchayat Samiti)-Dindigul(Zila Panchayat),10.39333,77.92422,246,9.8,603.5,45.0,8.0,32.2,37.2,0.55,-0.01,16,LOW,NORMAL
TN-DGL-635409-98,Dindigul,Dindigulwest,635409,Silapadi (Ct),PART,223280,Seelapadi(Gram Panchayat)-Dindigul(Panchayat Samiti)-Dindigul(Zila Panchayat),10.33197,77.95409,321,11.8,198.3,44.9,0.8,35.8,37.4,1.09,0.03,16,LOW,NORMAL
TN-DGL-635346-99,Dindigul,Dindigulwest,635346,Silvarpatti,FULL,223440,Silvarpatti(Gram Panchayat)-Reddiarchatram(Panchayat Samiti)-Dindigul(Zila Panchayat),10.38674,77.942,323,12.2,102.8,5.7,6.8,39.3,48.2,1.03,0.01,17,LOW,NORMAL
TN-DGL-635362-100,Dindigul,Dindigulwest,635362,Sindalagundu,PART,223420,Anumandarayankottai(Gram Panchayat)-Reddiarchatram(Panchayat Samiti)-Dindigul(Zila Panchayat),10.39333,77.92422,246,9.8,603.5,45.0,8.0,32.2,37.2,0.55,-0.01,16,LOW,NORMAL
TN-DGL-635362-101,Dindigul,Dindigulwest,635362,Sindalagundu,PART,223436,Ponnimanthurai(Gram Panchayat)-Reddiarchatram(Panchayat Samiti)-Dindigul(Zila Panchayat),10.39611,77.95215,288,6.9,141.3,16.7,5.1,29.8,43.1,0.47,-0.0,11,LOW,NORMAL
TN-DGL-932681-102,Dindigul,Dindigulwest,932681,Sirankadu,PART,252589,Kannivadi(Town Panchayat),10.39975,77.94211,234,8.6,616.6,32.5,29.8,115.3,67.8,1.43,0.1,44,ELEVATED,MONITORING
TN-DGL-635340-103,Dindigul,Dindigulwest,635340,Sullerumbu,FULL,223431,Murunellikottai(Gram Panchayat)-Reddiarchatram(Panchayat Samiti)-Dindigul(Zila Panchayat),10.34505,77.90291,287,7.9,245.7,45.9,22.3,81.4,61.0,1.56,0.06,39,MODERATE,NORMAL
TN-DGL-635363-104,Dindigul,Dindigulwest,635363,Tamaraikulam,FULL,223420,Anumandarayankottai(Gram Panchayat)-Reddiarchatram(Panchayat Samiti)-Dindigul(Zila Panchayat),10.39015,77.89666,385,9.7,599.3,45.8,20.0,97.0,71.1,1.96,0.09,45,ELEVATED,MONITORING
TN-DGL-635349-105,Dindigul,Dindigulwest,635349,Tettupatti,PART,223435,T.Pannaipatti(Gram Panchayat)-Reddiarchatram(Panchayat Samiti)-Dindigul(Zila Panchayat),10.39426,77.95542,320,13.1,630.8,15.6,11.1,35.6,34.3,0.45,-0.01,14,LOW,NORMAL
TN-DGL-635349-106,Dindigul,Dindigulwest,635349,Tettupatti,PART,223439,T.Pudupatti(Gram Panchayat)-Reddiarchatram(Panchayat Samiti)-Dindigul(Zila Panchayat),10.34564,77.88543,386,6.6,304.4,42.3,29.3,117.0,74.4,1.87,0.06,49,ELEVATED,MONITORING
TN-DGL-932633-107,Dindigul,Dindigulwest,932633,Thadicombu,FULL,252703,Thadikombu(Town Panchayat),10.37938,77.88637,280,12.7,82.9,18.0,10.8,47.9,43.2,0.94,0.03,19,LOW,NORMAL
TN-DGL-932677-108,Dindigul,Dindigulwest,932677,Thonimalai,PART,252589,Kannivadi(Town Panchayat),10.34456,77.95819,317,10.2,557.3,7.1,19.2,116.6,58.9,1.37,0.08,31,MODERATE,NORMAL
TN-DGL-635234-109,Dindigul,Gujiliamparai,635234,Alambadi,FULL,223284,Alambadi(Gram Panchayat)-Guziliamparai(Panchayat Samiti)-Dindigul(Zila Panchayat),10.66158,78.13186,264,8.2,621.0,45.5,8.9,30.0,36.0,0.62,0.01,16,LOW,NORMAL
TN-DGL-635245-110,Dindigul,Gujiliamparai,635245,Chinnaluppai,FULL,223285,Chinnuluppai(Gram Panchayat)-Guziliamparai(Panchayat Samiti)-Dindigul(Zila Panchayat),10.70426,78.11686,216,4.6,350.3,18.0,23.1,116.4,58.1,1.84,0.05,34,MODERATE,NORMAL
TN-DGL-635238-111,Dindigul,Gujiliamparai,635238,Deendakkal,FULL,223289,Karungal(Gram Panchayat)-Guziliamparai(Panchayat Samiti)-Dindigul(Zila Panchayat),10.71652,78.09734,276,4.9,75.6,15.6,1.2,28.0,35.7,0.77,-0.02,8,LOW,NORMAL
TN-DGL-635240-112,Dindigul,Gujiliamparai,635240,Dhalipatti,FULL,223287,Dholipatti(Gram Panchayat)-Guziliamparai(Panchayat Samiti)-Dindigul(Zila Panchayat),10.70393,78.15262,265,4.0,414.0,6.0,2.6,21.9,42.0,0.57,0.02,8,LOW,NORMAL
TN-DGL-635236-113,Dindigul,Gujiliamparai,635236,Gudalur,FULL,223286,D.Guddalore(Gram Panchayat)-Guziliamparai(Panchayat Samiti)-Dindigul(Zila Panchayat),10.71652,78.09734,276,4.9,75.6,15.6,1.2,28.0,35.7,0.77,-0.02,8,LOW,NORMAL
TN-DGL-635241-114,Dindigul,Gujiliamparai,635241,Karikali,FULL,223288,Karikali(Gram Panchayat)-Guziliamparai(Panchayat Samiti)-Dindigul(Zila Panchayat),10.70426,78.11686,216,4.6,350.3,18.0,23.1,116.4,58.1,1.84,0.05,34,MODERATE,NORMAL
TN-DGL-635239-115,Dindigul,Gujiliamparai,635239,Karungal,FULL,223289,Karungal(Gram Panchayat)-Guziliamparai(Panchayat Samiti)-Dindigul(Zila Panchayat),10.67652,78.08035,266,8.5,149.9,15.0,1.1,30.6,50.0,0.86,0.01,15,LOW,NORMAL
TN-DGL-635246-116,Dindigul,Gujiliamparai,635246,Kombai ( R),PART,306147,Chinnalagunaickanur(Gram Panchayat)-Guziliamparai(Panchayat Samiti)-Dindigul(Zila Panchayat),10.7198,78.08686,191,7.0,167.0,17.4,26.3,98.8,57.9,1.23,0.08,34,MODERATE,NORMAL
TN-DGL-635246-117,Dindigul,Gujiliamparai,635246,Kombai ( R),PART,223294,R.Kombai(Gram Panchayat)-Guziliamparai(Panchayat Samiti)-Dindigul(Zila Panchayat),10.65701,78.14948,231,7.2,603.7,40.8,2.6,23.7,38.6,0.76,-0.02,12,LOW,NORMAL
TN-DGL-635243-118,Dindigul,Gujiliamparai,635243,Koombur,FULL,223290,Koombur(Gram Panchayat)-Guziliamparai(Panchayat Samiti)-Dindigul(Zila Panchayat),10.69779,78.15798,267,3.5,572.2,22.3,8.4,41.0,40.6,0.68,0.01,12,LOW,NORMAL
TN-DGL-635235-119,Dindigul,Gujiliamparai,635235,Kottanatham,FULL,223291,Kottanatham(Gram Panchayat)-Guziliamparai(Panchayat Samiti)-Dindigul(Zila Panchayat),10.67652,78.08035,266,8.5,149.9,15.0,1.1,30.6,50.0,0.86,0.01,15,LOW,NORMAL
TN-DGL-635255-120,Dindigul,Gujiliamparai,635255,Kudappam,FULL,223538,Kudappam(Gram Panchayat)-Vedasandur(Panchayat Samiti)-Dindigul(Zila Panchayat),10.66948,78.14214,275,3.5,416.3,21.2,0.6,22.8,42.4,0.55,0.03,9,LOW,NORMAL
TN-DGL-635254-121,Dindigul,Gujiliamparai,635254,Kulathupatti,FULL,223539,Kulathupatti(Gram Panchayat)-Vedasandur(Panchayat Samiti)-Dindigul(Zila Panchayat),10.66948,78.14214,275,3.5,416.3,21.2,0.6,22.8,42.4,0.55,0.03,9,LOW,NORMAL
TN-DGL-635237-122,Dindigul,Gujiliamparai,635237,Landakottai,FULL,223292,Landhakottai(Gram Panchayat)-Guziliamparai(Panchayat Samiti)-Dindigul(Zila Panchayat),10.6494,78.12981,321,3.6,122.2,14.4,28.3,126.2,73.7,1.96,0.05,44,ELEVATED,MONITORING
TN-DGL-635242-123,Dindigul,Gujiliamparai,635242,Mallapuram,FULL,223293,Mallapuram(Gram Panchayat)-Guziliamparai(Panchayat Samiti)-Dindigul(Zila Panchayat),10.71056,78.13897,284,6.7,557.0,9.6,5.4,19.9,34.8,1.05,-0.01,11,LOW,NORMAL
TN-DGL-635258-124,Dindigul,Gujiliamparai,635258,Nagayakottai,FULL,223543,Nagaiyakottai(Gram Panchayat)-Vedasandur(Panchayat Samiti)-Dindigul(Zila Panchayat),10.69903,78.09632,267,8.6,102.1,23.0,9.2,19.3,42.9,0.49,0.03,15,LOW,NORMAL
TN-DGL-635257-125,Dindigul,Gujiliamparai,635257,Nallur,FULL,223537,Kovilur(Gram Panchayat)-Vedasandur(Panchayat Samiti)-Dindigul(Zila Panchayat),10.69903,78.09632,267,8.6,102.1,23.0,9.2,19.3,42.9,0.49,0.03,15,LOW,NORMAL
TN-DGL-932500-126,Dindigul,Gujiliamparai,932500,Palayam,FULL,252696,Palayam(Town Panchayat),10.66867,78.09457,174,4.4,510.1,18.8,6.2,31.1,34.5,0.73,0.03,11,LOW,NORMAL
TN-DGL-635248-127,Dindigul,Gujiliamparai,635248,Pudukottai (R),FULL,223295,R.Pudukottai(Gram Panchayat)-Guziliamparai(Panchayat Samiti)-Dindigul(Zila Panchayat),10.66948,78.14214,275,3.5,416.3,21.2,0.6,22.8,42.4,0.55,0.03,9,LOW,NORMAL
TN-DGL-635232-128,Dindigul,Gujiliamparai,635232,Thirukoornam,FULL,223297,Thirukurnam(Gram Panchayat)-Guziliamparai(Panchayat Samiti)-Dindigul(Zila Panchayat),10.69874,78.10719,188,6.6,146.5,19.8,11.8,48.7,47.2,0.54,-0.0,17,LOW,NORMAL
TN-DGL-635244-129,Dindigul,Gujiliamparai,635244,Ulliyakottai,FULL,223298,Ulliyakottai(Gram Panchayat)-Guziliamparai(Panchayat Samiti)-Dindigul(Zila Panchayat),10.67996,78.12562,310,3.8,113.5,32.5,0.6,28.2,43.3,0.98,0.01,12,LOW,NORMAL
TN-DGL-635247-130,Dindigul,Gujiliamparai,635247,Vadugambadi,FULL,223299,Vadugampadi(Gram Panchayat)-Guziliamparai(Panchayat Samiti)-Dindigul(Zila Panchayat),10.67861,78.12898,252,8.3,518.8,27.9,3.9,34.4,30.9,0.81,0.01,13,LOW,NORMAL
TN-DGL-635249-131,Dindigul,Gujiliamparai,635249,Vanikarai,FULL,223300,Vanikarai(Gram Panchayat)-Guziliamparai(Panchayat Samiti)-Dindigul(Zila Panchayat),10.68042,78.1145,287,10.3,583.1,17.3,9.0,33.1,46.3,0.68,0.03,17,LOW,NORMAL
TN-DGL-635233-132,Dindigul,Gujiliamparai,635233,Vellodu ( R),FULL,223296,R.Vellodu(Gram Panchayat)-Guziliamparai(Panchayat Samiti)-Dindigul(Zila Panchayat),10.71056,78.13897,284,6.7,557.0,9.6,5.4,19.9,34.8,1.05,-0.01,11,LOW,NORMAL
TN-DGL-635256-133,Dindigul,Gujiliamparai,635256,Vembur,FULL,223537,Kovilur(Gram Panchayat)-Vedasandur(Panchayat Samiti)-Dindigul(Zila Panchayat),10.68358,78.12227,228,3.8,538.4,5.4,5.8,34.4,41.9,1.04,-0.01,11,LOW,NORMAL
TN-DGL-635445-134,Dindigul,Kodaikanal,635445,Adukkam,FULL,223301,Adukkam(Gram Panchayat)-Kodaikanal(Panchayat Samiti)-Dindigul(Zila Panchayat),10.26836,77.48264,2123,30.9,579.8,23.8,3.3,34.1,38.3,0.66,0.01,19,LOW,NORMAL
TN-DGL-635446-135,Dindigul,Kodaikanal,635446,Kamanur,FULL,223302,Kamanur(Gram Panchayat)-Kodaikanal(Panchayat Samiti)-Dindigul(Zila Panchayat),10.22766,77.478,2218,31.9,491.2,47.0,15.8,96.8,59.3,1.39,0.06,42,ELEVATED,MONITORING
TN-DGL-635447-136,Dindigul,Kodaikanal,635447,Kilakkuchettipatti,FULL,223303,Kilakkuchettipatti(Gram Panchayat)-Kodaikanal(Panchayat Samiti)-Dindigul(Zila Panchayat),10.27206,77.47634,2151,33.2,473.1,13.2,10.1,33.8,38.2,0.44,-0.01,20,LOW,NORMAL
TN-DGL-635440-137,Dindigul,Kodaikanal,635440,Kodaikanal,PART,223301,Adukkam(Gram Panchayat)-Kodaikanal(Panchayat Samiti)-Dindigul(Zila Panchayat),10.25526,77.49729,2208,36.7,513.0,28.2,43.3,199.3,88.6,2.84,0.33,82,VERY HIGH,ACTIVE
TN-DGL-635440-138,Dindigul,Kodaikanal,635440,Kodaikanal,PART,223315,Vilpatti(Gram Panchayat)-Kodaikanal(Panchayat Samiti)-Dindigul(Zila Panchayat),10.23194,77.45241,2051,34.7,368.3,39.3,55.0,186.1,90.4,2.49,0.29,87,VERY HIGH,ACTIVE
TN-DGL-635434-139,Dindigul,Kodaikanal,635434,Kookkal,FULL,223304,Kookal(Gram Panchayat)-Kodaikanal(Panchayat Samiti)-Dindigul(Zila Panchayat),10.25868,77.48813,2170,34.9,397.0,36.4,9.4,27.5,51.3,0.77,0.02,31,MODERATE,NORMAL
TN-DGL-644877-140,Dindigul,Kodaikanal,644877,Kudiraiar & Kukkal R.F.,FULL,223304,Kookal(Gram Panchayat)-Kodaikanal(Panchayat Samiti)-Dindigul(Zila Panchayat),10.2375,77.45248,2270,44.9,426.7,46.1,29.9,125.8,64.0,1.99,0.09,56,ELEVATED,MONITORING
TN-DGL-644878-141,Dindigul,Kodaikanal,644878,Manjampatti R.F.,FULL,223306,Mannavanur(Gram Panchayat)-Kodaikanal(Panchayat Samiti)-Dindigul(Zila Panchayat),10.23771,77.46449,2139,37.2,486.8,24.7,57.7,166.4,93.4,3.15,0.12,87,VERY HIGH,ACTIVE
TN-DGL-635442-142,Dindigul,Kodaikanal,635442,Mannavanur,FULL,223306,Mannavanur(Gram Panchayat)-Kodaikanal(Panchayat Samiti)-Dindigul(Zila Panchayat),10.27445,77.46288,2204,32.2,361.4,10.5,40.4,145.0,84.5,3.21,0.33,77,HIGH,ACTIVE
TN-DGL-635437-143,Dindigul,Kodaikanal,635437,Pachalur,FULL,223307,Pachalur(Gram Panchayat)-Kodaikanal(Panchayat Samiti)-Dindigul(Zila Panchayat),10.21093,77.50668,2176,34.2,76.3,9.2,11.9,35.3,46.2,0.52,-0.0,24,MODERATE,NORMAL
TN-DGL-932422-144,Dindigul,Kodaikanal,932422,Pannaikadu,FULL,252712,Pannaikadu(Town Panchayat),10.20214,77.52083,2080,35.5,578.6,6.6,3.0,34.7,43.3,0.89,0.0,20,LOW,NORMAL
TN-DGL-635438-145,Dindigul,Kodaikanal,635438,Periyur,FULL,223308,Periyur(Gram Panchayat)-Kodaikanal(Panchayat Samiti)-Dindigul(Zila Panchayat),10.27206,77.47634,2151,33.2,473.1,13.2,10.1,33.8,38.2,0.44,-0.01,20,LOW,NORMAL
TN-DGL-635448-146,Dindigul,Kodaikanal,635448,Poolathur,PART,223305,Kumbaraiyur(Gram Panchayat)-Kodaikanal(Panchayat Samiti)-Dindigul(Zila Panchayat),10.20348,77.45282,2176,37.2,597.2,4.7,46.7,197.2,90.7,3.21,0.14,78,HIGH,ACTIVE
TN-DGL-635448-147,Dindigul,Kodaikanal,635448,Poolathur,PART,223309,Poolathur(Gram Panchayat)-Kodaikanal(Panchayat Samiti)-Dindigul(Zila Panchayat),10.21514,77.50327,2159,30.6,367.5,27.0,32.2,183.2,81.6,3.19,0.13,68,HIGH,ACTIVE
TN-DGL-635441-148,Dindigul,Kodaikanal,635441,Poombarai,FULL,223310,Poomparai(Gram Panchayat)-Kodaikanal(Panchayat Samiti)-Dindigul(Zila Panchayat),10.24306,77.45636,2170,29.5,432.4,10.4,62.2,190.3,81.4,3.73,0.15,83,VERY HIGH,ACTIVE
TN-DGL-635443-149,Dindigul,Kodaikanal,635443,Poondi,FULL,223311,Poondi(Gram Panchayat)-Kodaikanal(Panchayat Samiti)-Dindigul(Zila Panchayat),10.27571,77.47757,2216,35.3,623.1,26.4,53.2,190.8,79.8,2.62,0.24,79,HIGH,ACTIVE
TN-DGL-635439-150,Dindigul,Kodaikanal,635439,Thandigudi,FULL,223312,Thandikudi(Gram Panchayat)-Kodaikanal(Panchayat Samiti)-Dindigul(Zila Panchayat),10.24306,77.45636,2170,29.5,432.4,10.4,62.2,190.3,81.4,3.73,0.15,83,VERY HIGH,ACTIVE
TN-DGL-635436-151,Dindigul,Kodaikanal,635436,Vadagounchi,FULL,223313,Vadakavunji(Gram Panchayat)-Kodaikanal(Panchayat Samiti)-Dindigul(Zila Panchayat),10.24655,77.464,2113,30.7,336.2,41.9,11.8,33.1,44.6,0.7,-0.0,27,MODERATE,NORMAL
TN-DGL-635444-152,Dindigul,Kodaikanal,635444,Vellagavi,FULL,223314,Vellakavi(Gram Panchayat)-Kodaikanal(Panchayat Samiti)-Dindigul(Zila Panchayat),10.25313,77.45408,2186,34.6,108.5,19.4,58.5,197.4,89.4,3.66,0.24,90,VERY HIGH,ACTIVE
TN-DGL-635435-153,Dindigul,Kodaikanal,635435,Vilpatti,FULL,223315,Vilpatti(Gram Panchayat)-Kodaikanal(Panchayat Samiti)-Dindigul(Zila Panchayat),10.26181,77.52734,2100,37.4,614.6,22.9,3.3,28.7,30.7,0.45,0.0,19,LOW,NORMAL
TN-DGL-635339-154,Dindigul,Natham,635339,Alagar Hills R.F.,FULL,223318,Chellapanaickenpatti(Gram Panchayat)-Natham(Panchayat Samiti)-Dindigul(Zila Panchayat),10.22828,78.26645,267,20.0,375.5,29.6,20.5,86.7,56.4,1.57,0.1,39,MODERATE,NORMAL
TN-DGL-635309-155,Dindigul,Natham,635309,Avichchippatti,FULL,223316,Avichipatti(Gram Panchayat)-Natham(Panchayat Samiti)-Dindigul(Zila Panchayat),10.24975,78.21032,292,11.5,451.4,35.7,6.8,27.3,28.6,0.73,0.02,16,LOW,NORMAL
TN-DGL-635311-156,Dindigul,Natham,635311,Budagudi,FULL,223317,Boothagudi(Gram Panchayat)-Natham(Panchayat Samiti)-Dindigul(Zila Panchayat),10.25015,78.20666,335,13.7,599.3,45.8,20.0,97.0,71.1,1.96,0.09,47,ELEVATED,MONITORING
TN-DGL-635332-157,Dindigul,Natham,635332,Budagudi R.F.,FULL,223317,Boothagudi(Gram Panchayat)-Natham(Panchayat Samiti)-Dindigul(Zila Panchayat),10.24684,78.21333,291,22.1,283.9,34.0,9.2,29.2,48.4,0.55,0.01,23,MODERATE,NORMAL
TN-DGL-635319-158,Dindigul,Natham,635319,Chellappanaickenpatti,FULL,223318,Chellapanaickenpatti(Gram Panchayat)-Natham(Panchayat Samiti)-Dindigul(Zila Panchayat),10.20945,78.21054,298,12.4,606.7,42.8,21.9,113.4,56.2,1.82,0.04,38,MODERATE,NORMAL
TN-DGL-635337-159,Dindigul,Natham,635337,Chembulimalai R.F.,FULL,223332,Sathampadi(Gram Panchayat)-Natham(Panchayat Samiti)-Dindigul(Zila Panchayat),10.22402,78.25094,364,15.4,436.4,17.5,1.3,32.4,35.6,0.78,-0.01,12,LOW,NORMAL
TN-DGL-635327-160,Dindigul,Natham,635327,Chinnayanpattikaradu R.F.,PART,223320,Kottaiyur(Gram Panchayat)-Natham(Panchayat Samiti)-Dindigul(Zila Panchayat),10.19146,78.2684,290,18.0,106.8,27.8,6.2,24.3,42.0,1.04,0.03,20,LOW,NORMAL
TN-DGL-635317-161,Dindigul,Natham,635317,Idayapatti,FULL,223318,Chellapanaickenpatti(Gram Panchayat)-Natham(Panchayat Samiti)-Dindigul(Zila Panchayat),10.19776,78.25445,328,14.0,565.3,40.6,17.7,79.2,70.3,1.65,0.1,44,ELEVATED,MONITORING
TN-DGL-635324-162,Dindigul,Natham,635324,Kaluvadimalai R.F.,FULL,223334,Sendurai(Gram Panchayat)-Natham(Panchayat Samiti)-Dindigul(Zila Panchayat),10.20352,78.20328,307,18.4,487.9,5.5,7.3,22.9,34.8,0.93,-0.02,15,LOW,NORMAL
TN-DGL-635328-163,Dindigul,Natham,635328,Karanthamalai R.F.,PART,223321,Kudagipatti(Gram Panchayat)-Natham(Panchayat Samiti)-Dindigul(Zila Panchayat),10.18783,78.21298,251,21.2,69.7,45.4,7.7,29.9,41.4,0.54,0.01,21,MODERATE,NORMAL
TN-DGL-635328-164,Dindigul,Natham,635328,Karanthamalai R.F.,PART,223322,Kuttupatti(Gram Panchayat)-Natham(Panchayat Samiti)-Dindigul(Zila Panchayat),10.22907,78.21392,363,17.0,447.7,39.8,1.5,20.0,38.5,1.0,-0.01,16,LOW,NORMAL
TN-DGL-635328-165,Dindigul,Natham,635328,Karanthamalai R.F.,PART,223328,N.Pudupatti(Gram Panchayat)-Natham(Panchayat Samiti)-Dindigul(Zila Panchayat),10.22828,78.26645,267,20.0,375.5,29.6,20.5,86.7,56.4,1.57,0.1,39,MODERATE,NORMAL
TN-DGL-635326-166,Dindigul,Natham,635326,Kodangikuttu R.F.,FULL,223321,Kudagipatti(Gram Panchayat)-Natham(Panchayat Samiti)-Dindigul(Zila Panchayat),10.22907,78.21392,363,17.0,447.7,39.8,1.5,20.0,38.5,1.0,-0.01,16,LOW,NORMAL
TN-DGL-635303-167,Dindigul,Natham,635303,Kottaiyur,FULL,223320,Kottaiyur(Gram Panchayat)-Natham(Panchayat Samiti)-Dindigul(Zila Panchayat),10.22997,78.26686,188,12.9,198.5,8.8,10.5,37.0,38.6,0.81,0.0,15,LOW,NORMAL
TN-DGL-635301-168,Dindigul,Natham,635301,Kudagipatti,FULL,223321,Kudagipatti(Gram Panchayat)-Natham(Panchayat Samiti)-Dindigul(Zila Panchayat),10.25009,78.23016,237,15.5,150.2,42.8,27.1,95.0,57.7,1.32,0.07,41,ELEVATED,MONITORING
TN-DGL-635321-169,Dindigul,Natham,635321,Lingavadi,FULL,223323,Lingavadi(Gram Panchayat)-Natham(Panchayat Samiti)-Dindigul(Zila Panchayat),10.20959,78.23826,226,12.7,110.9,17.4,4.4,14.3,28.6,0.45,0.03,12,LOW,NORMAL
TN-DGL-635329-170,Dindigul,Natham,635329,Methugumalai R.F.,FULL,223320,Kottaiyur(Gram Panchayat)-Natham(Panchayat Samiti)-Dindigul(Zila Panchayat),10.22323,78.20574,263,15.0,235.6,40.1,21.9,102.0,67.7,1.67,0.09,45,ELEVATED,MONITORING
TN-DGL-635335-171,Dindigul,Natham,635335,Mottamalai R.F.,FULL,223322,Kuttupatti(Gram Panchayat)-Natham(Panchayat Samiti)-Dindigul(Zila Panchayat),10.19155,78.19493,337,18.4,253.9,32.5,4.4,32.5,35.5,1.09,0.02,19,LOW,NORMAL
TN-DGL-635325-172,Dindigul,Natham,635325,Mudumalai R.F.,FULL,223337,Uralipatti(Gram Panchayat)-Natham(Panchayat Samiti)-Dindigul(Zila Panchayat),10.18519,78.2322,385,21.1,633.3,19.5,18.0,89.5,70.2,1.36,0.08,41,ELEVATED,MONITORING
TN-DGL-635316-173,Dindigul,Natham,635316,Mulaiyur,FULL,223324,Mulaiyur(Gram Panchayat)-Natham(Panchayat Samiti)-Dindigul(Zila Panchayat),10.24684,78.21333,211,17.7,283.9,34.0,9.2,29.2,48.4,0.55,0.01,22,MODERATE,NORMAL
TN-DGL-635336-174,Dindigul,Natham,635336,Nadumalai R.F.,FULL,223331,Samudrapatti(Gram Panchayat)-Natham(Panchayat Samiti)-Dindigul(Zila Panchayat),10.20398,78.20272,418,20.9,460.1,10.5,18.6,96.5,58.8,1.63,0.07,36,MODERATE,NORMAL
TN-DGL-635306-175,Dindigul,Natham,635306,Nadumandalam,PART,223322,Kuttupatti(Gram Panchayat)-Natham(Panchayat Samiti)-Dindigul(Zila Panchayat),10.23692,78.20196,273,17.1,183.4,25.3,23.7,87.2,60.9,1.65,0.1,41,ELEVATED,MONITORING
TN-DGL-635306-176,Dindigul,Natham,635306,Nadumandalam,PART,223328,N.Pudupatti(Gram Panchayat)-Natham(Panchayat Samiti)-Dindigul(Zila Panchayat),10.19701,78.20808,338,14.9,248.6,45.6,7.1,39.7,45.2,1.09,0.01,23,MODERATE,NORMAL
TN-DGL-932479-177,Dindigul,Natham,932479,Natham,FULL,252701,Natham(Town Panchayat),10.21983,78.22968,295,14.9,298.3,25.8,2.4,33.2,40.9,0.72,-0.0,14,LOW,NORMAL
TN-DGL-635330-178,Dindigul,Natham,635330,Nedunkuttu R.F.,FULL,223336,Sirukudi(Gram Panchayat)-Natham(Panchayat Samiti)-Dindigul(Zila Panchayat),10.22949,78.2234,319,13.8,165.9,21.6,6.5,38.8,31.5,0.78,0.01,15,LOW,NORMAL
TN-DGL-635314-179,Dindigul,Natham,635314,Palappanayakkanpatti,FULL,223325,Pannuvarpatti(Gram Panchayat)-Natham(Panchayat Samiti)-Dindigul(Zila Panchayat),10.22828,78.26645,187,16.0,375.5,29.6,20.5,86.7,56.4,1.57,0.1,37,MODERATE,NORMAL
TN-DGL-635310-180,Dindigul,Natham,635310,Pannimalai,FULL,223316,Avichipatti(Gram Panchayat)-Natham(Panchayat Samiti)-Dindigul(Zila Panchayat),10.20959,78.23826,226,12.7,110.9,17.4,4.4,14.3,28.6,0.45,0.03,12,LOW,NORMAL
TN-DGL-635313-181,Dindigul,Natham,635313,Pannuvarpatti,FULL,223325,Pannuvarpatti(Gram Panchayat)-Natham(Panchayat Samiti)-Dindigul(Zila Panchayat),10.2188,78.25666,320,14.6,89.8,34.8,11.6,31.8,41.6,0.84,-0.01,20,LOW,NORMAL
TN-DGL-635331-182,Dindigul,Natham,635331,Pappanmalai R.F.,FULL,223329,Punnapatti(Gram Panchayat)-Natham(Panchayat Samiti)-Dindigul(Zila Panchayat),10.196,78.23692,250,20.8,336.2,29.9,10.6,33.3,47.3,0.64,0.01,23,MODERATE,NORMAL
TN-DGL-932485-183,Dindigul,Natham,932485,Pappapatti,FULL,252701,Natham(Town Panchayat),10.18445,78.2147,219,12.2,226.4,5.4,7.1,36.4,49.2,1.09,0.01,18,LOW,NORMAL
TN-DGL-635334-184,Dindigul,Natham,635334,Perumalai R.F.,FULL,223324,Mulaiyur(Gram Panchayat)-Natham(Panchayat Samiti)-Dindigul(Zila Panchayat),10.19019,78.24533,386,14.0,197.9,6.0,25.9,105.6,55.3,1.33,0.05,33,MODERATE,NORMAL
TN-DGL-635299-185,Dindigul,Natham,635299,Pillaiyarnattam,FULL,223327,Pillaiyarnatham(Gram Panchayat)-Natham(Panchayat Samiti)-Dindigul(Zila Panchayat),10.19736,78.24375,317,11.4,528.1,18.7,17.6,100.1,60.3,1.77,0.06,35,MODERATE,NORMAL
TN-DGL-635323-186,Dindigul,Natham,635323,Pillaiyarnattam R.F.,FULL,223327,Pillaiyarnatham(Gram Panchayat)-Natham(Panchayat Samiti)-Dindigul(Zila Panchayat),10.18189,78.26117,384,14.5,562.2,15.2,7.0,31.0,33.7,0.45,-0.01,12,LOW,NORMAL
TN-DGL-635333-187,Dindigul,Natham,635333,Poolamalai R.F.,FULL,223316,Avichipatti(Gram Panchayat)-Natham(Panchayat Samiti)-Dindigul(Zila Panchayat),10.21038,78.19682,347,16.9,136.9,6.5,3.6,13.8,46.2,0.67,0.02,15,LOW,NORMAL
TN-DGL-635322-188,Dindigul,Natham,635322,Pudur,FULL,223326,Paralipudur(Gram Panchayat)-Natham(Panchayat Samiti)-Dindigul(Zila Panchayat),10.20398,78.20272,338,16.7,460.1,10.5,11.4,24.2,41.0,0.74,-0.01,17,LOW,NORMAL
TN-DGL-635307-189,Dindigul,Natham,635307,Punnapatti,FULL,223329,Punnapatti(Gram Panchayat)-Natham(Panchayat Samiti)-Dindigul(Zila Panchayat),10.22402,78.25094,284,12.3,436.4,17.5,9.0,38.1,44.9,0.76,0.03,18,LOW,NORMAL
TN-DGL-635320-190,Dindigul,Natham,635320,Reddiapatti,FULL,223330,Reddiapatti(Gram Panchayat)-Natham(Panchayat Samiti)-Dindigul(Zila Panchayat),10.20398,78.20272,338,16.7,460.1,10.5,11.4,24.2,41.0,0.74,-0.01,17,LOW,NORMAL
TN-DGL-635312-191,Dindigul,Natham,635312,Samudrapatti,FULL,223331,Samudrapatti(Gram Panchayat)-Natham(Panchayat Samiti)-Dindigul(Zila Panchayat),10.18345,78.24344,316,11.4,128.8,22.0,10.3,49.7,31.4,0.99,0.01,17,LOW,NORMAL
TN-DGL-635315-192,Dindigul,Natham,635315,Sattambadi,FULL,223332,Sathampadi(Gram Panchayat)-Natham(Panchayat Samiti)-Dindigul(Zila Panchayat),10.19197,78.26409,271,15.8,198.3,44.9,0.8,35.8,37.4,1.09,0.03,18,LOW,NORMAL
TN-DGL-635304-193,Dindigul,Natham,635304,Seithur,FULL,223333,Seithur(Gram Panchayat)-Natham(Panchayat Samiti)-Dindigul(Zila Panchayat),10.18519,78.2322,305,16.9,633.3,19.5,6.7,29.9,41.0,0.48,-0.01,14,LOW,NORMAL
TN-DGL-635338-194,Dindigul,Natham,635338,Senamalai R.F.,FULL,223330,Reddiapatti(Gram Panchayat)-Natham(Panchayat Samiti)-Dindigul(Zila Panchayat),10.21295,78.25923,294,16.5,390.5,16.9,4.8,31.6,37.7,0.88,0.03,15,LOW,NORMAL
TN-DGL-635300-195,Dindigul,Natham,635300,Sendurai,FULL,223334,Sendurai(Gram Panchayat)-Natham(Panchayat Samiti)-Dindigul(Zila Panchayat),10.22261,78.20563,230,12.5,620.5,13.5,25.0,99.2,57.2,1.95,0.1,38,MODERATE,NORMAL
TN-DGL-635302-196,Dindigul,Natham,635302,Sirangattupatti,PART,223319,Kosukurichi(Gram Panchayat)-Natham(Panchayat Samiti)-Dindigul(Zila Panchayat),10.25996,78.19539,322,14.1,64.4,20.3,1.8,35.1,42.8,0.96,0.02,15,LOW,NORMAL
TN-DGL-635302-197,Dindigul,Natham,635302,Sirangattupatti,PART,223335,Sirangattupatti(Gram Panchayat)-Natham(Panchayat Samiti)-Dindigul(Zila Panchayat),10.22323,78.20574,183,12.0,235.6,40.1,21.9,102.0,67.7,1.67,0.09,44,ELEVATED,MONITORING
TN-DGL-635305-198,Dindigul,Natham,635305,Sirugudi,FULL,223336,Sirukudi(Gram Panchayat)-Natham(Panchayat Samiti)-Dindigul(Zila Panchayat),10.18345,78.24344,316,11.4,128.8,22.0,10.3,49.7,31.4,0.99,0.01,17,LOW,NORMAL
TN-DGL-635318-199,Dindigul,Natham,635318,Uralipatti,FULL,223337,Uralipatti(Gram Panchayat)-Natham(Panchayat Samiti)-Dindigul(Zila Panchayat),10.19707,78.24844,282,12.1,297.9,41.2,9.1,35.7,44.5,0.9,0.03,21,MODERATE,NORMAL
TN-DGL-635308-200,Dindigul,Natham,635308,Velanpatti,FULL,223338,Velampatti(Gram Panchayat)-Natham(Panchayat Samiti)-Dindigul(Zila Panchayat),10.22949,78.2234,239,11.0,165.9,21.6,1.1,35.0,41.0,0.5,0.01,10,LOW,NORMAL
TN-DGL-635461-201,Dindigul,Nilakkottai,635461,Bangalapatti,FULL,223351,Noothalapuram(Gram Panchayat)-Nilakottai(Panchayat Samiti)-Dindigul(Zila Panchayat),10.14581,77.86441,338,9.6,468.0,36.4,5.4,37.3,30.3,1.06,-0.01,16,LOW,NORMAL
TN-DGL-635458-202,Dindigul,Nilakkottai,635458,Batlagundu,PART,223518,Kattakamanpatti(Gram Panchayat)-Batlagundu(Panchayat Samiti)-Dindigul(Zila Panchayat),10.19272,77.84359,272,12.0,608.8,20.5,26.5,85.0,68.4,1.51,0.04,42,ELEVATED,MONITORING
TN-DGL-635458-203,Dindigul,Nilakkottai,635458,Batlagundu,PART,223520,Kottaipatti(Gram Panchayat)-Batlagundu(Panchayat Samiti)-Dindigul(Zila Panchayat),10.12882,77.83316,358,8.9,622.8,31.7,27.3,108.1,68.2,1.84,0.11,46,ELEVATED,MONITORING
TN-DGL-635458-204,Dindigul,Nilakkottai,635458,Batlagundu,PART,223524,Old Batlagundu(Gram Panchayat)-Batlagundu(Panchayat Samiti)-Dindigul(Zila Panchayat),10.14581,77.86441,338,9.6,468.0,36.4,5.4,37.3,30.3,1.06,-0.01,16,LOW,NORMAL
TN-DGL-635471-205,Dindigul,Nilakkottai,635471,Bodiagoundanpatti,FULL,223359,Sivagnanapuram(Gram Panchayat)-Nilakottai(Panchayat Samiti)-Dindigul(Zila Panchayat),10.15738,77.88979,297,10.0,252.8,39.7,3.1,23.1,41.6,0.72,-0.01,14,LOW,NORMAL
TN-DGL-635455-206,Dindigul,Nilakkottai,635455,Chinnamanaickankottai,FULL,223351,Noothalapuram(Gram Panchayat)-Nilakottai(Panchayat Samiti)-Dindigul(Zila Panchayat),10.12882,77.83316,358,8.9,622.8,31.7,27.3,108.1,68.2,1.84,0.11,46,ELEVATED,MONITORING
TN-DGL-635468-207,Dindigul,Nilakkottai,635468,Ethilodu,FULL,223339,Ethilodu(Gram Panchayat)-Nilakottai(Panchayat Samiti)-Dindigul(Zila Panchayat),10.16629,77.89267,230,9.0,105.0,6.9,17.1,77.8,60.1,1.53,0.1,32,MODERATE,NORMAL
TN-DGL-635450-208,Dindigul,Nilakkottai,635450,Jambudurai Kottai,FULL,223342,Jambuthuraikottai(Gram Panchayat)-Nilakottai(Panchayat Samiti)-Dindigul(Zila Panchayat),10.16295,77.85951,308,14.3,234.9,31.4,29.6,88.3,55.7,1.97,0.06,42,ELEVATED,MONITORING
TN-DGL-635457-209,Dindigul,Nilakkottai,635457,Kanavaipatti,PART,223516,G.Thummalapatti(Gram Panchayat)-Batlagundu(Panchayat Samiti)-Dindigul(Zila Panchayat),10.12224,77.87125,265,9.9,127.4,23.7,8.6,38.3,50.4,0.52,0.03,19,LOW,NORMAL
TN-DGL-635457-210,Dindigul,Nilakkottai,635457,Kanavaipatti,PART,223517,Kanavaipatti(Gram Panchayat)-Batlagundu(Panchayat Samiti)-Dindigul(Zila Panchayat),10.1367,77.8667,370,10.1,617.4,43.8,10.7,31.7,40.9,0.53,0.02,18,LOW,NORMAL
TN-DGL-635453-211,Dindigul,Nilakkottai,635453,Kodanginaickan Patti,FULL,223343,Kodanginaickenpatti(Gram Panchayat)-Nilakottai(Panchayat Samiti)-Dindigul(Zila Panchayat),10.1228,77.86282,269,10.5,76.1,4.5,11.1,36.8,42.9,0.82,0.0,15,LOW,NORMAL
TN-DGL-635484-212,Dindigul,Nilakkottai,635484,Kolladipatti,FULL,223340,Gullalagundu(Gram Panchayat)-Nilakottai(Panchayat Samiti)-Dindigul(Zila Panchayat),10.18931,77.83846,242,14.8,621.8,36.7,11.6,43.0,48.9,0.97,-0.01,24,MODERATE,NORMAL
TN-DGL-635459-213,Dindigul,Nilakkottai,635459,Kombaipatti,FULL,223519,Kombaipatti(Gram Panchayat)-Batlagundu(Panchayat Samiti)-Dindigul(Zila Panchayat),10.19982,77.82938,375,14.6,360.4,16.7,27.3,122.3,59.6,1.82,0.1,41,ELEVATED,MONITORING
TN-DGL-635469-214,Dindigul,Nilakkottai,635469,Koovanuthu,FULL,223344,Koovanuthu(Gram Panchayat)-Nilakottai(Panchayat Samiti)-Dindigul(Zila Panchayat),10.1706,77.83299,317,9.0,246.7,42.4,27.1,118.5,55.7,1.76,0.07,40,MODERATE,NORMAL
TN-DGL-635452-215,Dindigul,Nilakkottai,635452,Kottur,FULL,223345,Kottur(Gram Panchayat)-Nilakottai(Panchayat Samiti)-Dindigul(Zila Panchayat),10.1367,77.8667,370,10.1,617.4,43.8,10.7,31.7,40.9,0.53,0.02,18,LOW,NORMAL
TN-DGL-635466-216,Dindigul,Nilakkottai,635466,Kullalagundu,FULL,223340,Gullalagundu(Gram Panchayat)-Nilakottai(Panchayat Samiti)-Dindigul(Zila Panchayat),10.18898,77.84097,298,9.2,562.3,15.0,0.4,24.8,47.6,0.59,0.02,12,LOW,NORMAL
TN-DGL-635480-217,Dindigul,Nilakkottai,635480,Kullichettipatti,FULL,223341,Kullichettipatti(Gram Panchayat)-Nilakottai(Panchayat Samiti)-Dindigul(Zila Panchayat),10.13449,77.89579,402,13.3,627.8,8.0,2.2,10.8,51.4,0.93,0.02,17,LOW,NORMAL
TN-DGL-635473-218,Dindigul,Nilakkottai,635473,Kunnuvarankottai,FULL,223521,Kunnuvarankottai(Gram Panchayat)-Batlagundu(Panchayat Samiti)-Dindigul(Zila Panchayat),10.1969,77.88759,293,14.3,608.5,20.6,7.0,44.5,41.2,0.52,0.01,14,LOW,NORMAL
TN-DGL-635465-219,Dindigul,Nilakkottai,635465,Malayagoundanpatti,FULL,223346,Malayagoundanpatti(Gram Panchayat)-Nilakottai(Panchayat Samiti)-Dindigul(Zila Panchayat),10.1882,77.88311,377,12.4,376.7,15.9,2.5,34.5,42.2,0.89,0.02,13,LOW,NORMAL
TN-DGL-635460-220,Dindigul,Nilakkottai,635460,Mallanampatti,FULL,223522,Mallanampatti(Gram Panchayat)-Batlagundu(Panchayat Samiti)-Dindigul(Zila Panchayat),10.12804,77.84022,409,12.3,247.4,32.7,6.5,32.3,49.2,0.67,-0.01,19,LOW,NORMAL
TN-DGL-635490-221,Dindigul,Nilakkottai,635490,Mankaradu R.F.,FULL,223445,Kanavaipatti(Gram Panchayat)-Shanarpatti(Panchayat Samiti)-Dindigul(Zila Panchayat),10.17943,77.87532,481,12.9,107.7,15.1,0.6,29.1,50.9,0.74,0.03,16,LOW,NORMAL
TN-DGL-635483-222,Dindigul,Nilakkottai,635483,Mattapparai,FULL,223347,Mattaparai(Gram Panchayat)-Nilakottai(Panchayat Samiti)-Dindigul(Zila Panchayat),10.17185,77.86653,377,8.5,401.8,4.8,9.3,26.3,29.1,0.85,0.02,13,LOW,NORMAL
TN-DGL-635470-223,Dindigul,Nilakkottai,635470,Musuvanuthu,FULL,223348,Musuvanuthu(Gram Panchayat)-Nilakottai(Panchayat Samiti)-Dindigul(Zila Panchayat),10.1996,77.83521,272,13.5,374.3,29.3,10.0,37.5,31.8,0.53,-0.02,16,LOW,NORMAL
TN-DGL-635479-224,Dindigul,Nilakkottai,635479,Nadakottai,FULL,223523,Nadakottai(Gram Panchayat)-Batlagundu(Panchayat Samiti)-Dindigul(Zila Panchayat),10.12345,77.86932,334,14.9,271.1,11.0,11.0,35.2,42.1,0.6,-0.01,16,LOW,NORMAL
TN-DGL-635463-225,Dindigul,Nilakkottai,635463,Nakkaluthu,FULL,223349,Nakkaluthu(Gram Panchayat)-Nilakottai(Panchayat Samiti)-Dindigul(Zila Panchayat),10.17389,77.84182,371,10.7,108.2,18.9,3.7,31.7,48.0,0.82,0.01,16,LOW,NORMAL
TN-DGL-635451-226,Dindigul,Nilakkottai,635451,Nariyuthu,FULL,223350,Nariyuthu(Gram Panchayat)-Nilakottai(Panchayat Samiti)-Dindigul(Zila Panchayat),10.14876,77.84445,325,10.9,131.4,20.7,0.2,13.4,34.9,1.09,-0.01,12,LOW,NORMAL
TN-DGL-932458-227,Dindigul,Nilakkottai,932458,Nilakkottai,FULL,252715,Nilakkottai(Town Panchayat),10.17842,77.89378,317,13.5,625.7,40.7,19.9,99.1,55.6,1.73,0.05,37,MODERATE,NORMAL
TN-DGL-635456-228,Dindigul,Nilakkottai,635456,Nuthulapuram,FULL,223351,Noothalapuram(Gram Panchayat)-Nilakottai(Panchayat Samiti)-Dindigul(Zila Panchayat),10.1882,77.88311,377,12.4,376.7,15.9,2.5,34.5,42.2,0.89,0.02,13,LOW,NORMAL
TN-DGL-932463-229,Dindigul,Nilakkottai,932463,Oruthattu,FULL,252714,Ammainaickanur(Town Panchayat),10.18491,77.8777,241,14.9,206.9,32.9,11.8,25.0,35.3,0.69,-0.0,19,LOW,NORMAL
TN-DGL-635449-230,Dindigul,Nilakkottai,635449,Pachamalayankottai,FULL,223352,Pachamalayankottai(Gram Panchayat)-Nilakottai(Panchayat Samiti)-Dindigul(Zila Panchayat),10.15669,77.83677,397,11.7,472.5,44.6,24.7,93.8,66.1,1.64,0.1,45,ELEVATED,MONITORING
TN-DGL-635467-231,Dindigul,Nilakkottai,635467,Pallapatti,FULL,223353,Pallapatti(Gram Panchayat)-Nilakottai(Panchayat Samiti)-Dindigul(Zila Panchayat),10.18516,77.87262,284,7.3,596.8,7.8,2.3,14.3,36.0,0.57,0.02,8,LOW,NORMAL
TN-DGL-635474-232,Dindigul,Nilakkottai,635474,Pannaipatti,FULL,223525,P. Viralipatti(Gram Panchayat)-Batlagundu(Panchayat Samiti)-Dindigul(Zila Panchayat),10.18043,77.89603,363,7.9,316.8,8.6,10.5,39.3,31.2,1.07,0.0,14,LOW,NORMAL
TN-DGL-635482-233,Dindigul,Nilakkottai,635482,Pillaiyarnatham,FULL,223354,Pillaiyarnatham(Gram Panchayat)-Nilakottai(Panchayat Samiti)-Dindigul(Zila Panchayat),10.19188,77.84548,345,7.5,282.6,9.9,0.6,13.0,28.6,0.6,0.01,7,LOW,NORMAL
TN-DGL-635485-234,Dindigul,Nilakkottai,635485,Ramarajapuram,FULL,223355,Ramarajapuram(Gram Panchayat)-Nilakottai(Panchayat Samiti)-Dindigul(Zila Panchayat),10.16784,77.88742,324,7.1,429.4,12.6,7.2,34.1,33.9,0.98,-0.0,12,LOW,NORMAL
TN-DGL-635476-235,Dindigul,Nilakkottai,635476,Rengappanaickanpatti,FULL,223526,Rengappanaickenpatti(Gram Panchayat)-Batlagundu(Panchayat Samiti)-Dindigul(Zila Panchayat),10.17943,77.87532,401,10.3,107.7,15.1,0.6,29.1,50.9,0.74,0.03,15,LOW,NORMAL
TN-DGL-635477-236,Dindigul,Nilakkottai,635477,Sandaiyur,FULL,223527,Sandaiyur(Gram Panchayat)-Batlagundu(Panchayat Samiti)-Dindigul(Zila Panchayat),10.19352,77.89581,285,8.9,585.8,5.3,5.5,40.4,38.3,0.86,-0.02,10,LOW,NORMAL
TN-DGL-635478-237,Dindigul,Nilakkottai,635478,Sekkapatti,FULL,223528,Sekkapatti(Gram Panchayat)-Batlagundu(Panchayat Samiti)-Dindigul(Zila Panchayat),10.19188,77.84548,345,7.5,282.6,9.9,0.6,13.0,28.6,0.6,0.01,7,LOW,NORMAL
TN-DGL-635454-238,Dindigul,Nilakkottai,635454,Sengattampatti,FULL,223529,Sengattampatti(Gram Panchayat)-Batlagundu(Panchayat Samiti)-Dindigul(Zila Panchayat),10.13375,77.86557,243,12.0,373.7,15.4,10.6,20.5,49.7,0.51,0.02,19,LOW,NORMAL
TN-DGL-635489-239,Dindigul,Nilakkottai,635489,Sengattampatti R.F.,FULL,223529,Sengattampatti(Gram Panchayat)-Batlagundu(Panchayat Samiti)-Dindigul(Zila Panchayat),10.19632,77.8293,358,16.1,451.1,28.3,9.9,19.2,43.9,0.64,-0.01,19,LOW,NORMAL
TN-DGL-932466-240,Dindigul,Nilakkottai,932466,Sevugampatti,FULL,252716,Sevugampatti(Town Panchayat),10.15409,77.83789,314,10.4,86.9,34.8,25.3,113.4,62.0,1.98,0.09,43,ELEVATED,MONITORING
TN-DGL-635464-241,Dindigul,Nilakkottai,635464,Silukkuvarpatti,FULL,223357,Silukkuvarpatti(Gram Panchayat)-Nilakottai(Panchayat Samiti)-Dindigul(Zila Panchayat),10.17185,77.86653,377,8.5,401.8,4.8,9.3,26.3,29.1,0.85,0.02,13,LOW,NORMAL
TN-DGL-635481-242,Dindigul,Nilakkottai,635481,Sithargalnatham,PART,223358,Sithargalnatham(Gram Panchayat)-Nilakottai(Panchayat Samiti)-Dindigul(Zila Panchayat),10.18807,77.85531,388,10.6,479.9,46.9,11.6,41.9,48.6,0.8,-0.0,23,MODERATE,NORMAL
TN-DGL-635481-243,Dindigul,Nilakkottai,635481,Sithargalnatham,PART,223356,S.Mettupatti(Gram Panchayat)-Nilakottai(Panchayat Samiti)-Dindigul(Zila Panchayat),10.19879,77.85735,391,8.6,140.7,21.0,8.0,31.8,28.1,0.98,-0.02,14,LOW,NORMAL
TN-DGL-635472-244,Dindigul,Nilakkottai,635472,Sivagnanapuram,FULL,223359,Sivagnanapuram(Gram Panchayat)-Nilakottai(Panchayat Samiti)-Dindigul(Zila Panchayat),10.15657,77.86136,377,10.7,224.0,23.7,2.1,41.1,45.0,0.52,0.03,13,LOW,NORMAL
TN-DGL-635462-245,Dindigul,Nilakkottai,635462,Veelinaickanpatti,FULL,223360,Veelinaickenpatti(Gram Panchayat)-Nilakottai(Panchayat Samiti)-Dindigul(Zila Panchayat),10.18497,77.86859,371,8.2,527.0,25.2,1.6,26.8,34.6,0.66,-0.0,10,LOW,NORMAL
TN-DGL-635486-246,Dindigul,Nilakkottai,635486,Vilampatti,FULL,223361,Vilampatti(Gram Panchayat)-Nilakottai(Panchayat Samiti)-Dindigul(Zila Panchayat),10.15018,77.83053,330,9.4,492.6,9.6,1.0,28.0,34.2,0.89,0.02,10,LOW,NORMAL
TN-DGL-635487-247,Dindigul,Nilakkottai,635487,Viralimayanpatti,FULL,223530,Viralimayanpatti(Gram Panchayat)-Batlagundu(Panchayat Samiti)-Dindigul(Zila Panchayat),10.17349,77.84553,377,11.0,317.8,47.9,24.2,100.8,63.5,1.4,0.08,41,ELEVATED,MONITORING
TN-DGL-635475-248,Dindigul,Nilakkottai,635475,Viralipatti,PART,223515,Eluvanampatti(Gram Panchayat)-Batlagundu(Panchayat Samiti)-Dindigul(Zila Panchayat),10.18807,77.85531,388,10.6,479.9,46.9,11.6,41.9,48.6,0.8,-0.0,23,MODERATE,NORMAL
TN-DGL-635475-249,Dindigul,Nilakkottai,635475,Viralipatti,PART,223525,P. Viralipatti(Gram Panchayat)-Batlagundu(Panchayat Samiti)-Dindigul(Zila Panchayat),10.19879,77.85735,391,8.6,140.7,21.0,8.0,31.8,28.1,0.98,-0.02,14,LOW,NORMAL
TN-DGL-635488-250,Dindigul,Nilakkottai,635488,Viruveedu,FULL,223531,Viruveedu(Gram Panchayat)-Batlagundu(Panchayat Samiti)-Dindigul(Zila Panchayat),10.1939,77.8655,254,7.7,321.9,22.8,5.8,24.2,29.8,0.86,-0.01,12,LOW,NORMAL
TN-DGL-635206-251,Dindigul,Oddanchatram,635206,Ambilikai,FULL,223362,Ambilikai(Gram Panchayat)-Oddanchatram(Panchayat Samiti)-Dindigul(Zila Panchayat),10.46668,77.75957,429,10.9,595.1,17.5,6.5,43.9,49.1,0.52,0.0,16,LOW,NORMAL
TN-DGL-635176-252,Dindigul,Oddanchatram,635176,Appanuthu,FULL,223464,Appanuthu(Gram Panchayat)-Thoppampatty(Panchayat Samiti)-Dindigul(Zila Panchayat),10.44146,77.74325,301,8.1,490.3,39.6,7.2,27.6,46.6,0.78,-0.0,18,LOW,NORMAL
TN-DGL-635180-253,Dindigul,Oddanchatram,635180,Appayampatti,FULL,223466,Appiyampatty(Gram Panchayat)-Thoppampatty(Panchayat Samiti)-Dindigul(Zila Panchayat),10.49818,77.76214,300,7.9,515.2,18.0,3.7,21.3,32.6,0.76,0.0,11,LOW,NORMAL
TN-DGL-635191-254,Dindigul,Oddanchatram,635191,Appipalayam,FULL,223465,Appipalayam(Gram Panchayat)-Thoppampatty(Panchayat Samiti)-Dindigul(Zila Panchayat),10.50674,77.772,353,11.7,102.8,5.7,6.8,39.3,48.2,1.03,0.01,17,LOW,NORMAL
TN-DGL-635226-255,Dindigul,Oddanchatram,635226,Arasappapillaipatti,FULL,223363,Arasappapillaipatti(Gram Panchayat)-Oddanchatram(Panchayat Samiti)-Dindigul(Zila Panchayat),10.49692,77.72196,353,12.6,183.4,25.3,23.7,87.2,60.9,1.65,0.1,40,MODERATE,NORMAL
TN-DGL-635225-256,Dindigul,Oddanchatram,635225,Athicombai,FULL,223364,Athikombai(Gram Panchayat)-Oddanchatram(Panchayat Samiti)-Dindigul(Zila Panchayat),10.49692,77.72196,353,12.6,183.4,25.3,23.7,87.2,60.9,1.65,0.1,40,MODERATE,NORMAL
TN-DGL-635210-257,Dindigul,Oddanchatram,635210,Boduvarpatti,FULL,223467,Bodurvarpatty(Gram Panchayat)-Thoppampatty(Panchayat Samiti)-Dindigul(Zila Panchayat),10.51015,77.72666,415,9.2,599.3,45.8,20.0,97.0,71.1,1.96,0.09,45,ELEVATED,MONITORING
TN-DGL-635212-258,Dindigul,Oddanchatram,635212,Chatrapatti,PART,223365,Chatrapatti(Gram Panchayat)-Oddanchatram(Panchayat Samiti)-Dindigul(Zila Panchayat),10.48997,77.78686,268,8.4,198.5,8.8,10.5,37.0,38.6,0.81,0.0,13,LOW,NORMAL
TN-DGL-635212-259,Dindigul,Oddanchatram,635212,Chatrapatti,PART,223394,Velur-Annapatti(Gram Panchayat)-Oddanchatram(Panchayat Samiti)-Dindigul(Zila Panchayat),10.50786,77.77136,303,6.2,416.2,22.4,9.6,33.9,33.0,0.63,-0.01,13,LOW,NORMAL
TN-DGL-635185-260,Dindigul,Oddanchatram,635185,Chinnakkampatti,FULL,223366,Chinnakkampatti(Gram Panchayat)-Oddanchatram(Panchayat Samiti)-Dindigul(Zila Panchayat),10.50674,77.772,353,11.7,102.8,5.7,6.8,39.3,48.2,1.03,0.01,17,LOW,NORMAL
TN-DGL-635228-261,Dindigul,Oddanchatram,635228,Dasaripatti,FULL,223367,D.Pudukottai(Gram Panchayat)-Oddanchatram(Panchayat Samiti)-Dindigul(Zila Panchayat),10.50684,77.73333,291,13.2,283.9,34.0,9.2,29.2,48.4,0.55,0.01,20,LOW,NORMAL
TN-DGL-635209-262,Dindigul,Oddanchatram,635209,Devathur,FULL,223468,Devathur(Gram Panchayat)-Thoppampatty(Panchayat Samiti)-Dindigul(Zila Panchayat),10.50786,77.77136,303,6.2,416.2,22.4,9.6,33.9,33.0,0.63,-0.01,13,LOW,NORMAL
TN-DGL-635229-263,Dindigul,Oddanchatram,635229,D.Pudukottai,FULL,223367,D.Pudukottai(Gram Panchayat)-Oddanchatram(Panchayat Samiti)-Dindigul(Zila Panchayat),10.48907,77.73392,363,9.1,447.7,39.8,1.5,20.0,38.5,1.0,-0.01,14,LOW,NORMAL
TN-DGL-635184-264,Dindigul,Oddanchatram,635184,Ellapatti,FULL,223369,Ellaipatti(Gram Panchayat)-Oddanchatram(Panchayat Samiti)-Dindigul(Zila Panchayat),10.49267,77.73379,385,7.0,196.4,42.3,22.5,105.8,67.1,1.69,0.06,41,ELEVATED,MONITORING
TN-DGL-635200-265,Dindigul,Oddanchatram,635200,Idayakottai,FULL,223368,Edayakottai(Gram Panchayat)-Oddanchatram(Panchayat Samiti)-Dindigul(Zila Panchayat),10.51271,77.75852,293,6.3,467.0,30.6,3.7,29.4,33.1,1.08,0.03,14,LOW,NORMAL
TN-DGL-635186-266,Dindigul,Oddanchatram,635186,I.Vadipatti,FULL,223370,I.Vadipatti(Gram Panchayat)-Oddanchatram(Panchayat Samiti)-Dindigul(Zila Panchayat),10.51136,77.76821,337,7.5,422.7,29.2,3.7,31.9,34.7,0.57,0.02,12,LOW,NORMAL
TN-DGL-635204-267,Dindigul,Oddanchatram,635204,Jawadupatti,FULL,223371,Javadupatti(Gram Panchayat)-Oddanchatram(Panchayat Samiti)-Dindigul(Zila Panchayat),10.50786,77.77136,303,6.2,416.2,22.4,9.6,33.9,33.0,0.63,-0.01,13,LOW,NORMAL
TN-DGL-635203-268,Dindigul,Oddanchatram,635203,Jogipatti,FULL,223372,Johipatti(Gram Panchayat)-Oddanchatram(Panchayat Samiti)-Dindigul(Zila Panchayat),10.50786,77.77136,303,6.2,416.2,22.4,9.6,33.9,33.0,0.63,-0.01,13,LOW,NORMAL
TN-DGL-635223-269,Dindigul,Oddanchatram,635223,Kalanjipatti,FULL,223374,Kalanjipatti(Gram Panchayat)-Oddanchatram(Panchayat Samiti)-Dindigul(Zila Panchayat),10.48907,77.73392,363,9.1,447.7,39.8,1.5,20.0,38.5,1.0,-0.01,14,LOW,NORMAL
TN-DGL-635189-270,Dindigul,Oddanchatram,635189,Kallimandayam,FULL,223469,Kallimandayam(Gram Panchayat)-Thoppampatty(Panchayat Samiti)-Dindigul(Zila Panchayat),10.46213,77.7641,338,7.4,428.3,10.5,10.3,30.6,37.8,0.87,-0.01,13,LOW,NORMAL
TN-DGL-635202-271,Dindigul,Oddanchatram,635202,Kallupatti,FULL,223368,Edayakottai(Gram Panchayat)-Oddanchatram(Panchayat Samiti)-Dindigul(Zila Panchayat),10.44603,77.75298,260,8.6,273.5,37.3,22.8,114.8,74.2,1.32,0.08,44,ELEVATED,MONITORING
TN-DGL-635216-272,Dindigul,Oddanchatram,635216,Kappilliapatti,FULL,223375,Kappiliapatti(Gram Panchayat)-Oddanchatram(Panchayat Samiti)-Dindigul(Zila Panchayat),10.45951,77.7618,287,6.3,590.4,5.4,22.0,98.8,61.3,1.67,0.07,33,MODERATE,NORMAL
TN-DGL-635188-273,Dindigul,Oddanchatram,635188,Kariyampatti,FULL,223470,Kariyampatti(Gram Panchayat)-Thoppampatty(Panchayat Samiti)-Dindigul(Zila Panchayat),10.51601,77.77231,256,11.3,348.5,20.3,3.4,27.5,43.7,0.88,-0.0,14,LOW,NORMAL
TN-DGL-635215-274,Dindigul,Oddanchatram,635215,Kaveriyammapatti,FULL,223376,Kaveriammapatti(Gram Panchayat)-Oddanchatram(Panchayat Samiti)-Dindigul(Zila Panchayat),10.50684,77.73333,291,13.2,283.9,34.0,9.2,29.2,48.4,0.55,0.01,20,LOW,NORMAL
TN-DGL-635222-275,Dindigul,Oddanchatram,635222,Kedayurambu,FULL,223377,Kethaiyurumbu(Gram Panchayat)-Oddanchatram(Panchayat Samiti)-Dindigul(Zila Panchayat),10.44519,77.7522,385,12.4,633.3,19.5,6.7,29.9,41.0,0.48,-0.01,13,LOW,NORMAL
TN-DGL-635218-276,Dindigul,Oddanchatram,635218,Kollapatti,FULL,223378,Kollapatti(Gram Panchayat)-Oddanchatram(Panchayat Samiti)-Dindigul(Zila Panchayat),10.4788,77.77666,400,10.1,89.8,34.8,11.6,31.8,41.6,0.84,-0.01,18,LOW,NORMAL
TN-DGL-635187-277,Dindigul,Oddanchatram,635187,Kondarangi Keeranur,FULL,223373,K.Keeranur(Gram Panchayat)-Oddanchatram(Panchayat Samiti)-Dindigul(Zila Panchayat),10.50975,77.73032,372,7.0,451.4,35.7,6.8,27.3,28.6,0.73,0.02,14,LOW,NORMAL
TN-DGL-635181-278,Dindigul,Oddanchatram,635181,Koothampoodi,FULL,223472,Koothampoondi(Gram Panchayat)-Thoppampatty(Panchayat Samiti)-Dindigul(Zila Panchayat),10.46213,77.7641,338,7.4,428.3,10.5,10.3,30.6,37.8,0.87,-0.01,13,LOW,NORMAL
TN-DGL-635193-279,Dindigul,Oddanchatram,635193,Kothayam,FULL,223474,Kothaiyam(Gram Panchayat)-Thoppampatty(Panchayat Samiti)-Dindigul(Zila Panchayat),10.44558,77.78238,355,9.2,177.1,28.8,17.2,89.9,75.8,1.64,0.05,41,ELEVATED,MONITORING
TN-DGL-635199-280,Dindigul,Oddanchatram,635199,Kuthiluppai,FULL,223379,Kuthiluppai(Gram Panchayat)-Oddanchatram(Panchayat Samiti)-Dindigul(Zila Panchayat),10.46033,77.76675,315,11.5,94.0,24.7,17.4,114.4,76.0,1.51,0.09,42,ELEVATED,MONITORING
TN-DGL-635224-281,Dindigul,Oddanchatram,635224,Lakkayankottai,FULL,223380,Lakkayankottai(Gram Panchayat)-Oddanchatram(Panchayat Samiti)-Dindigul(Zila Panchayat),10.48607,77.72967,363,12.9,282.1,13.8,3.7,35.1,31.2,0.53,0.02,11,LOW,NORMAL
TN-DGL-635196-282,Dindigul,Oddanchatram,635196,Mandavadi,FULL,223381,Mandavadi(Gram Panchayat)-Oddanchatram(Panchayat Samiti)-Dindigul(Zila Panchayat),10.45776,77.77445,408,9.5,565.3,40.6,17.7,79.2,70.3,1.65,0.1,42,ELEVATED,MONITORING
TN-DGL-635211-283,Dindigul,Oddanchatram,635211,Manjanaickenpatti,FULL,223477,Manjanaickenpatti(Gram Panchayat)-Thoppampatty(Panchayat Samiti)-Dindigul(Zila Panchayat),10.4788,77.77666,400,10.1,89.8,34.8,11.6,31.8,41.6,0.84,-0.01,18,LOW,NORMAL
TN-DGL-635183-284,Dindigul,Oddanchatram,635183,Markampatti,FULL,223382,Markkampatti(Gram Panchayat)-Oddanchatram(Panchayat Samiti)-Dindigul(Zila Panchayat),10.51015,77.72666,415,9.2,599.3,45.8,20.0,97.0,71.1,1.96,0.09,45,ELEVATED,MONITORING
TN-DGL-635182-285,Dindigul,Oddanchatram,635182,M.Athappampatti,FULL,223382,Markkampatti(Gram Panchayat)-Oddanchatram(Panchayat Samiti)-Dindigul(Zila Panchayat),10.51015,77.72666,415,9.2,599.3,45.8,20.0,97.0,71.1,1.96,0.09,45,ELEVATED,MONITORING
TN-DGL-635197-286,Dindigul,Oddanchatram,635197,Navakani,FULL,223382,Markkampatti(Gram Panchayat)-Oddanchatram(Panchayat Samiti)-Dindigul(Zila Panchayat),10.44621,77.75751,405,7.5,462.3,40.5,7.1,31.9,40.6,0.49,0.03,15,LOW,NORMAL
TN-DGL-635198-287,Dindigul,Oddanchatram,635198,Odaipatty,FULL,223383,Odaipatti(Gram Panchayat)-Oddanchatram(Panchayat Samiti)-Dindigul(Zila Panchayat),10.49386,77.75897,381,9.6,101.1,14.0,1.0,39.0,30.9,0.44,0.02,8,LOW,NORMAL
TN-DGL-932440-288,Dindigul,Oddanchatram,932440,Oddanchatram,FULL,252695,Oddanchatram(Municipality),10.48318,77.71808,405,7.1,117.2,15.5,5.1,31.7,45.0,0.69,-0.01,12,LOW,NORMAL
TN-DGL-635178-289,Dindigul,Oddanchatram,635178,Palappampatti,FULL,223485,Palappanpatti(Gram Panchayat)-Thoppampatty(Panchayat Samiti)-Dindigul(Zila Panchayat),10.51015,77.72666,415,9.2,599.3,45.8,20.0,97.0,71.1,1.96,0.09,45,ELEVATED,MONITORING
TN-DGL-635177-290,Dindigul,Oddanchatram,635177,Paruthiyur,FULL,223486,Paruthiyur(Gram Panchayat)-Thoppampatty(Panchayat Samiti)-Dindigul(Zila Panchayat),10.51015,77.72666,415,9.2,599.3,45.8,20.0,97.0,71.1,1.96,0.09,45,ELEVATED,MONITORING
TN-DGL-635207-291,Dindigul,Oddanchatram,635207,Periyakottai,FULL,223384,Periakottai(Gram Panchayat)-Oddanchatram(Panchayat Samiti)-Dindigul(Zila Panchayat),10.51996,77.71539,402,9.6,64.4,20.3,1.8,35.1,42.8,0.96,0.02,13,LOW,NORMAL
TN-DGL-635179-292,Dindigul,Oddanchatram,635179,Poosaripatti,FULL,223487,Poosaripatti(Gram Panchayat)-Thoppampatty(Panchayat Samiti)-Dindigul(Zila Panchayat),10.50786,77.77136,303,6.2,416.2,22.4,9.6,33.9,33.0,0.63,-0.01,13,LOW,NORMAL
TN-DGL-635190-293,Dindigul,Oddanchatram,635190,Porulur,FULL,223488,Porulur(Gram Panchayat)-Thoppampatty(Panchayat Samiti)-Dindigul(Zila Panchayat),10.44621,77.75751,405,7.5,462.3,40.5,7.1,31.9,40.6,0.49,0.03,15,LOW,NORMAL
TN-DGL-635195-294,Dindigul,Oddanchatram,635195,Pottikampatti,FULL,223493,Sikkamanaickenpatti(Gram Panchayat)-Thoppampatty(Panchayat Samiti)-Dindigul(Zila Panchayat),10.50684,77.73333,291,13.2,283.9,34.0,9.2,29.2,48.4,0.55,0.01,20,LOW,NORMAL
TN-DGL-635208-295,Dindigul,Oddanchatram,635208,Pudur,FULL,223462,16-Pudur(Gram Panchayat)-Thoppampatty(Panchayat Samiti)-Dindigul(Zila Panchayat),10.44345,77.76344,396,6.9,128.8,22.0,10.3,49.7,31.4,0.99,0.01,15,LOW,NORMAL
TN-DGL-635221-296,Dindigul,Oddanchatram,635221,Puliyamarathukottai,FULL,223386,Pulliamarathukottai(Gram Panchayat)-Oddanchatram(Panchayat Samiti)-Dindigul(Zila Panchayat),10.45707,77.76844,362,7.6,297.9,41.2,9.1,35.7,44.5,0.9,0.03,20,LOW,NORMAL
TN-DGL-635220-297,Dindigul,Oddanchatram,635220,Puliyurnatham,FULL,223385,Puliyurnatham(Gram Panchayat)-Oddanchatram(Panchayat Samiti)-Dindigul(Zila Panchayat),10.45707,77.76844,362,7.6,297.9,41.2,9.1,35.7,44.5,0.9,0.03,20,LOW,NORMAL
TN-DGL-635192-298,Dindigul,Oddanchatram,635192,Pungamuthur,FULL,223490,Pungamuthur(Gram Panchayat)-Thoppampatty(Panchayat Samiti)-Dindigul(Zila Panchayat),10.46959,77.75826,306,8.2,110.9,17.4,4.4,14.3,28.6,0.45,0.03,10,LOW,NORMAL
TN-DGL-635214-299,Dindigul,Oddanchatram,635214,Reddiapatti,FULL,223387,Reddiapatti(Gram Panchayat)-Oddanchatram(Panchayat Samiti)-Dindigul(Zila Panchayat),10.456,77.75692,250,12.1,336.2,29.9,21.4,106.6,62.2,1.76,0.06,39,MODERATE,NORMAL
TN-DGL-635194-300,Dindigul,Oddanchatram,635194,Sikkamanaickenpatti,FULL,223493,Sikkamanaickenpatti(Gram Panchayat)-Thoppampatty(Panchayat Samiti)-Dindigul(Zila Panchayat),10.4788,77.77666,400,10.1,89.8,34.8,11.6,31.8,41.6,0.84,-0.01,18,LOW,NORMAL
TN-DGL-635205-301,Dindigul,Oddanchatram,635205,Sindaiapatti,FULL,223388,Sindalaipatti(Gram Panchayat)-Oddanchatram(Panchayat Samiti)-Dindigul(Zila Panchayat),10.45155,77.71493,337,10.2,253.9,32.5,4.6,26.6,49.0,0.97,-0.02,19,LOW,NORMAL
TN-DGL-635230-302,Dindigul,Oddanchatram,635230,Sindalavadampatti,FULL,223389,Sindalavadampatti(Gram Panchayat)-Oddanchatram(Panchayat Samiti)-Dindigul(Zila Panchayat),10.47295,77.77923,294,8.7,390.5,16.9,23.9,98.9,73.2,1.27,0.1,41,ELEVATED,MONITORING
TN-DGL-635217-303,Dindigul,Oddanchatram,635217,Thangachiammapatti,FULL,223390,Thangachiammapatti(Gram Panchayat)-Oddanchatram(Panchayat Samiti)-Dindigul(Zila Panchayat),10.47038,77.71682,347,9.0,136.9,6.5,3.6,13.8,46.2,0.67,0.02,12,LOW,NORMAL
TN-DGL-635231-304,Dindigul,Oddanchatram,635231,Vadagadu,FULL,223391,Vadakadu(Gram Panchayat)-Oddanchatram(Panchayat Samiti)-Dindigul(Zila Panchayat),10.46622,77.73656,268,6.5,230.7,22.9,25.1,91.7,65.4,1.29,0.09,38,MODERATE,NORMAL
TN-DGL-635201-305,Dindigul,Oddanchatram,635201,Valayapatti,FULL,223392,Valayapatti(Gram Panchayat)-Oddanchatram(Panchayat Samiti)-Dindigul(Zila Panchayat),10.45155,77.71493,337,10.2,253.9,32.5,4.6,26.6,49.0,0.97,-0.02,19,LOW,NORMAL
TN-DGL-635213-306,Dindigul,Oddanchatram,635213,Veeralapatti,FULL,223393,Veeralapatti(Gram Panchayat)-Oddanchatram(Panchayat Samiti)-Dindigul(Zila Panchayat),10.49424,77.77992,356,10.2,300.1,45.8,8.1,38.1,43.5,0.57,-0.0,18,LOW,NORMAL
TN-DGL-635219-307,Dindigul,Oddanchatram,635219,Veriyapur,FULL,223395,Veriyappur(Gram Panchayat)-Oddanchatram(Panchayat Samiti)-Dindigul(Zila Panchayat),10.48317,77.75622,425,6.7,456.7,33.0,17.3,113.1,67.3,1.52,0.06,37,MODERATE,NORMAL
TN-DGL-635227-308,Dindigul,Oddanchatram,635227,Virupakshi,FULL,223396,Virupatchi(Gram Panchayat)-Oddanchatram(Panchayat Samiti)-Dindigul(Zila Panchayat),10.46622,77.73656,268,6.5,230.7,22.9,25.1,91.7,65.4,1.29,0.09,38,MODERATE,NORMAL
TN-DGL-635158-309,Dindigul,Palani,635158,A-Kalayamputhur,PART,223397,A. Kalayamputhur(Gram Panchayat)-Palani(Panchayat Samiti)-Dindigul(Zila Panchayat),10.48015,77.49666,495,18.2,599.3,45.8,20.0,97.0,71.1,1.96,0.09,48,ELEVATED,MONITORING
TN-DGL-635158-310,Dindigul,Palani,635158,A-Kalayamputhur,PART,223406,Karadikoottam(Gram Panchayat)-Palani(Panchayat Samiti)-Dindigul(Zila Panchayat),10.42233,77.52855,497,22.4,111.0,28.5,0.7,13.2,41.6,0.53,0.02,16,LOW,NORMAL
TN-DGL-635138-311,Dindigul,Palani,635138,Akkaraipatti,FULL,223463,Akkaraipatty(Gram Panchayat)-Thoppampatty(Panchayat Samiti)-Dindigul(Zila Panchayat),10.41487,77.49977,341,17.6,490.4,23.3,1.0,20.5,33.6,0.98,0.01,15,LOW,NORMAL
TN-DGL-635149-312,Dindigul,Palani,635149,Amarapoondi,FULL,223398,Amarapoondi(Gram Panchayat)-Palani(Panchayat Samiti)-Dindigul(Zila Panchayat),10.48601,77.54231,336,20.3,348.5,20.3,3.4,27.5,43.7,0.88,-0.0,17,LOW,NORMAL
TN-DGL-635163-313,Dindigul,Palani,635163,Andipatti,FULL,223399,Andipatti(Gram Panchayat)-Palani(Panchayat Samiti)-Dindigul(Zila Panchayat),10.44503,77.52852,352,15.4,101.2,34.3,5.0,17.6,49.5,0.74,-0.02,20,LOW,NORMAL
TN-DGL-932582-314,Dindigul,Palani,932582,Ayakudi East,PART,252691,Ayakudi(Town Panchayat),10.45376,77.55194,425,18.8,608.7,31.1,23.0,108.9,72.0,1.58,0.06,46,ELEVATED,MONITORING
TN-DGL-932587-315,Dindigul,Palani,932587,Ayakudi West,PART,252691,Ayakudi(Town Panchayat),10.43002,77.52046,340,21.2,153.5,20.7,5.7,38.4,30.9,1.07,-0.01,18,LOW,NORMAL
TN-DGL-635140-316,Dindigul,Palani,635140,Ayyampalayam,FULL,223400,R. Ayyampalayam(Gram Panchayat)-Palani(Panchayat Samiti)-Dindigul(Zila Panchayat),10.43078,77.51297,360,21.5,264.5,22.5,26.6,94.0,56.1,1.52,0.07,40,MODERATE,NORMAL
TN-DGL-932566-317,Dindigul,Palani,932566,Ayyampulli,PART,252691,Ayakudi(Town Panchayat),10.47998,77.51041,488,16.8,614.3,10.2,11.1,32.7,48.1,0.64,0.01,20,LOW,NORMAL
TN-DGL-932566-318,Dindigul,Palani,932566,Ayyampulli,PART,252694,Balasamudram(Town Panchayat),10.41808,77.5461,470,21.8,376.4,36.6,4.7,13.8,41.9,0.63,0.02,19,LOW,NORMAL
TN-DGL-932571-319,Dindigul,Palani,932571,Balasumudram,FULL,252694,Balasamudram(Town Panchayat),10.44551,77.48001,491,22.5,291.1,13.1,0.3,18.5,29.7,0.77,0.02,14,LOW,NORMAL
TN-DGL-635174-320,Dindigul,Palani,635174,Chinnakalayamputhur (Ct),FULL,223401,Chinnakalayamputhur(Gram Panchayat)-Palani(Panchayat Samiti)-Dindigul(Zila Panchayat),10.4488,77.54666,480,19.1,89.8,34.8,11.6,31.8,41.6,0.84,-0.01,21,MODERATE,NORMAL
TN-DGL-635142-321,Dindigul,Palani,635142,Chithraikulam,FULL,223402,Chithiraikulam(Gram Panchayat)-Palani(Panchayat Samiti)-Dindigul(Zila Panchayat),10.48611,77.55215,398,15.4,141.3,16.7,5.1,29.8,43.1,0.47,-0.0,14,LOW,NORMAL
TN-DGL-635164-322,Dindigul,Palani,635164,Cinnammapatti,FULL,223399,Andipatti(Gram Panchayat)-Palani(Panchayat Samiti)-Dindigul(Zila Panchayat),10.43352,77.49328,387,19.2,487.9,5.5,7.9,46.7,49.4,0.52,-0.01,18,LOW,NORMAL
TN-DGL-635151-323,Dindigul,Palani,635151,Erramanaickenpatti,FULL,223403,Eramanaickenpatti(Gram Panchayat)-Palani(Panchayat Samiti)-Dindigul(Zila Panchayat),10.45659,77.52191,406,15.9,566.9,5.4,11.9,33.7,37.4,0.71,-0.02,15,LOW,NORMAL
TN-DGL-635170-324,Dindigul,Palani,635170,Iravimangalam,FULL,223407,Kavalapatti(Gram Panchayat)-Palani(Panchayat Samiti)-Dindigul(Zila Panchayat),10.4488,77.54666,480,19.1,89.8,34.8,11.6,31.8,41.6,0.84,-0.01,21,MODERATE,NORMAL
TN-DGL-635156-325,Dindigul,Palani,635156,Kalickkanaickenpatti,FULL,223404,Kalikkanaickenpatti(Gram Panchayat)-Palani(Panchayat Samiti)-Dindigul(Zila Panchayat),10.46692,77.49196,433,21.6,183.4,25.3,23.7,87.2,60.9,1.65,0.1,43,ELEVATED,MONITORING
TN-DGL-635152-326,Dindigul,Palani,635152,Kanakkampatty,FULL,223405,Kanakkanpatti(Gram Panchayat)-Palani(Panchayat Samiti)-Dindigul(Zila Panchayat),10.42776,77.54445,488,18.5,565.3,40.6,17.7,79.2,70.3,1.65,0.1,45,ELEVATED,MONITORING
TN-DGL-635173-327,Dindigul,Palani,635173,Kavadikoottam R.F.,FULL,223415,Thamaraikulam(Gram Panchayat)-Palani(Panchayat Samiti)-Dindigul(Zila Panchayat),10.45629,77.50836,559,22.9,634.3,14.7,1.8,41.2,29.6,0.85,0.01,15,LOW,NORMAL
TN-DGL-635166-328,Dindigul,Palani,635166,Kavalapatti,FULL,223407,Kavalapatti(Gram Panchayat)-Palani(Panchayat Samiti)-Dindigul(Zila Panchayat),10.4488,77.54666,480,19.1,89.8,34.8,11.6,31.8,41.6,0.84,-0.01,21,MODERATE,NORMAL
TN-DGL-932591-329,Dindigul,Palani,932591,Keeranur,FULL,252845,Keeranur(Town Panchayat),10.42148,77.52565,358,17.9,146.9,16.9,3.2,24.4,42.9,1.03,0.0,16,LOW,NORMAL
TN-DGL-635157-330,Dindigul,Palani,635157,Kodaimangalam,FULL,223408,Kothaimangalam(Gram Panchayat)-Palani(Panchayat Samiti)-Dindigul(Zila Panchayat),10.42146,77.5584,370,18.9,106.8,27.8,6.2,24.3,42.0,1.04,0.03,20,LOW,NORMAL
TN-DGL-635130-331,Dindigul,Palani,635130,Kolumakondan,FULL,223471,Kolumankondan(Gram Panchayat)-Thoppampatty(Panchayat Samiti)-Dindigul(Zila Panchayat),10.48601,77.54231,336,20.3,348.5,20.3,3.4,27.5,43.7,0.88,-0.0,17,LOW,NORMAL
TN-DGL-635154-332,Dindigul,Palani,635154,Kombaipatti,FULL,223405,Kanakkanpatti(Gram Panchayat)-Palani(Panchayat Samiti)-Dindigul(Zila Panchayat),10.43352,77.49328,387,19.2,487.9,5.5,7.9,46.7,49.4,0.52,-0.01,18,LOW,NORMAL
TN-DGL-635132-333,Dindigul,Palani,635132,Korikadavu,FULL,223473,Korikadavu(Gram Panchayat)-Thoppampatty(Panchayat Samiti)-Dindigul(Zila Panchayat),10.48271,77.52852,373,15.3,467.0,30.6,3.7,29.4,33.1,1.08,0.03,17,LOW,NORMAL
TN-DGL-635122-334,Dindigul,Palani,635122,Kottathurai,FULL,223475,Kottathurai(Gram Panchayat)-Thoppampatty(Panchayat Samiti)-Dindigul(Zila Panchayat),10.43078,77.51297,360,21.5,264.5,22.5,26.6,94.0,56.1,1.52,0.07,40,MODERATE,NORMAL
TN-DGL-635131-335,Dindigul,Palani,635131,Kovilammapatti,FULL,223476,Kovilammapatti(Gram Panchayat)-Thoppampatty(Panchayat Samiti)-Dindigul(Zila Panchayat),10.41634,77.54585,345,18.2,408.0,46.4,22.8,91.2,71.9,1.79,0.1,50,ELEVATED,MONITORING
TN-DGL-635145-336,Dindigul,Palani,635145,Manoor,FULL,223478,Manur(Gram Panchayat)-Thoppampatty(Panchayat Samiti)-Dindigul(Zila Panchayat),10.46692,77.49196,433,21.6,183.4,25.3,23.7,87.2,60.9,1.65,0.1,43,ELEVATED,MONITORING
TN-DGL-635135-337,Dindigul,Palani,635135,Marichilambu,FULL,223479,Marichilambu(Gram Panchayat)-Thoppampatty(Panchayat Samiti)-Dindigul(Zila Panchayat),10.41558,77.55238,435,18.2,177.1,28.8,17.2,89.9,75.8,1.64,0.05,45,ELEVATED,MONITORING
TN-DGL-635148-338,Dindigul,Palani,635148,Melakottai,FULL,223409,Melakkottai(Gram Panchayat)-Palani(Panchayat Samiti)-Dindigul(Zila Panchayat),10.43352,77.49328,387,19.2,487.9,5.5,7.9,46.7,49.4,0.52,-0.01,18,LOW,NORMAL
TN-DGL-635125-339,Dindigul,Palani,635125,Melkaraipatti,FULL,223480,Melkaraipatti(Gram Panchayat)-Thoppampatty(Panchayat Samiti)-Dindigul(Zila Panchayat),10.47975,77.50032,452,16.0,451.4,35.7,6.8,27.3,28.6,0.73,0.02,18,LOW,NORMAL
TN-DGL-635123-340,Dindigul,Palani,635123,Mettupatti,FULL,223481,Mettupatti(Gram Panchayat)-Thoppampatty(Panchayat Samiti)-Dindigul(Zila Panchayat),10.48611,77.55215,398,15.4,141.3,16.7,5.1,29.8,43.1,0.47,-0.0,14,LOW,NORMAL
TN-DGL-635128-341,Dindigul,Palani,635128,Midapadi,FULL,223482,Midapadi(Gram Panchayat)-Thoppampatty(Panchayat Samiti)-Dindigul(Zila Panchayat),10.48009,77.52016,397,20.0,150.2,42.8,27.1,95.0,57.7,1.32,0.07,42,ELEVATED,MONITORING
TN-DGL-635155-342,Dindigul,Palani,635155,Mollampatti,FULL,223483,Mollampatti(Gram Panchayat)-Thoppampatty(Panchayat Samiti)-Dindigul(Zila Panchayat),10.41519,77.5222,465,21.4,633.3,19.5,1.9,25.1,40.5,0.78,-0.01,15,LOW,NORMAL
TN-DGL-635127-343,Dindigul,Palani,635127,Muthunaickenpatti,FULL,223484,Muthunaickenpatti(Gram Panchayat)-Thoppampatty(Panchayat Samiti)-Dindigul(Zila Panchayat),10.45997,77.55686,348,17.4,198.5,8.8,10.5,37.0,38.6,0.81,0.0,16,LOW,NORMAL
TN-DGL-635159-344,Dindigul,Palani,635159,Neikarapatti,FULL,223406,Karadikoottam(Gram Panchayat)-Palani(Panchayat Samiti)-Dindigul(Zila Panchayat),10.41345,77.53344,476,15.9,128.8,22.0,10.3,49.7,31.4,0.99,0.01,18,LOW,NORMAL
TN-DGL-635153-345,Dindigul,Palani,635153,Pachalanaickenpatti,FULL,223410,Pachelanaickenpatti(Gram Panchayat)-Palani(Panchayat Samiti)-Dindigul(Zila Panchayat),10.48996,77.48539,482,18.6,64.4,20.3,1.8,35.1,42.8,0.96,0.02,16,LOW,NORMAL
TN-DGL-932558-346,Dindigul,Palani,932558,Palani,FULL,252692,Palani(Municipality),10.45066,77.54301,346,16.2,450.7,21.3,0.7,21.3,47.5,0.73,-0.02,15,LOW,NORMAL
TN-DGL-635161-347,Dindigul,Palani,635161,Pappampatti,FULL,223411,Pappampatti(Gram Panchayat)-Palani(Panchayat Samiti)-Dindigul(Zila Panchayat),10.45949,77.5134,399,15.5,165.9,21.6,1.1,35.0,41.0,0.5,0.01,12,LOW,NORMAL
TN-DGL-932613-348,Dindigul,Palani,932613,Periyakalayamputhur,PART,252693,Neikkarapatti(Town Panchayat),10.4479,77.52873,331,21.4,322.9,26.8,16.8,116.2,74.3,1.45,0.08,44,ELEVATED,MONITORING
TN-DGL-635171-349,Dindigul,Palani,635171,Periyammapatti,FULL,223412,Periammapatti(Gram Panchayat)-Palani(Panchayat Samiti)-Dindigul(Zila Panchayat),10.44038,77.48682,427,18.0,136.9,6.5,3.6,13.8,46.2,0.67,0.02,15,LOW,NORMAL
TN-DGL-635144-350,Dindigul,Palani,635144,Pethanaickenpatti,FULL,223413,Pethanaickenpatti(Gram Panchayat)-Palani(Panchayat Samiti)-Dindigul(Zila Panchayat),10.4488,77.54666,480,19.1,89.8,34.8,11.6,31.8,41.6,0.84,-0.01,21,MODERATE,NORMAL
TN-DGL-932578-351,Dindigul,Palani,932578,Puduchu,FULL,252694,Balasamudram(Town Panchayat),10.44007,77.54639,420,15.9,505.9,10.7,8.8,35.7,28.1,0.49,0.0,14,LOW,NORMAL
TN-DGL-635137-352,Dindigul,Palani,635137,Pudur,FULL,223496,Thumbalapatty(Gram Panchayat)-Thoppampatty(Panchayat Samiti)-Dindigul(Zila Panchayat),10.47684,77.50333,371,22.2,283.9,34.0,9.2,29.2,48.4,0.55,0.01,24,MODERATE,NORMAL
TN-DGL-635147-353,Dindigul,Palani,635147,Puliampatti,FULL,223489,Puliampatti(Gram Panchayat)-Thoppampatty(Panchayat Samiti)-Dindigul(Zila Panchayat),10.45629,77.50836,479,18.3,634.3,14.7,6.2,21.0,30.6,0.71,0.02,15,LOW,NORMAL
TN-DGL-635129-354,Dindigul,Palani,635129,Pushpathur,FULL,223491,Pushpathur(Gram Panchayat)-Thoppampatty(Panchayat Samiti)-Dindigul(Zila Panchayat),10.41621,77.52751,485,16.5,462.3,40.5,7.1,31.9,40.6,0.49,0.03,18,LOW,NORMAL
TN-DGL-635126-355,Dindigul,Palani,635126,Rajampatti,FULL,223492,Rajampatti(Gram Panchayat)-Thoppampatty(Panchayat Samiti)-Dindigul(Zila Panchayat),10.46692,77.49196,433,21.6,183.4,25.3,23.7,87.2,60.9,1.65,0.1,43,ELEVATED,MONITORING
TN-DGL-635165-356,Dindigul,Palani,635165,Reddaiyambadi,FULL,223411,Pappampatti(Gram Panchayat)-Palani(Panchayat Samiti)-Dindigul(Zila Panchayat),10.45685,77.51324,389,15.4,502.0,42.0,7.8,27.4,38.7,0.74,0.02,19,LOW,NORMAL
TN-DGL-635160-357,Dindigul,Palani,635160,R.Vadipatti (North),FULL,223407,Kavalapatti(Gram Panchayat)-Palani(Panchayat Samiti)-Dindigul(Zila Panchayat),10.42707,77.53844,442,16.6,297.9,41.2,9.1,35.7,44.5,0.9,0.03,23,MODERATE,NORMAL
TN-DGL-635167-358,Dindigul,Palani,635167,R.Vadipatti (South),FULL,223407,Kavalapatti(Gram Panchayat)-Palani(Panchayat Samiti)-Dindigul(Zila Panchayat),10.42598,77.5085,443,16.5,443.6,4.5,0.5,18.0,31.3,1.01,0.01,12,LOW,NORMAL
TN-DGL-635168-359,Dindigul,Palani,635168,Sitharevu,FULL,223407,Kavalapatti(Gram Panchayat)-Palani(Panchayat Samiti)-Dindigul(Zila Panchayat),10.46317,77.51271,402,17.7,391.8,22.9,11.4,34.3,43.4,0.8,-0.01,20,LOW,NORMAL
TN-DGL-635175-360,Dindigul,Palani,635175,Sivagiripatti (Ct),FULL,223414,Sivagiripatti(Gram Panchayat)-Palani(Panchayat Samiti)-Dindigul(Zila Panchayat),10.43622,77.50656,348,15.5,230.7,22.9,25.1,91.7,65.4,1.29,0.09,41,ELEVATED,MONITORING
TN-DGL-635143-361,Dindigul,Palani,635143,Sukkamanaickenpatti,PART,223413,Pethanaickenpatti(Gram Panchayat)-Palani(Panchayat Samiti)-Dindigul(Zila Panchayat),10.42048,77.48212,388,20.3,349.4,37.9,4.6,23.5,35.3,0.61,-0.0,17,LOW,NORMAL
TN-DGL-635172-362,Dindigul,Palani,635172,Tamaraikulam,FULL,223415,Thamaraikulam(Gram Panchayat)-Palani(Panchayat Samiti)-Dindigul(Zila Panchayat),10.43589,77.50495,344,19.0,356.0,6.9,4.9,26.9,29.2,0.66,-0.01,13,LOW,NORMAL
TN-DGL-635139-363,Dindigul,Palani,635139,Thalaiyuthu,FULL,223494,Thalaiyuthu(Gram Panchayat)-Thoppampatty(Panchayat Samiti)-Dindigul(Zila Panchayat),10.48141,77.5289,496,19.0,250.3,15.8,1.5,22.2,37.5,0.76,-0.0,13,LOW,NORMAL
TN-DGL-635141-364,Dindigul,Palani,635141,Thathanaickenpatti (N),FULL,223416,Thathanaickenpatti(Gram Panchayat)-Palani(Panchayat Samiti)-Dindigul(Zila Panchayat),10.45607,77.49967,443,21.9,282.1,13.8,3.7,35.1,31.2,0.53,0.02,14,LOW,NORMAL
TN-DGL-635169-365,Dindigul,Palani,635169,Thathanaickenpatti (South),FULL,223416,Thathanaickenpatti(Gram Panchayat)-Palani(Panchayat Samiti)-Dindigul(Zila Panchayat),10.43589,77.50495,344,19.0,356.0,6.9,4.9,26.9,29.2,0.66,-0.01,13,LOW,NORMAL
TN-DGL-932553-366,Dindigul,Palani,932553,Thattankulam,FULL,252692,Palani(Municipality),10.42891,77.52355,341,14.9,378.4,28.8,9.7,36.0,29.4,1.09,0.0,19,LOW,NORMAL
TN-DGL-635133-367,Dindigul,Palani,635133,Thoppampatti,FULL,223495,Thoppampatti(Gram Panchayat)-Thoppampatty(Panchayat Samiti)-Dindigul(Zila Panchayat),10.45629,77.50836,479,18.3,634.3,14.7,6.2,21.0,30.6,0.71,0.02,15,LOW,NORMAL
TN-DGL-635136-368,Dindigul,Palani,635136,Thummalapatti,FULL,223496,Thumbalapatty(Gram Panchayat)-Thoppampatty(Panchayat Samiti)-Dindigul(Zila Panchayat),10.42048,77.48212,388,20.3,349.4,37.9,4.6,23.5,35.3,0.61,-0.0,17,LOW,NORMAL
TN-DGL-635134-369,Dindigul,Palani,635134,Vagarai,FULL,223497,Vagarai(Gram Panchayat)-Thoppampatty(Panchayat Samiti)-Dindigul(Zila Panchayat),10.41345,77.53344,476,15.9,128.8,22.0,10.3,49.7,31.4,0.99,0.01,18,LOW,NORMAL
TN-DGL-635124-370,Dindigul,Palani,635124,Velampatti,FULL,223498,Velampatti(Gram Panchayat)-Thoppampatty(Panchayat Samiti)-Dindigul(Zila Panchayat),10.4488,77.54666,480,19.1,89.8,34.8,11.6,31.8,41.6,0.84,-0.01,21,MODERATE,NORMAL
TN-DGL-635162-371,Dindigul,Palani,635162,Velusamudram,FULL,223400,R. Ayyampalayam(Gram Panchayat)-Palani(Panchayat Samiti)-Dindigul(Zila Panchayat),10.44603,77.55864,379,21.2,152.9,23.4,21.1,93.4,72.5,1.55,0.1,46,ELEVATED,MONITORING
TN-DGL-635150-372,Dindigul,Palani,635150,Veppanavalasu,FULL,223409,Melakkottai(Gram Panchayat)-Palani(Panchayat Samiti)-Dindigul(Zila Panchayat),10.44709,77.52847,341,16.9,88.6,23.6,5.8,32.7,37.2,0.58,-0.01,14,LOW,NORMAL
TN-DGL-635146-373,Dindigul,Palani,635146,Vilvathampatti,FULL,223499,Vilvathampatti(Gram Panchayat)-Thoppampatty(Panchayat Samiti)-Dindigul(Zila Panchayat),10.46424,77.54992,436,19.2,300.1,45.8,8.1,38.1,43.5,0.57,-0.0,21,MODERATE,NORMAL
TN-DGL-932515-374,Dindigul,Vedasandur,932515,A.Kombai,FULL,252699,Ayyalur(Town Panchayat),10.53542,77.95802,207,11.0,481.3,21.0,9.0,32.9,38.2,0.48,0.02,14,LOW,NORMAL
TN-DGL-635266-375,Dindigul,Vedasandur,635266,Ammapatti,FULL,223532,Ammapatti(Gram Panchayat)-Vedasandur(Panchayat Samiti)-Dindigul(Zila Panchayat),10.52432,77.93343,243,4.1,413.1,28.7,11.7,30.0,37.0,0.91,0.01,16,LOW,NORMAL
TN-DGL-932511-376,Dindigul,Vedasandur,932511,Ayyalur,FULL,252699,Ayyalur(Town Panchayat),10.52087,77.95556,294,7.4,215.0,24.0,6.6,36.0,43.8,0.73,-0.01,14,LOW,NORMAL
TN-DGL-635269-377,Dindigul,Vedasandur,635269,Chittur,FULL,223534,E. Chitoor(Gram Panchayat)-Vedasandur(Panchayat Samiti)-Dindigul(Zila Panchayat),10.54115,77.98556,221,9.6,356.8,13.4,19.2,86.8,75.4,1.73,0.09,42,ELEVATED,MONITORING
TN-DGL-932503-378,Dindigul,Vedasandur,932503,Eriodu,FULL,252698,Eriodu(Town Panchayat),10.56371,77.95415,204,9.1,587.4,35.3,28.8,89.4,63.1,1.62,0.08,43,ELEVATED,MONITORING
TN-DGL-635253-379,Dindigul,Vedasandur,635253,Kaithian Kottai,FULL,223553,Viruthalaipatti(Gram Panchayat)-Vedasandur(Panchayat Samiti)-Dindigul(Zila Panchayat),10.49668,77.92089,325,7.1,368.1,41.5,8.5,45.5,39.3,0.61,0.02,16,LOW,NORMAL
TN-DGL-635251-380,Dindigul,Vedasandur,635251,Kalvarpatti,FULL,223535,Kalvarpatti(Gram Panchayat)-Vedasandur(Panchayat Samiti)-Dindigul(Zila Panchayat),10.54814,77.92243,219,3.7,390.0,45.4,27.9,99.7,61.8,1.39,0.05,39,MODERATE,NORMAL
TN-DGL-635286-381,Dindigul,Vedasandur,635286,Kanapadi,FULL,223500,Kanapadi(Gram Panchayat)-Vadamadurai(Panchayat Samiti)-Dindigul(Zila Panchayat),10.5067,77.9567,320,6.1,617.4,43.8,10.7,31.7,40.9,0.53,0.02,17,LOW,NORMAL
TN-DGL-635292-382,Dindigul,Vedasandur,635292,Karumalai R.F.,FULL,223368,Edayakottai(Gram Panchayat)-Oddanchatram(Panchayat Samiti)-Dindigul(Zila Panchayat),10.53052,77.98754,275,5.0,508.5,25.9,7.0,44.9,36.2,0.71,0.01,12,LOW,NORMAL
TN-DGL-635283-383,Dindigul,Vedasandur,635283,Kollapatti,FULL,223503,Morepatti(Gram Panchayat)-Vadamadurai(Panchayat Samiti)-Dindigul(Zila Panchayat),10.49224,77.96125,215,5.9,127.4,23.7,8.6,38.3,50.4,0.52,0.03,18,LOW,NORMAL
TN-DGL-635271-384,Dindigul,Vedasandur,635271,Komberipatti,FULL,223501,Kombaripatti(Gram Panchayat)-Vadamadurai(Panchayat Samiti)-Dindigul(Zila Panchayat),10.50124,77.96666,287,5.8,637.7,28.2,10.5,30.6,41.7,0.91,0.01,16,LOW,NORMAL
TN-DGL-635261-385,Dindigul,Vedasandur,635261,Koovakkapatti,FULL,223536,Kovakkapatti(Gram Panchayat)-Vedasandur(Panchayat Samiti)-Dindigul(Zila Panchayat),10.54115,77.98556,221,9.6,356.8,13.4,19.2,86.8,75.4,1.73,0.09,42,ELEVATED,MONITORING
TN-DGL-635252-386,Dindigul,Vedasandur,635252,Kuddam,FULL,223540,Kuttam(Gram Panchayat)-Vedasandur(Panchayat Samiti)-Dindigul(Zila Panchayat),10.52798,77.93575,268,8.7,548.5,12.9,29.6,101.4,56.5,1.27,0.06,35,MODERATE,NORMAL
TN-DGL-635279-387,Dindigul,Vedasandur,635279,Kulathur,FULL,223502,Kulathur(Gram Panchayat)-Vadamadurai(Panchayat Samiti)-Dindigul(Zila Panchayat),10.49224,77.96125,215,5.9,127.4,23.7,8.6,38.3,50.4,0.52,0.03,18,LOW,NORMAL
TN-DGL-635268-388,Dindigul,Vedasandur,635268,Malvarpatti,FULL,223541,Malvarpatti(Gram Panchayat)-Vedasandur(Panchayat Samiti)-Dindigul(Zila Panchayat),10.56642,77.91234,334,5.1,259.7,17.4,0.4,26.6,49.8,0.76,0.02,13,LOW,NORMAL
TN-DGL-635278-389,Dindigul,Vedasandur,635278,Marambadi,FULL,223542,Marambadi(Gram Panchayat)-Vedasandur(Panchayat Samiti)-Dindigul(Zila Panchayat),10.5067,77.9567,320,6.1,617.4,43.8,10.7,31.7,40.9,0.53,0.02,17,LOW,NORMAL
TN-DGL-635282-390,Dindigul,Vedasandur,635282,Morepatti,FULL,223503,Morepatti(Gram Panchayat)-Vadamadurai(Panchayat Samiti)-Dindigul(Zila Panchayat),10.56982,77.91938,325,10.6,360.4,16.7,27.3,122.3,59.6,1.82,0.1,40,MODERATE,NORMAL
TN-DGL-635297-391,Dindigul,Vedasandur,635297,Mundamalai R.F.,FULL,223452,Sengurichi(Gram Panchayat)-Shanarpatti(Panchayat Samiti)-Dindigul(Zila Panchayat),10.54389,77.93182,401,8.4,108.2,18.9,24.4,125.8,72.0,1.58,0.05,41,ELEVATED,MONITORING
TN-DGL-635293-392,Dindigul,Vedasandur,635293,Mungil Karadu R.F.,FULL,223511,Sukkampatti(Gram Panchayat)-Vadamadurai(Panchayat Samiti)-Dindigul(Zila Panchayat),10.54564,77.9382,407,7.1,110.4,43.4,1.6,27.4,42.0,0.54,0.0,13,LOW,NORMAL
TN-DGL-635277-393,Dindigul,Vedasandur,635277,Nallamanarkottai,FULL,223545,Nallamanarkottai(Gram Panchayat)-Vedasandur(Panchayat Samiti)-Dindigul(Zila Panchayat),10.51214,77.93297,230,3.7,310.4,14.6,1.5,25.1,39.9,1.09,0.02,10,LOW,NORMAL
TN-DGL-635262-394,Dindigul,Vedasandur,635262,Nathapatti,FULL,223546,Nathapatti(Gram Panchayat)-Vedasandur(Panchayat Samiti)-Dindigul(Zila Panchayat),10.56642,77.91234,334,5.1,259.7,17.4,0.4,26.6,49.8,0.76,0.02,13,LOW,NORMAL
TN-DGL-635280-395,Dindigul,Vedasandur,635280,Padiyur,PART,223505,Padiyur(Gram Panchayat)-Vadamadurai(Panchayat Samiti)-Dindigul(Zila Panchayat),10.53629,77.98267,180,5.0,105.0,6.9,17.1,77.8,60.1,1.53,0.1,30,MODERATE,NORMAL
TN-DGL-635280-396,Dindigul,Vedasandur,635280,Padiyur,PART,223504,P.Kosavapatti(Gram Panchayat)-Vadamadurai(Panchayat Samiti)-Dindigul(Zila Panchayat),10.52738,77.97979,247,6.0,252.8,39.7,3.1,23.1,41.6,0.72,-0.01,13,LOW,NORMAL
TN-DGL-635270-397,Dindigul,Vedasandur,635270,Paganatham,FULL,223506,Paganatham(Gram Panchayat)-Vadamadurai(Panchayat Samiti)-Dindigul(Zila Panchayat),10.5067,77.9567,320,6.1,617.4,43.8,10.7,31.7,40.9,0.53,0.02,17,LOW,NORMAL
TN-DGL-635250-398,Dindigul,Vedasandur,635250,Palapatti,FULL,223547,Palapatti(Gram Panchayat)-Vedasandur(Panchayat Samiti)-Dindigul(Zila Panchayat),10.53219,77.91013,218,7.9,64.2,19.2,28.8,110.8,72.2,1.81,0.06,45,ELEVATED,MONITORING
TN-DGL-932522-399,Dindigul,Vedasandur,932522,Panjamthangi,FULL,252699,Ayyalur(Town Panchayat),10.51794,77.96248,206,10.1,525.6,40.2,16.9,112.3,59.6,1.89,0.05,37,MODERATE,NORMAL
TN-DGL-635296-400,Dindigul,Vedasandur,635296,Panjanthangi (Rf),FULL,223508,Puthur(Gram Panchayat)-Vadamadurai(Panchayat Samiti)-Dindigul(Zila Panchayat),10.55931,77.92846,192,10.8,621.8,36.7,11.6,43.0,48.9,0.97,-0.01,23,MODERATE,NORMAL
TN-DGL-635298-401,Dindigul,Vedasandur,635298,Pannamalai R.F.,FULL,223534,E. Chitoor(Gram Panchayat)-Vedasandur(Panchayat Samiti)-Dindigul(Zila Panchayat),10.53769,77.94217,318,8.6,552.7,42.6,29.2,110.4,73.3,1.83,0.07,49,ELEVATED,MONITORING
TN-DGL-635276-402,Dindigul,Vedasandur,635276,Perumbulli,FULL,223512,Thennampatti(Gram Panchayat)-Vadamadurai(Panchayat Samiti)-Dindigul(Zila Panchayat),10.55048,77.92496,281,4.0,187.5,30.3,7.3,35.7,35.8,0.68,0.01,13,LOW,NORMAL
TN-DGL-635274-403,Dindigul,Vedasandur,635274,Pilathu,FULL,223507,Pilathu(Gram Panchayat)-Vadamadurai(Panchayat Samiti)-Dindigul(Zila Panchayat),10.51876,77.93445,275,6.9,131.4,20.7,0.2,13.4,34.9,1.09,-0.01,10,LOW,NORMAL
TN-DGL-635263-404,Dindigul,Vedasandur,635263,Pudipuram,FULL,223533,V. Boothipuram(Gram Panchayat)-Vedasandur(Panchayat Samiti)-Dindigul(Zila Panchayat),10.5067,77.9567,320,6.1,617.4,43.8,10.7,31.7,40.9,0.53,0.02,17,LOW,NORMAL
TN-DGL-635264-405,Dindigul,Vedasandur,635264,Pudukottai (V),FULL,223551,V. Pudukottai(Gram Panchayat)-Vedasandur(Panchayat Samiti)-Dindigul(Zila Panchayat),10.50648,77.94993,303,10.6,312.1,39.7,15.8,66.6,70.4,1.34,0.05,39,MODERATE,NORMAL
TN-DGL-635284-406,Dindigul,Vedasandur,635284,Puthur,FULL,223508,Puthur(Gram Panchayat)-Vadamadurai(Panchayat Samiti)-Dindigul(Zila Panchayat),10.5559,77.93067,188,6.6,523.3,10.8,10.2,35.6,49.0,0.92,-0.02,17,LOW,NORMAL
TN-DGL-635287-407,Dindigul,Vedasandur,635287,Ramanathapuram,FULL,223500,Kanapadi(Gram Panchayat)-Vadamadurai(Panchayat Samiti)-Dindigul(Zila Panchayat),10.5636,77.96001,217,3.5,565.3,5.8,4.0,22.7,45.3,0.68,-0.01,9,LOW,NORMAL
TN-DGL-635291-408,Dindigul,Vedasandur,635291,Rengamalai R.F.,FULL,223535,Kalvarpatti(Gram Panchayat)-Vedasandur(Panchayat Samiti)-Dindigul(Zila Panchayat),10.53769,77.94217,318,8.6,552.7,42.6,29.2,110.4,73.3,1.83,0.07,49,ELEVATED,MONITORING
TN-DGL-635288-409,Dindigul,Vedasandur,635288,Singarakottai,FULL,223509,Singarakottai(Gram Panchayat)-Vadamadurai(Panchayat Samiti)-Dindigul(Zila Panchayat),10.50449,77.98579,352,9.3,627.8,8.0,2.2,10.8,51.4,0.93,0.02,16,LOW,NORMAL
TN-DGL-635273-410,Dindigul,Vedasandur,635273,Sithuvarpatti,FULL,223510,Sithuvarpatti(Gram Panchayat)-Vadamadurai(Panchayat Samiti)-Dindigul(Zila Panchayat),10.5406,77.92299,267,5.0,246.7,42.4,27.1,118.5,55.7,1.76,0.07,38,MODERATE,NORMAL
TN-DGL-635267-411,Dindigul,Vedasandur,635267,Sriramapuram,FULL,223548,Sri Ramapuram(Gram Panchayat)-Vedasandur(Panchayat Samiti)-Dindigul(Zila Panchayat),10.55048,77.92496,281,4.0,187.5,30.3,7.3,35.7,35.8,0.68,0.01,13,LOW,NORMAL
TN-DGL-635272-412,Dindigul,Vedasandur,635272,Sukkampatti,FULL,223511,Sukkampatti(Gram Panchayat)-Vadamadurai(Panchayat Samiti)-Dindigul(Zila Panchayat),10.5582,77.97311,327,8.4,376.7,15.9,2.5,34.5,42.2,0.89,0.02,12,LOW,NORMAL
TN-DGL-635294-413,Dindigul,Vedasandur,635294,Sundamalai R.F.,FULL,223508,Puthur(Gram Panchayat)-Vadamadurai(Panchayat Samiti)-Dindigul(Zila Panchayat),10.55497,77.95859,401,5.2,527.0,25.2,10.7,32.0,39.9,0.84,0.03,15,LOW,NORMAL
TN-DGL-635275-414,Dindigul,Vedasandur,635275,Tennampatti,FULL,223512,Thennampatti(Gram Panchayat)-Vadamadurai(Panchayat Samiti)-Dindigul(Zila Panchayat),10.55411,77.96967,331,7.9,203.9,40.8,11.4,47.9,50.0,0.86,-0.0,23,MODERATE,NORMAL
TN-DGL-635295-415,Dindigul,Vedasandur,635295,Thanner Karadu R.F.,FULL,223508,Puthur(Gram Panchayat)-Vadamadurai(Panchayat Samiti)-Dindigul(Zila Panchayat),10.56126,77.98913,275,12.5,578.0,40.8,25.2,109.6,74.4,1.33,0.08,47,ELEVATED,MONITORING
TN-DGL-635289-416,Dindigul,Vedasandur,635289,Thoppasamymalai R.F.,PART,306147,Chinnalagunaickanur(Gram Panchayat)-Guziliamparai(Panchayat Samiti)-Dindigul(Zila Panchayat),10.54185,77.95653,407,5.6,401.8,4.8,8.4,35.9,28.3,0.61,0.0,10,LOW,NORMAL
TN-DGL-635289-417,Dindigul,Vedasandur,635289,Thoppasamymalai R.F.,PART,223294,R.Kombai(Gram Panchayat)-Guziliamparai(Panchayat Samiti)-Dindigul(Zila Panchayat),10.55043,77.98603,393,4.9,316.8,8.6,5.7,30.2,32.4,0.79,0.0,9,LOW,NORMAL
TN-DGL-635260-418,Dindigul,Vedasandur,635260,Usilampatti,FULL,223550,Usilampatti(Gram Panchayat)-Vedasandur(Panchayat Samiti)-Dindigul(Zila Panchayat),10.55048,77.92496,281,4.0,187.5,30.3,7.3,35.7,35.8,0.68,0.01,13,LOW,NORMAL
TN-DGL-932506-419,Dindigul,Vedasandur,932506,Vadamadurai,FULL,252700,Vadamadurai(Town Panchayat),10.55533,77.95179,271,7.3,310.3,14.7,5.9,29.9,50.1,0.73,0.02,16,LOW,NORMAL
TN-DGL-635290-420,Dindigul,Vedasandur,635290,Vadamalai R.F.,FULL,223540,Kuttam(Gram Panchayat)-Vedasandur(Panchayat Samiti)-Dindigul(Zila Panchayat),10.56126,77.98913,275,12.5,578.0,40.8,25.2,109.6,74.4,1.33,0.08,47,ELEVATED,MONITORING
TN-DGL-635265-421,Dindigul,Vedasandur,635265,Vedasandur,PART,223544,Nagampatti(Gram Panchayat)-Vedasandur(Panchayat Samiti)-Dindigul(Zila Panchayat),10.56543,77.94561,355,10.4,378.2,15.2,9.8,31.4,38.9,1.0,-0.02,15,LOW,NORMAL
TN-DGL-635265-422,Dindigul,Vedasandur,635265,Vedasandur,PART,223549,Thattarapatti(Gram Panchayat)-Vedasandur(Panchayat Samiti)-Dindigul(Zila Panchayat),10.54086,77.92284,354,7.9,228.9,14.0,0.0,25.8,50.1,0.55,0.0,12,LOW,NORMAL
TN-DGL-635285-423,Dindigul,Vedasandur,635285,Velayudampalayam,FULL,223513,Velayuthampalayam(Gram Panchayat)-Vadamadurai(Panchayat Samiti)-Dindigul(Zila Panchayat),10.50798,77.97945,191,3.5,618.6,20.6,19.3,115.4,70.1,1.26,0.07,35,MODERATE,NORMAL
TN-DGL-635259-424,Dindigul,Vedasandur,635259,Vellampatti,FULL,223552,Vellampatti(Gram Panchayat)-Vedasandur(Panchayat Samiti)-Dindigul(Zila Panchayat),10.5406,77.92299,267,5.0,246.7,42.4,27.1,118.5,55.7,1.76,0.07,38,MODERATE,NORMAL
TN-DGL-635281-425,Dindigul,Vedasandur,635281,Velvankottai,FULL,223514,Velvarkottai(Gram Panchayat)-Vadamadurai(Panchayat Samiti)-Dindigul(Zila Panchayat),10.55043,77.98603,313,3.9,316.8,8.6,10.5,39.3,31.2,1.07,0.0,13,LOW,NORMAL
TN-CBE-644561-1,Coimbatore,Anaimalai,644561,Ambarampalayam,FULL,222170,Ambarampalayam(Gram Panchayat)-Pollachi(S)(Panchayat Samiti)-Coimbatore(Zila Panchayat),10.57119,76.92537,372,16.6,292.0,11.9,20.7,110.5,70.7,1.84,0.07,42,ELEVATED,MONITORING
TN-CBE-932073-2,Coimbatore,Anaimalai,932073,Anaimalai,FULL,252678,Anaimalai(Town Panchayat),10.60833,76.95781,377,15.0,370.2,9.9,1.9,24.0,49.8,1.0,0.02,17,LOW,NORMAL
TN-CBE-644590-3,Coimbatore,Anaimalai,644590,Angalakurichi,FULL,221937,Angalakurichi(Gram Panchayat)-Anaimalai(Panchayat Samiti)-Coimbatore(Zila Panchayat),10.54849,76.89061,388,16.7,479.6,40.3,3.7,27.4,39.1,0.57,0.01,16,LOW,NORMAL
TN-CBE-644587-4,Coimbatore,Anaimalai,644587,Arthanaripalayam,FULL,221938,Arthanaripalayam(Gram Panchayat)-Anaimalai(Panchayat Samiti)-Coimbatore(Zila Panchayat),10.57667,76.96087,285,17.4,70.8,27.1,2.7,41.9,28.8,0.72,-0.0,14,LOW,NORMAL
TN-CBE-644564-5,Coimbatore,Anaimalai,644564,Athupollachi,FULL,221939,Authupollachi(Gram Panchayat)-Anaimalai(Panchayat Samiti)-Coimbatore(Zila Panchayat),10.59059,76.93495,343,14.4,377.0,26.8,3.9,32.4,51.5,0.44,0.02,18,LOW,NORMAL
TN-CBE-644577-6,Coimbatore,Anaimalai,644577,Dhalavaipalayam,FULL,222172,Dhalavaipalayam(Gram Panchayat)-Pollachi(S)(Panchayat Samiti)-Coimbatore(Zila Panchayat),10.57625,76.94223,396,12.1,407.5,41.8,0.3,20.4,47.4,0.59,0.0,16,LOW,NORMAL
TN-CBE-644588-7,Coimbatore,Anaimalai,644588,Jallipatti,FULL,221941,Jallipatti(Gram Panchayat)-Anaimalai(Panchayat Samiti)-Coimbatore(Zila Panchayat),10.59909,76.95771,299,19.6,396.8,16.3,5.0,35.3,37.4,0.96,0.0,16,LOW,NORMAL
TN-CBE-644583-8,Coimbatore,Anaimalai,644583,Kaliyapuram,FULL,221942,Kaliapuram(Gram Panchayat)-Anaimalai(Panchayat Samiti)-Coimbatore(Zila Panchayat),10.57667,76.96087,285,17.4,70.8,27.1,2.7,41.9,28.8,0.72,-0.0,14,LOW,NORMAL
TN-CBE-644586-9,Coimbatore,Anaimalai,644586,Kambalapatti,FULL,221943,Kambalapatti(Gram Panchayat)-Anaimalai(Panchayat Samiti)-Coimbatore(Zila Panchayat),10.59909,76.95771,299,19.6,396.8,16.3,5.0,35.3,37.4,0.96,0.0,16,LOW,NORMAL
TN-CBE-644585-10,Coimbatore,Anaimalai,644585,Kariyanchettipalayam,FULL,221944,Kariyanchettipalayam(Gram Panchayat)-Anaimalai(Panchayat Samiti)-Coimbatore(Zila Panchayat),10.59909,76.95771,299,19.6,396.8,16.3,5.0,35.3,37.4,0.96,0.0,16,LOW,NORMAL
TN-CBE-932080-11,Coimbatore,Anaimalai,932080,Kottur,FULL,252681,Kottur(Town Panchayat),10.56634,76.9348,224,12.6,283.3,42.1,1.7,24.8,45.3,0.42,-0.02,15,LOW,NORMAL
TN-CBE-644565-12,Coimbatore,Anaimalai,644565,Marchinaickenpalayam,PART,221939,Authupollachi(Gram Panchayat)-Anaimalai(Panchayat Samiti)-Coimbatore(Zila Panchayat),10.61845,76.92394,291,19.1,598.4,25.3,3.2,17.2,50.8,0.41,-0.0,19,LOW,NORMAL
TN-CBE-644565-13,Coimbatore,Anaimalai,644565,Marchinaickenpalayam,PART,221940,Divansapudur(Gram Panchayat)-Anaimalai(Panchayat Samiti)-Coimbatore(Zila Panchayat),10.56562,76.89714,324,18.6,222.0,40.8,10.1,36.4,32.4,0.65,-0.0,20,LOW,NORMAL
TN-CBE-644565-14,Coimbatore,Anaimalai,644565,Marchinaickenpalayam,PART,306105,Ganapathipalayam(Gram Panchayat)-Anaimalai(Panchayat Samiti)-Coimbatore(Zila Panchayat),10.55315,76.96142,357,13.0,365.1,22.0,27.9,118.4,62.0,1.94,0.11,43,ELEVATED,MONITORING
TN-CBE-644565-15,Coimbatore,Anaimalai,644565,Marchinaickenpalayam,PART,221951,Subbegoundenpudur(Gram Panchayat)-Anaimalai(Panchayat Samiti)-Coimbatore(Zila Panchayat),10.58793,76.89621,261,15.7,138.3,39.2,29.3,99.2,55.8,1.89,0.08,43,ELEVATED,MONITORING
TN-CBE-644565-16,Coimbatore,Anaimalai,644565,Marchinaickenpalayam,PART,221952,Thathur(Gram Panchayat)-Anaimalai(Panchayat Samiti)-Coimbatore(Zila Panchayat),10.55017,76.9491,354,12.6,286.0,25.4,5.5,23.7,39.1,0.85,0.0,14,LOW,NORMAL
TN-CBE-644565-17,Coimbatore,Anaimalai,644565,Marchinaickenpalayam,PART,221955,Valaikombunagoor(Gram Panchayat)-Anaimalai(Panchayat Samiti)-Coimbatore(Zila Panchayat),10.56629,76.94806,299,15.1,478.8,30.6,7.4,35.2,40.3,1.04,-0.01,18,LOW,NORMAL
TN-CBE-644560-18,Coimbatore,Anaimalai,644560,Naickenpalayam,FULL,222179,Naickenpalayam(Gram Panchayat)-Pollachi(S)(Panchayat Samiti)-Coimbatore(Zila Panchayat),10.56562,76.89714,324,18.6,222.0,40.8,10.1,36.4,32.4,0.65,-0.0,20,LOW,NORMAL
TN-CBE-931960-19,Coimbatore,Anaimalai,931960,Odayakulam,FULL,252679,Odaiyakulam(Town Panchayat),10.57974,76.92299,345,19.7,428.6,39.9,8.9,27.9,50.9,1.09,0.02,27,MODERATE,NORMAL
TN-CBE-644570-20,Coimbatore,Anaimalai,644570,Palayur,FULL,222183,Palayur(Gram Panchayat)-Pollachi(S)(Panchayat Samiti)-Coimbatore(Zila Panchayat),10.58447,76.94787,228,17.6,339.8,15.5,4.8,30.5,37.3,0.42,-0.01,12,LOW,NORMAL
TN-CBE-644582-21,Coimbatore,Anaimalai,644582,Periapodu,PART,221945,Marappagoundenpudur(Gram Panchayat)-Anaimalai(Panchayat Samiti)-Coimbatore(Zila Panchayat),10.54963,76.91297,223,14.5,242.0,21.5,7.7,20.9,31.5,0.68,-0.01,15,LOW,NORMAL
TN-CBE-644582-22,Coimbatore,Anaimalai,644582,Periapodu,PART,221946,Periapodu(Gram Panchayat)-Anaimalai(Panchayat Samiti)-Coimbatore(Zila Panchayat),10.58419,76.89988,325,17.5,648.3,28.5,9.6,42.9,46.3,0.44,0.02,20,LOW,NORMAL
TN-CBE-644568-23,Coimbatore,Anaimalai,644568,Pethanaickanur,FULL,221947,Pethanaickenur(Gram Panchayat)-Anaimalai(Panchayat Samiti)-Coimbatore(Zila Panchayat),10.57667,76.96087,285,17.4,70.8,27.1,2.7,41.9,28.8,0.72,-0.0,14,LOW,NORMAL
TN-CBE-644579-24,Coimbatore,Anaimalai,644579,Pillchinnampalayam,FULL,221948,Pilchinnampalayam(Gram Panchayat)-Anaimalai(Panchayat Samiti)-Coimbatore(Zila Panchayat),10.54963,76.91297,223,14.5,242.0,21.5,7.7,20.9,31.5,0.68,-0.01,15,LOW,NORMAL
TN-CBE-932082-25,Coimbatore,Anaimalai,932082,Samathur,FULL,252677,Samathur(Town Panchayat),10.61197,76.965,386,14.2,530.1,47.9,4.5,20.7,37.3,1.07,0.01,18,LOW,NORMAL
TN-CBE-644566-26,Coimbatore,Anaimalai,644566,Singanallur,FULL,222187,Singanallur(Gram Panchayat)-Pollachi(S)(Panchayat Samiti)-Coimbatore(Zila Panchayat),10.60773,76.89788,391,13.6,165.7,35.5,25.7,102.6,70.3,1.49,0.08,45,ELEVATED,MONITORING
TN-CBE-644575-27,Coimbatore,Anaimalai,644575,S. Nallur,FULL,222181,Nallur(Gram Panchayat)-Pollachi(S)(Panchayat Samiti)-Coimbatore(Zila Panchayat),10.55114,76.92983,261,17.9,228.9,44.4,20.9,82.7,62.2,1.87,0.04,43,ELEVATED,MONITORING
TN-CBE-644580-28,Coimbatore,Anaimalai,644580,Somandurai,PART,221949,Ramanamudalipudur(Gram Panchayat)-Anaimalai(Panchayat Samiti)-Coimbatore(Zila Panchayat),10.5626,76.95246,351,18.2,126.3,18.6,17.9,106.2,68.1,1.44,0.1,40,MODERATE,NORMAL
TN-CBE-644580-29,Coimbatore,Anaimalai,644580,Somandurai,PART,221950,Somandurai(Gram Panchayat)-Anaimalai(Panchayat Samiti)-Coimbatore(Zila Panchayat),10.56617,76.92957,227,14.9,560.2,14.5,26.7,120.0,56.2,1.47,0.09,37,MODERATE,NORMAL
TN-CBE-644569-30,Coimbatore,Anaimalai,644569,S. Ponnapuram,FULL,222185,S.Ponnapuram(Gram Panchayat)-Pollachi(S)(Panchayat Samiti)-Coimbatore(Zila Panchayat),10.57933,76.91317,321,15.2,86.8,32.8,12.0,39.6,44.5,0.59,-0.02,20,LOW,NORMAL
TN-CBE-644571-31,Coimbatore,Anaimalai,644571,Thenkumarapalayam,FULL,222190,Thenkumaraplm(Gram Panchayat)-Pollachi(S)(Panchayat Samiti)-Coimbatore(Zila Panchayat),10.55114,76.92983,261,17.9,228.9,44.4,20.9,82.7,62.2,1.87,0.04,43,ELEVATED,MONITORING
TN-CBE-644584-32,Coimbatore,Anaimalai,644584,Thensangampalayam,FULL,221954,Thensangampalayam(Gram Panchayat)-Anaimalai(Panchayat Samiti)-Coimbatore(Zila Panchayat),10.55196,76.92618,262,13.1,235.2,9.8,6.3,22.8,29.2,0.95,0.02,14,LOW,NORMAL
TN-CBE-644581-33,Coimbatore,Anaimalai,644581,Thensithur,FULL,221953,Thenchittur(Gram Panchayat)-Anaimalai(Panchayat Samiti)-Coimbatore(Zila Panchayat),10.6122,76.91234,324,17.4,308.7,29.9,3.1,26.5,42.5,0.89,-0.0,17,LOW,NORMAL
TN-CBE-644578-34,Coimbatore,Anaimalai,644578,Thondamuthur,FULL,222191,Thondamuthur(Gram Panchayat)-Pollachi(S)(Panchayat Samiti)-Coimbatore(Zila Panchayat),10.60064,76.93286,257,17.1,118.9,36.8,4.0,36.1,43.0,0.8,0.02,18,LOW,NORMAL
TN-CBE-644589-35,Coimbatore,Anaimalai,644589,Thorayur,FULL,221941,Jallipatti(Gram Panchayat)-Anaimalai(Panchayat Samiti)-Coimbatore(Zila Panchayat),10.55696,76.95976,339,17.4,199.0,37.1,15.5,94.3,56.2,1.26,0.1,35,MODERATE,NORMAL
TN-CBE-933603-36,Coimbatore,Anaimalai,933603,Vakkampalayam,FULL,222193,Vakkampalayam(Gram Panchayat)-Pollachi(S)(Panchayat Samiti)-Coimbatore(Zila Panchayat),10.61523,76.94335,333,16.4,310.5,17.7,6.6,16.0,42.8,1.02,0.02,18,LOW,NORMAL
TN-CBE-644576-37,Coimbatore,Anaimalai,644576,Veeralpatti,FULL,222194,Veeralpatti(Gram Panchayat)-Pollachi(S)(Panchayat Samiti)-Coimbatore(Zila Panchayat),10.60242,76.95266,304,14.4,105.2,47.3,0.8,30.0,33.7,0.91,-0.01,15,LOW,NORMAL
TN-CBE-932076-38,Coimbatore,Anaimalai,932076,Vettaikaranputhur,FULL,252680,Vettaikaranpudur(Town Panchayat),10.57944,76.96237,289,16.3,218.1,27.7,8.1,26.6,48.8,0.83,-0.01,21,MODERATE,NORMAL
TN-CBE-644431-39,Coimbatore,Annur,644431,Agraharasamakulam,PART,222212,Agrakarasamakulam(Gram Panchayat)-S.S.Kulam(Panchayat Samiti)-Coimbatore(Zila Panchayat),11.21122,77.07258,347,5.3,631.9,12.4,21.3,80.0,55.1,1.25,0.05,28,MODERATE,NORMAL
TN-CBE-644431-40,Coimbatore,Annur,644431,Agraharasamakulam,PART,222213,Athipalayam(Gram Panchayat)-S.S.Kulam(Panchayat Samiti)-Coimbatore(Zila Panchayat),11.23872,77.11924,317,9.3,375.5,33.4,25.2,116.3,71.0,1.95,0.08,46,ELEVATED,MONITORING
TN-CBE-644407-41,Coimbatore,Annur,644407,Akkaraisengapalli,FULL,221957,A.Sengappalli(Gram Panchayat)-Annur(Panchayat Samiti)-Coimbatore(Zila Panchayat),11.19916,77.0991,423,3.5,190.2,39.5,0.5,28.7,28.6,1.04,0.0,12,LOW,NORMAL
TN-CBE-644410-42,Coimbatore,Annur,644410,Allapalayam,FULL,221958,Allapalayam(Gram Panchayat)-Annur(Panchayat Samiti)-Coimbatore(Zila Panchayat),11.24447,77.0743,371,9.8,148.0,34.6,6.6,43.8,46.1,0.94,0.02,19,LOW,NORMAL
TN-CBE-644409-43,Coimbatore,Annur,644409,Ambodi,FULL,221959,Ambothi(Gram Panchayat)-Annur(Panchayat Samiti)-Coimbatore(Zila Panchayat),11.24447,77.0743,371,9.8,148.0,34.6,6.6,43.8,46.1,0.94,0.02,19,LOW,NORMAL
TN-CBE-932156-44,Coimbatore,Annur,932156,Annur,FULL,252614,Annur(Town Panchayat),11.25067,77.11805,376,4.0,492.5,35.1,10.9,36.0,31.3,1.09,0.02,17,LOW,NORMAL
TN-CBE-644412-45,Coimbatore,Annur,644412,Annur Mettupalayam,FULL,221956,A.Mettupalayam(Gram Panchayat)-Annur(Panchayat Samiti)-Coimbatore(Zila Panchayat),11.24509,77.0611,444,7.6,389.2,34.7,11.1,43.2,51.5,0.69,-0.02,21,MODERATE,NORMAL
TN-CBE-932164-46,Coimbatore,Annur,932164,Idikarai,FULL,252641,Idikarai(Town Panchayat),11.24121,77.07889,336,6.8,507.5,47.9,3.6,30.5,37.9,0.47,-0.01,12,LOW,NORMAL
TN-CBE-644437-47,Coimbatore,Annur,644437,Kallipalayam,FULL,222214,Kallipalayam(Gram Panchayat)-S.S.Kulam(Panchayat Samiti)-Coimbatore(Zila Panchayat),11.25859,77.1249,353,3.5,241.6,17.1,11.5,34.5,34.7,0.89,-0.0,13,LOW,NORMAL
TN-CBE-644419-48,Coimbatore,Annur,644419,Kanjappali,FULL,221960,Kanjapalli(Gram Panchayat)-Annur(Panchayat Samiti)-Coimbatore(Zila Panchayat),11.21459,77.09005,287,3.5,106.0,14.2,2.4,22.8,44.9,0.98,0.01,12,LOW,NORMAL
TN-CBE-644408-49,Coimbatore,Annur,644408,Kanuvakkarai,FULL,221961,Kanvakkarai(Gram Panchayat)-Annur(Panchayat Samiti)-Coimbatore(Zila Panchayat),11.24509,77.0611,444,7.6,389.2,34.7,11.1,43.2,51.5,0.69,-0.02,21,MODERATE,NORMAL
TN-CBE-644418-50,Coimbatore,Annur,644418,Karegoundenpalayam,FULL,221962,Karegoundenplm(Gram Panchayat)-Annur(Panchayat Samiti)-Coimbatore(Zila Panchayat),11.19477,77.06759,335,6.0,589.1,41.0,7.2,42.1,40.3,0.52,-0.01,13,LOW,NORMAL
TN-CBE-644421-51,Coimbatore,Annur,644421,Kariampalayam,FULL,221963,Kariampalayam(Gram Panchayat)-Annur(Panchayat Samiti)-Coimbatore(Zila Panchayat),11.24804,77.13109,319,6.9,517.3,6.3,15.1,88.7,74.5,1.69,0.07,37,MODERATE,NORMAL
TN-CBE-644423-52,Coimbatore,Annur,644423,Kattampatti,FULL,221964,Kattampatti(Gram Panchayat)-Annur(Panchayat Samiti)-Coimbatore(Zila Panchayat),11.1933,77.0791,432,8.4,514.5,25.1,27.0,100.0,69.7,1.93,0.06,44,ELEVATED,MONITORING
TN-CBE-644436-53,Coimbatore,Annur,644436,Keeranatham,FULL,222215,Keeranatham(Gram Panchayat)-S.S.Kulam(Panchayat Samiti)-Coimbatore(Zila Panchayat),11.23394,77.1313,326,5.9,536.1,6.4,23.1,102.2,71.8,1.34,0.08,38,MODERATE,NORMAL
TN-CBE-644430-54,Coimbatore,Annur,644430,Kondayampalayam,FULL,222216,Kondayampalayam(Gram Panchayat)-S.S.Kulam(Panchayat Samiti)-Coimbatore(Zila Panchayat),11.25859,77.1249,353,3.5,241.6,17.1,11.5,34.5,34.7,0.89,-0.0,13,LOW,NORMAL
TN-CBE-644424-55,Coimbatore,Annur,644424,Kunnathur,FULL,221965,Kunnathur(Gram Panchayat)-Annur(Panchayat Samiti)-Coimbatore(Zila Panchayat),11.23177,77.12368,402,9.8,513.8,10.7,4.4,30.8,49.9,1.1,0.03,18,LOW,NORMAL
TN-CBE-644415-56,Coimbatore,Annur,644415,Kuppanur,FULL,221966,Kuppanur(Gram Panchayat)-Annur(Panchayat Samiti)-Coimbatore(Zila Panchayat),11.23872,77.11924,317,9.3,375.5,33.4,25.2,116.3,71.0,1.95,0.08,46,ELEVATED,MONITORING
TN-CBE-644422-57,Coimbatore,Annur,644422,Kuppepalayam,FULL,221967,Kuppepalayam(Gram Panchayat)-Annur(Panchayat Samiti)-Coimbatore(Zila Panchayat),11.23177,77.12368,402,9.8,513.8,10.7,4.4,30.8,49.9,1.1,0.03,18,LOW,NORMAL
TN-CBE-644425-58,Coimbatore,Annur,644425,Masagoundenchettipalayam,PART,221968,M.G.C.Palayam(Gram Panchayat)-Annur(Panchayat Samiti)-Coimbatore(Zila Panchayat),11.19689,77.11482,299,9.7,195.8,5.7,21.0,84.7,60.1,1.24,0.1,32,MODERATE,NORMAL
TN-CBE-644425-59,Coimbatore,Annur,644425,Masagoundenchettipalayam,PART,306108,Oraikalpalayam(Gram Panchayat)-Annur(Panchayat Samiti)-Coimbatore(Zila Panchayat),11.25859,77.1249,353,3.5,241.6,17.1,11.5,34.5,34.7,0.89,-0.0,13,LOW,NORMAL
TN-CBE-644427-60,Coimbatore,Annur,644427,Naranapuram,FULL,221969,Naranapuram(Gram Panchayat)-Annur(Panchayat Samiti)-Coimbatore(Zila Panchayat),11.20196,77.08798,364,6.1,421.6,35.4,2.2,30.4,33.7,1.0,-0.01,12,LOW,NORMAL
TN-CBE-644414-61,Coimbatore,Annur,644414,Odderpalayam,FULL,221970,Odderpalayam(Gram Panchayat)-Annur(Panchayat Samiti)-Coimbatore(Zila Panchayat),11.1933,77.0791,432,8.4,514.5,25.1,27.0,100.0,69.7,1.93,0.06,44,ELEVATED,MONITORING
TN-CBE-644426-62,Coimbatore,Annur,644426,Pachapalayam,FULL,221971,Pachapalayam(Gram Panchayat)-Annur(Panchayat Samiti)-Coimbatore(Zila Panchayat),11.19363,77.12855,300,7.5,340.7,44.9,17.5,81.6,74.1,1.87,0.1,45,ELEVATED,MONITORING
TN-CBE-644411-63,Coimbatore,Annur,644411,Pasur,FULL,221972,Pasur(Gram Panchayat)-Annur(Panchayat Samiti)-Coimbatore(Zila Panchayat),11.22189,77.09346,323,4.3,61.7,23.1,7.7,32.5,41.6,0.63,-0.0,12,LOW,NORMAL
TN-CBE-644420-64,Coimbatore,Annur,644420,Pillaiappampalayam,FULL,221973,Pilliappampalayam(Gram Panchayat)-Annur(Panchayat Samiti)-Coimbatore(Zila Panchayat),11.25859,77.1249,353,3.5,241.6,17.1,11.5,34.5,34.7,0.89,-0.0,13,LOW,NORMAL
TN-CBE-644416-65,Coimbatore,Annur,644416,Pogalur,FULL,221974,Pogalur(Gram Panchayat)-Annur(Panchayat Samiti)-Coimbatore(Zila Panchayat),11.23443,77.12609,282,7.8,418.3,16.2,9.5,30.3,29.4,0.98,0.01,14,LOW,NORMAL
TN-CBE-932152-66,Coimbatore,Annur,932152,Sarkar Samakulam,FULL,252642,Sarcarsamakulam(Town Panchayat),11.24693,77.06797,380,5.8,612.0,37.2,18.2,74.0,73.1,1.34,0.07,40,MODERATE,NORMAL
TN-CBE-644413-67,Coimbatore,Annur,644413,Vadakkalur,FULL,221975,Vadakkalur(Gram Panchayat)-Annur(Panchayat Samiti)-Coimbatore(Zila Panchayat),11.2475,77.10937,356,8.4,368.4,29.6,29.3,96.9,60.8,1.55,0.04,39,MODERATE,NORMAL
TN-CBE-644417-68,Coimbatore,Annur,644417,Vadavalli,FULL,221976,Vadavalli(Gram Panchayat)-Annur(Panchayat Samiti)-Coimbatore(Zila Panchayat),11.25282,77.13135,430,8.0,452.1,46.7,8.4,43.3,43.8,0.5,-0.02,17,LOW,NORMAL
TN-CBE-644429-69,Coimbatore,Annur,644429,Vellamadai,FULL,222217,Vellamadai(Gram Panchayat)-S.S.Kulam(Panchayat Samiti)-Coimbatore(Zila Panchayat),11.22049,77.12098,447,6.3,312.0,38.4,15.7,107.2,67.6,1.94,0.05,39,MODERATE,NORMAL
TN-CBE-644438-70,Coimbatore,Annur,644438,Vellanaipatti,FULL,222218,Vellanaipatti(Gram Panchayat)-S.S.Kulam(Panchayat Samiti)-Coimbatore(Zila Panchayat),11.20216,77.10643,312,9.2,427.8,37.3,9.1,19.2,51.2,1.01,0.02,23,MODERATE,NORMAL
TN-CBE-644440-71,Coimbatore,Coimbatore North,644440,Anaikatti (North),N/A,N/A,N/A,11.05404,76.97539,479,5.4,76.1,37.0,8.1,32.9,29.8,0.92,-0.0,15,LOW,NORMAL
TN-CBE-644441-72,Coimbatore,Coimbatore North,644441,Anaikatti (South),N/A,N/A,N/A,11.07326,76.91354,516,4.3,357.3,25.9,0.9,29.9,30.7,0.7,0.03,9,LOW,NORMAL
TN-CBE-933363-73,Coimbatore,Coimbatore North,933363,Annupperpalayam,FULL,252653,Coimbatore(Municipal Corporation),11.04239,76.97295,348,9.1,167.6,10.8,9.8,40.9,51.6,1.03,0.01,20,LOW,NORMAL
TN-CBE-644443-74,Coimbatore,Coimbatore North,644443,Ashokapuram (Ct),FULL,222123,Asokapuram(Gram Panchayat)-P.N.Palayam(Panchayat Samiti)-Coimbatore(Zila Panchayat),11.06048,76.97694,451,5.0,242.2,39.8,10.9,46.1,36.3,1.05,0.02,18,LOW,NORMAL
TN-CBE-644428-75,Coimbatore,Coimbatore North,644428,Bilichi,PART,222124,Bilichi(Gram Panchayat)-P.N.Palayam(Panchayat Samiti)-Coimbatore(Zila Panchayat),11.07146,76.92948,340,7.2,377.8,24.4,3.9,25.3,34.5,0.76,0.0,11,LOW,NORMAL
TN-CBE-644428-76,Coimbatore,Coimbatore North,644428,Bilichi,PART,306107,Onnipalayam(Gram Panchayat)-P.N.Palayam(Panchayat Samiti)-Coimbatore(Zila Panchayat),11.06642,76.9185,341,5.8,450.9,47.2,16.9,75.5,55.5,1.69,0.06,33,MODERATE,NORMAL
TN-CBE-644444-77,Coimbatore,Coimbatore North,644444,Chinnathadagam (Ct),FULL,222125,Chinna Thadagam(Gram Panchayat)-P.N.Palayam(Panchayat Samiti)-Coimbatore(Zila Panchayat),11.02475,76.97556,512,4.9,351.9,43.2,11.7,34.2,45.8,0.84,0.02,20,LOW,NORMAL
TN-CBE-933375-78,Coimbatore,Coimbatore North,933375,Chinnavedampatty,FULL,252653,Coimbatore(Municipal Corporation),11.01506,76.9717,404,8.3,603.2,28.3,6.4,22.1,45.3,1.08,-0.02,17,LOW,NORMAL
TN-CBE-933376-79,Coimbatore,Coimbatore North,933376,Ganapathi (E) And (W),FULL,252653,Coimbatore(Municipal Corporation),11.04213,76.96063,406,5.5,631.3,41.5,2.2,32.7,44.1,1.05,0.02,16,LOW,NORMAL
TN-CBE-933379-80,Coimbatore,Coimbatore North,933379,Goundenpalayam,FULL,252653,Coimbatore(Municipal Corporation),11.03345,76.95893,376,9.4,445.0,17.3,3.7,42.0,37.9,0.64,0.03,11,LOW,NORMAL
TN-CBE-933364-81,Coimbatore,Coimbatore North,933364,Gudalur (N) And (S),FULL,252920,Gudalur-Cbe(Municipality),11.03321,76.91496,384,4.3,517.5,47.9,23.5,106.0,72.1,1.35,0.04,42,ELEVATED,MONITORING
TN-CBE-933367-82,Coimbatore,Coimbatore North,933367,Kalapatti (East),FULL,252653,Coimbatore(Municipal Corporation),11.01948,76.94207,341,9.6,282.8,16.8,10.8,30.9,32.5,0.49,0.02,14,LOW,NORMAL
TN-CBE-933368-83,Coimbatore,Coimbatore North,933368,Kalapatti (West),FULL,252653,Coimbatore(Municipal Corporation),11.02101,76.9186,397,9.6,152.4,21.9,9.4,30.0,42.0,0.76,-0.02,15,LOW,NORMAL
TN-CBE-933377-84,Coimbatore,Coimbatore North,933377,Krishnarayapuram,FULL,252653,Coimbatore(Municipal Corporation),11.05339,76.91541,412,9.9,223.4,39.9,4.5,22.1,35.9,0.77,-0.0,15,LOW,NORMAL
TN-CBE-644442-85,Coimbatore,Coimbatore North,644442,Kurudampalayam (Ct),FULL,222126,Kurudampalayam(Gram Panchayat)-P.N.Palayam(Panchayat Samiti)-Coimbatore(Zila Panchayat),11.05028,76.9516,391,4.4,183.3,28.3,9.8,39.8,32.8,0.61,0.02,14,LOW,NORMAL
TN-CBE-644432-86,Coimbatore,Coimbatore North,644432,Naickenpalayam,FULL,222127,Naickenpalayam(Gram Panchayat)-P.N.Palayam(Panchayat Samiti)-Coimbatore(Zila Panchayat),11.05842,76.90156,407,4.2,605.1,16.4,3.5,14.4,37.7,0.7,0.02,9,LOW,NORMAL
TN-CBE-644434-87,Coimbatore,Coimbatore North,644434,Nanjundapuram,FULL,222128,Nanjundapuram(Gram Panchayat)-P.N.Palayam(Panchayat Samiti)-Coimbatore(Zila Panchayat),11.02475,76.97556,512,4.9,351.9,43.2,11.7,34.2,45.8,0.84,0.02,20,LOW,NORMAL
TN-CBE-933369-88,Coimbatore,Coimbatore North,933369,Narasimmanaikenpalayam,FULL,260290,Narasimhanaickenpalayam(Town Panchayat),11.0603,76.93331,501,5.9,590.0,14.3,8.3,40.5,37.9,1.03,-0.01,13,LOW,NORMAL
TN-CBE-644435-89,Coimbatore,Coimbatore North,644435,Pannimadai,PART,306109,Kannuvai(Gram Panchayat)-P.N.Palayam(Panchayat Samiti)-Coimbatore(Zila Panchayat),11.0656,76.91806,499,6.0,121.4,33.9,11.1,29.6,43.2,0.54,0.01,16,LOW,NORMAL
TN-CBE-644435-90,Coimbatore,Coimbatore North,644435,Pannimadai,PART,222129,Pannimadai(Gram Panchayat)-P.N.Palayam(Panchayat Samiti)-Coimbatore(Zila Panchayat),11.02011,76.91199,518,9.4,352.1,15.7,6.7,32.0,42.7,0.56,0.0,13,LOW,NORMAL
TN-CBE-933365-91,Coimbatore,Coimbatore North,933365,Periyanaikanpalayam,FULL,252638,Periyanaickenpalayam(Town Panchayat),11.05339,76.91009,349,10.9,494.8,20.4,29.7,111.6,68.0,1.4,0.08,43,ELEVATED,MONITORING
TN-CBE-933378-92,Coimbatore,Coimbatore North,933378,Puliyakulam,FULL,252653,Coimbatore(Municipal Corporation),11.07735,76.90232,494,5.0,534.5,23.2,1.0,19.7,33.6,0.82,0.01,9,LOW,NORMAL
TN-CBE-933374-93,Coimbatore,Coimbatore North,933374,Sanganur North,FULL,252653,Coimbatore(Municipal Corporation),11.04039,76.95896,408,9.3,189.9,19.0,4.9,26.9,46.6,0.92,0.02,16,LOW,NORMAL
TN-CBE-961225-94,Coimbatore,Coimbatore North,961225,Sanganur South,N/A,N/A,N/A,11.02693,76.91316,468,6.3,303.1,20.6,11.6,29.8,31.6,0.57,0.02,14,LOW,NORMAL
TN-CBE-933366-95,Coimbatore,Coimbatore North,933366,Sarvanampatty,FULL,252653,Coimbatore(Municipal Corporation),11.05339,76.91541,412,9.9,223.4,39.9,4.5,22.1,35.9,0.77,-0.0,15,LOW,NORMAL
TN-CBE-644446-96,Coimbatore,Coimbatore North,644446,Somayampalayam (Ct),FULL,222130,Somayampalayam(Gram Panchayat)-P.N.Palayam(Panchayat Samiti)-Coimbatore(Zila Panchayat),11.05154,76.93705,460,6.2,134.5,17.2,20.7,104.5,67.1,1.37,0.06,35,MODERATE,NORMAL
TN-CBE-644439-97,Coimbatore,Coimbatore North,644439,Thadagam R.F.,N/A,N/A,N/A,11.05514,76.97865,468,12.8,393.2,21.6,11.5,42.5,28.2,0.69,-0.01,16,LOW,NORMAL
TN-CBE-933373-98,Coimbatore,Coimbatore North,933373,Thelungupalayam,FULL,252653,Coimbatore(Municipal Corporation),11.04558,76.96648,506,3.8,498.9,21.1,6.3,38.0,45.8,1.05,-0.02,15,LOW,NORMAL
TN-CBE-933371-99,Coimbatore,Coimbatore North,933371,Thudiyalur,FULL,252653,Coimbatore(Municipal Corporation),11.07735,76.90232,494,5.0,534.5,23.2,1.0,19.7,33.6,0.82,0.01,9,LOW,NORMAL
TN-CBE-644433-100,Coimbatore,Coimbatore North,644433,Veerapandi,FULL,222122,24.Veerapandi(Gram Panchayat)-P.N.Palayam(Panchayat Samiti)-Coimbatore(Zila Panchayat),11.04738,76.91471,345,8.6,632.0,29.7,11.8,42.1,31.4,0.85,-0.01,17,LOW,NORMAL
TN-CBE-933372-101,Coimbatore,Coimbatore North,933372,Veerapandi 24,FULL,222122,24.Veerapandi(Gram Panchayat)-P.N.Palayam(Panchayat Samiti)-Coimbatore(Zila Panchayat),11.05692,76.94569,485,6.0,314.6,43.7,28.1,112.9,67.1,1.65,0.08,44,ELEVATED,MONITORING
TN-CBE-933370-102,Coimbatore,Coimbatore North,933370,Vellakinar,FULL,252653,Coimbatore(Municipal Corporation),11.0341,76.95635,453,9.3,633.9,29.5,2.4,23.1,42.4,0.8,0.02,14,LOW,NORMAL
TN-CBE-644445-103,Coimbatore,Coimbatore North,644445,Vilankurichi (Ct),FULL,252653,Coimbatore(Municipal Corporation),11.04993,76.93437,470,7.8,151.5,36.2,0.8,25.8,29.7,0.46,0.01,10,LOW,NORMAL
TN-CBE-644466-104,Coimbatore,Coimbatore South,644466,Boluvampatti (Block I),N/A,N/A,N/A,10.99041,76.93182,422,7.1,364.4,19.0,0.3,25.6,40.2,0.66,-0.01,8,LOW,NORMAL
TN-CBE-644471-105,Coimbatore,Coimbatore South,644471,Boluvampatti Exten. R.F.,N/A,N/A,N/A,10.98244,76.99315,538,8.6,549.5,35.4,24.1,86.3,55.1,1.42,0.07,35,MODERATE,NORMAL
TN-CBE-644470-106,Coimbatore,Coimbatore South,644470,Boluvampatti(R.F),N/A,N/A,N/A,10.98244,76.99315,538,8.6,549.5,35.4,24.1,86.3,55.1,1.42,0.07,35,MODERATE,NORMAL
TN-CBE-644467-107,Coimbatore,Coimbatore South,644467,Booluvampatti(Blockii),N/A,N/A,N/A,10.99875,76.99715,443,7.2,70.4,28.4,11.0,31.6,30.7,0.89,0.02,16,LOW,NORMAL
TN-CBE-961233-108,Coimbatore,Coimbatore South,961233,Coimbatore Town North,N/A,N/A,N/A,10.9492,76.93576,477,8.2,481.7,35.1,6.2,35.6,49.5,0.57,0.02,18,LOW,NORMAL
TN-CBE-933380-109,Coimbatore,Coimbatore South,933380,Coimbatore Town South,FULL,252653,Coimbatore(Municipal Corporation),11.00486,76.98627,342,8.7,233.3,8.8,3.3,24.9,30.0,0.44,0.02,8,LOW,NORMAL
TN-CBE-644469-110,Coimbatore,Coimbatore South,644469,Ettimadai Exten. R.F.,N/A,N/A,N/A,10.95315,76.99142,537,4.4,365.1,22.0,27.9,118.4,62.0,1.94,0.11,41,ELEVATED,MONITORING
TN-CBE-644468-111,Coimbatore,Coimbatore South,644468,Ettimadai (R.F),N/A,N/A,N/A,10.95315,76.99142,537,4.4,365.1,22.0,27.9,118.4,62.0,1.94,0.11,41,ELEVATED,MONITORING
TN-CBE-933382-112,Coimbatore,Coimbatore South,933382,Ramanathapuram,FULL,252653,Coimbatore(Municipal Corporation),10.96448,76.9431,352,7.3,443.3,22.9,8.3,37.1,44.1,0.82,0.02,16,LOW,NORMAL
TN-CBE-933383-113,Coimbatore,Coimbatore South,933383,Singanallur,FULL,252653,Coimbatore(Municipal Corporation),10.96281,76.96338,416,3.5,545.1,38.6,11.2,39.2,47.0,0.68,-0.0,18,LOW,NORMAL
TN-CBE-644472-114,Coimbatore,Coimbatore South,644472,Solakarai R.F.,N/A,N/A,N/A,11.01113,76.98168,435,4.5,307.1,39.9,20.0,96.7,57.5,1.8,0.05,35,MODERATE,NORMAL
TN-CBE-933384-115,Coimbatore,Coimbatore South,933384,Sowripalayam,FULL,252653,Coimbatore(Municipal Corporation),11.01575,76.95437,453,5.6,499.6,20.9,27.8,101.4,74.9,1.71,0.04,44,ELEVATED,MONITORING
TN-CBE-933385-116,Coimbatore,Coimbatore South,933385,Uppilipalayam,FULL,252653,Coimbatore(Municipal Corporation),10.99244,76.93475,449,3.9,408.1,34.9,21.1,112.4,55.1,1.63,0.1,34,MODERATE,NORMAL
TN-CBE-644492-117,Coimbatore,Kinathukadavu,644492,Andipalayam,FULL,222049,Andipalayam(Gram Panchayat)-Kinathukadavu(Panchayat Samiti)-Coimbatore(Zila Panchayat),10.80617,77.01957,257,5.9,560.2,14.5,26.7,120.0,56.2,1.47,0.09,34,MODERATE,NORMAL
TN-CBE-644475-118,Coimbatore,Kinathukadavu,644475,Arasampalayam,FULL,222050,Arasampalayam(Gram Panchayat)-Kinathukadavu(Panchayat Samiti)-Coimbatore(Zila Panchayat),10.78849,76.98061,418,7.7,479.6,40.3,3.7,27.4,39.1,0.57,0.01,13,LOW,NORMAL
TN-CBE-644493-119,Coimbatore,Kinathukadavu,644493,Chettiakkapalayam,FULL,222051,Chettikkapalayam(Gram Panchayat)-Kinathukadavu(Panchayat Samiti)-Coimbatore(Zila Panchayat),10.84064,77.02286,287,8.1,118.9,36.8,4.0,36.1,43.0,0.8,0.02,15,LOW,NORMAL
TN-CBE-644504-120,Coimbatore,Kinathukadavu,644504,Devanampalayam,PART,222052,Devanampalayam(Gram Panchayat)-Kinathukadavu(Panchayat Samiti)-Coimbatore(Zila Panchayat),10.79696,77.04976,369,8.4,199.0,37.1,15.5,94.3,56.2,1.26,0.1,32,MODERATE,NORMAL
TN-CBE-644504-121,Coimbatore,Kinathukadavu,644504,Devanampalayam,PART,222063,Kulathupalayam(Gram Panchayat)-Kinathukadavu(Panchayat Samiti)-Coimbatore(Zila Panchayat),10.78099,77.0408,336,10.8,233.7,40.3,27.8,83.8,55.9,1.23,0.1,39,MODERATE,NORMAL
TN-CBE-644495-122,Coimbatore,Kinathukadavu,644495,Devarayapuram,FULL,222053,Devarayapuram(Gram Panchayat)-Kinathukadavu(Panchayat Samiti)-Coimbatore(Zila Panchayat),10.82985,76.99468,364,8.6,586.4,45.6,18.2,79.7,57.5,1.46,0.04,34,MODERATE,NORMAL
TN-CBE-644496-123,Coimbatore,Kinathukadavu,644496,Govindapuram,FULL,222054,Govindapuram(Gram Panchayat)-Kinathukadavu(Panchayat Samiti)-Coimbatore(Zila Panchayat),10.81596,77.03497,334,9.4,645.7,33.5,29.5,120.0,61.6,1.45,0.06,41,ELEVATED,MONITORING
TN-CBE-644510-124,Coimbatore,Kinathukadavu,644510,Kakkadavu,FULL,222055,Kakkadavu(Gram Panchayat)-Kinathukadavu(Panchayat Samiti)-Coimbatore(Zila Panchayat),10.79415,76.98797,300,6.6,188.5,46.3,23.0,104.7,74.3,1.77,0.06,46,ELEVATED,MONITORING
TN-CBE-644503-125,Coimbatore,Kinathukadavu,644503,Kaniyalampalayam,FULL,222056,Kaniyalamplm(Gram Panchayat)-Kinathukadavu(Panchayat Samiti)-Coimbatore(Zila Panchayat),10.78524,77.00783,290,4.5,489.5,13.9,7.2,30.8,34.9,0.87,-0.0,11,LOW,NORMAL
TN-CBE-644505-126,Coimbatore,Kinathukadavu,644505,Kappalankarai,FULL,222057,Kappalankarai(Gram Panchayat)-Kinathukadavu(Panchayat Samiti)-Coimbatore(Zila Panchayat),10.7899,76.98573,377,8.1,343.7,21.2,3.5,24.6,32.0,0.55,-0.02,9,LOW,NORMAL
TN-CBE-644491-127,Coimbatore,Kinathukadavu,644491,Kattampatti,FULL,222058,Kattampatti(Gram Panchayat)-Kinathukadavu(Panchayat Samiti)-Coimbatore(Zila Panchayat),10.79395,77.0538,296,6.4,202.1,37.6,3.9,37.7,35.5,0.94,0.01,14,LOW,NORMAL
TN-CBE-932174-128,Coimbatore,Kinathukadavu,932174,Kinathukadavu,FULL,252670,Kinathukadavu(Town Panchayat),10.84377,77.02168,409,8.2,145.8,45.8,16.4,77.5,63.0,1.83,0.05,38,MODERATE,NORMAL
TN-CBE-644487-129,Coimbatore,Kinathukadavu,644487,Kodangipalayam,FULL,222059,Kodangipalayam(Gram Panchayat)-Kinathukadavu(Panchayat Samiti)-Coimbatore(Zila Panchayat),10.79196,77.01618,292,4.1,235.2,9.8,6.3,22.8,29.2,0.95,0.02,11,LOW,NORMAL
TN-CBE-644479-130,Coimbatore,Kinathukadavu,644479,Kondampatty,FULL,222060,Kondampatti(Gram Panchayat)-Kinathukadavu(Panchayat Samiti)-Coimbatore(Zila Panchayat),10.80617,77.01957,257,5.9,560.2,14.5,26.7,120.0,56.2,1.47,0.09,34,MODERATE,NORMAL
TN-CBE-644488-131,Coimbatore,Kinathukadavu,644488,Kothavadi,FULL,222061,Kothavadi(Gram Panchayat)-Kinathukadavu(Panchayat Samiti)-Coimbatore(Zila Panchayat),10.81596,77.03497,334,9.4,645.7,33.5,29.5,120.0,61.6,1.45,0.06,41,ELEVATED,MONITORING
TN-CBE-644523-132,Coimbatore,Kinathukadavu,644523,Krishnarayapuram,FULL,222081,Varadanur(Gram Panchayat)-Kinathukadavu(Panchayat Samiti)-Coimbatore(Zila Panchayat),10.85287,77.03191,376,6.6,287.7,12.1,11.2,25.6,28.4,0.83,0.02,14,LOW,NORMAL
TN-CBE-644489-133,Coimbatore,Kinathukadavu,644489,Kurunallipalayam,FULL,222064,Kurunellipalayam(Gram Panchayat)-Kinathukadavu(Panchayat Samiti)-Coimbatore(Zila Panchayat),10.85448,77.02291,403,9.9,94.7,14.8,7.5,35.2,45.2,0.96,0.02,17,LOW,NORMAL
TN-CBE-644482-134,Coimbatore,Kinathukadavu,644482,Kuthiraialampalayam,FULL,222065,Kuthiriyalamplm(Gram Panchayat)-Kinathukadavu(Panchayat Samiti)-Coimbatore(Zila Panchayat),10.79196,77.01618,292,4.1,235.2,9.8,6.3,22.8,29.2,0.95,0.02,11,LOW,NORMAL
TN-CBE-644477-135,Coimbatore,Kinathukadavu,644477,Mettubavi,FULL,222067,Mettubavi(Gram Panchayat)-Kinathukadavu(Panchayat Samiti)-Coimbatore(Zila Panchayat),10.84064,77.02286,287,8.1,118.9,36.8,4.0,36.1,43.0,0.8,0.02,15,LOW,NORMAL
TN-CBE-644501-136,Coimbatore,Kinathukadavu,644501,Mettupalayam (Part),FULL,222068,Mettupalayam(Gram Panchayat)-Kinathukadavu(Panchayat Samiti)-Coimbatore(Zila Panchayat),10.78567,77.00358,288,7.9,306.8,6.7,11.7,41.2,37.2,1.04,0.01,15,LOW,NORMAL
TN-CBE-644502-137,Coimbatore,Kinathukadavu,644502,Mullipadi,FULL,222069,Mullupadi(Gram Panchayat)-Kinathukadavu(Panchayat Samiti)-Coimbatore(Zila Panchayat),10.84348,77.03792,405,3.7,192.2,45.5,4.4,37.2,30.9,0.98,0.0,14,LOW,NORMAL
TN-CBE-644486-138,Coimbatore,Kinathukadavu,644486,Muthur,FULL,222048,No.10. Muthur(Gram Panchayat)-Kinathukadavu(Panchayat Samiti)-Coimbatore(Zila Panchayat),10.79696,77.04976,369,8.4,199.0,37.1,15.5,94.3,56.2,1.26,0.1,32,MODERATE,NORMAL
TN-CBE-644494-139,Coimbatore,Kinathukadavu,644494,Nallattipalayam,FULL,222070,Nallattipalayam(Gram Panchayat)-Kinathukadavu(Panchayat Samiti)-Coimbatore(Zila Panchayat),10.84169,77.00145,391,6.9,436.0,46.0,10.3,40.4,46.6,0.41,-0.01,18,LOW,NORMAL
TN-CBE-644476-140,Coimbatore,Kinathukadavu,644476,Panappatti,FULL,222071,Panapatti(Gram Panchayat)-Kinathukadavu(Panchayat Samiti)-Coimbatore(Zila Panchayat),10.79196,77.01618,292,4.1,235.2,9.8,6.3,22.8,29.2,0.95,0.02,11,LOW,NORMAL
TN-CBE-644490-141,Coimbatore,Kinathukadavu,644490,Periakalandai,FULL,222072,Periakalandai(Gram Panchayat)-Kinathukadavu(Panchayat Samiti)-Coimbatore(Zila Panchayat),10.7899,76.98573,377,8.1,343.7,21.2,3.5,24.6,32.0,0.55,-0.02,9,LOW,NORMAL
TN-CBE-644483-142,Coimbatore,Kinathukadavu,644483,Pottaiyandiporambu,FULL,222073,Pottayandipurambu(Gram Panchayat)-Kinathukadavu(Panchayat Samiti)-Coimbatore(Zila Panchayat),10.78099,77.0408,336,10.8,233.7,40.3,27.8,83.8,55.9,1.23,0.1,39,MODERATE,NORMAL
TN-CBE-644485-143,Coimbatore,Kinathukadavu,644485,Sangarayapuram,FULL,222048,No.10. Muthur(Gram Panchayat)-Kinathukadavu(Panchayat Samiti)-Coimbatore(Zila Panchayat),10.78524,77.00783,290,4.5,489.5,13.9,7.2,30.8,34.9,0.87,-0.0,11,LOW,NORMAL
TN-CBE-644511-144,Coimbatore,Kinathukadavu,644511,Sholanur,FULL,222076,Solanur(Gram Panchayat)-Kinathukadavu(Panchayat Samiti)-Coimbatore(Zila Panchayat),10.85287,77.03191,376,6.6,287.7,12.1,11.2,25.6,28.4,0.83,0.02,14,LOW,NORMAL
TN-CBE-644506-145,Coimbatore,Kinathukadavu,644506,Sirukkalandai,FULL,222074,Sirukalandai(Gram Panchayat)-Kinathukadavu(Panchayat Samiti)-Coimbatore(Zila Panchayat),10.84408,77.05639,335,6.9,635.5,31.3,2.4,28.0,35.3,1.03,0.01,13,LOW,NORMAL
TN-CBE-644484-146,Coimbatore,Kinathukadavu,644484,Sokkanur,FULL,222075,Sokkanur(Gram Panchayat)-Kinathukadavu(Panchayat Samiti)-Coimbatore(Zila Panchayat),10.79609,77.057,352,4.5,439.8,8.8,17.1,96.3,58.4,1.8,0.07,30,MODERATE,NORMAL
TN-CBE-644480-147,Coimbatore,Kinathukadavu,644480,Solavampalayam,FULL,222077,Solavampalayam(Gram Panchayat)-Kinathukadavu(Panchayat Samiti)-Coimbatore(Zila Panchayat),10.80375,77.00414,328,4.4,635.4,25.0,2.6,35.5,39.5,0.5,0.01,9,LOW,NORMAL
TN-CBE-644497-148,Coimbatore,Kinathukadavu,644497,Sulakkal,FULL,222078,Sulakkal(Gram Panchayat)-Kinathukadavu(Panchayat Samiti)-Coimbatore(Zila Panchayat),10.84513,76.99603,412,8.8,554.9,8.2,19.7,121.4,63.0,1.58,0.08,34,MODERATE,NORMAL
TN-CBE-644481-149,Coimbatore,Kinathukadavu,644481,Vadaputhur,FULL,222079,Vadapudur(Gram Panchayat)-Kinathukadavu(Panchayat Samiti)-Coimbatore(Zila Panchayat),10.79609,77.057,352,4.5,439.8,8.8,17.1,96.3,58.4,1.8,0.07,30,MODERATE,NORMAL
TN-CBE-644478-150,Coimbatore,Kinathukadavu,644478,Vadasithur,PART,222066,Mandrampalayam(Gram Panchayat)-Kinathukadavu(Panchayat Samiti)-Coimbatore(Zila Panchayat),10.78524,77.00783,290,4.5,489.5,13.9,7.2,30.8,34.9,0.87,-0.0,11,LOW,NORMAL
TN-CBE-644478-151,Coimbatore,Kinathukadavu,644478,Vadasithur,PART,222080,Vadasithur(Gram Panchayat)-Kinathukadavu(Panchayat Samiti)-Coimbatore(Zila Panchayat),10.82424,77.05099,291,6.9,233.6,23.3,1.7,31.3,30.3,0.53,0.02,9,LOW,NORMAL
TN-CBE-644509-152,Coimbatore,Kinathukadavu,644509,Vaguthampalayam,FULL,222052,Devanampalayam(Gram Panchayat)-Kinathukadavu(Panchayat Samiti)-Coimbatore(Zila Panchayat),10.79816,77.02547,251,8.3,469.6,32.6,18.2,102.0,75.9,1.99,0.06,44,ELEVATED,MONITORING
TN-CBE-644524-153,Coimbatore,Kinathukadavu,644524,Varadanur,FULL,222081,Varadanur(Gram Panchayat)-Kinathukadavu(Panchayat Samiti)-Coimbatore(Zila Panchayat),10.79407,77.04015,289,5.1,507.7,38.3,0.3,32.0,39.8,1.04,0.0,12,LOW,NORMAL
TN-CBE-644464-154,Coimbatore,Madukkari,644464,Arisippalayam,FULL,222093,Arisipalayam(Gram Panchayat)-Madukkarai(Panchayat Samiti)-Coimbatore(Zila Panchayat),10.87395,76.9838,336,8.4,202.1,37.6,3.9,37.7,35.5,0.94,0.01,15,LOW,NORMAL
TN-CBE-932328-155,Coimbatore,Madukkari,932328,Chettypalayam,FULL,252617,Chettipalayam(Town Panchayat),10.87133,76.93276,371,11.7,637.2,38.6,5.9,32.5,32.3,0.79,-0.01,16,LOW,NORMAL
TN-CBE-932330-156,Coimbatore,Madukkari,932330,Ettimadai,FULL,252666,Ettimadai(Town Panchayat),10.87416,76.98463,390,6.5,287.6,9.0,22.8,114.0,68.0,1.2,0.06,35,MODERATE,NORMAL
TN-CBE-644460-157,Coimbatore,Madukkari,644460,Karunchamigoundenpalayam,FULL,222097,Nachipalayam(Gram Panchayat)-Madukkarai(Panchayat Samiti)-Coimbatore(Zila Panchayat),10.90985,76.92468,404,10.6,586.4,45.6,18.2,79.7,57.5,1.46,0.04,35,MODERATE,NORMAL
TN-CBE-961229-158,Coimbatore,Madukkari,961229,Kurichi East,N/A,N/A,N/A,10.90703,76.97565,337,8.3,330.6,22.6,17.8,104.0,56.8,1.54,0.11,33,MODERATE,NORMAL
TN-CBE-932332-159,Coimbatore,Madukkari,932332,Kurichi West,FULL,252653,Coimbatore(Municipal Corporation),10.92646,76.91646,401,11.4,302.8,30.1,8.3,29.0,44.2,0.85,0.01,18,LOW,NORMAL
TN-CBE-932333-160,Coimbatore,Madukkari,932333,Madukarai,FULL,252665,Madukkarai(Municipality),10.92306,76.96231,428,8.7,597.9,30.0,7.8,36.3,29.0,0.5,0.02,14,LOW,NORMAL
TN-CBE-644474-161,Coimbatore,Madukkari,644474,Malumichampatti (Ct),FULL,222094,Malumichampatti(Gram Panchayat)-Madukkarai(Panchayat Samiti)-Coimbatore(Zila Panchayat),10.93532,76.98012,363,6.3,441.1,9.1,0.3,23.7,30.9,0.76,0.0,7,LOW,NORMAL
TN-CBE-644456-162,Coimbatore,Madukkari,644456,Mavuthampathi,FULL,222095,Mavuthampathy(Gram Panchayat)-Madukkarai(Panchayat Samiti)-Coimbatore(Zila Panchayat),10.87395,76.9838,336,8.4,202.1,37.6,3.9,37.7,35.5,0.94,0.01,15,LOW,NORMAL
TN-CBE-644462-163,Coimbatore,Madukkari,644462,Myleripalayam,PART,306104,Elur(Gram Panchayat)-Madukkarai(Panchayat Samiti)-Coimbatore(Zila Panchayat),10.86099,76.9708,376,12.8,233.7,40.3,27.8,83.8,55.9,1.23,0.1,39,MODERATE,NORMAL
TN-CBE-644462-164,Coimbatore,Madukkari,644462,Myleripalayam,PART,222096,Myleripalayam(Gram Panchayat)-Madukkarai(Panchayat Samiti)-Coimbatore(Zila Panchayat),10.90108,76.98167,297,5.4,292.2,43.4,4.5,44.9,34.8,1.01,-0.02,14,LOW,NORMAL
TN-CBE-644463-165,Coimbatore,Madukkari,644463,Nachippalayam,FULL,222097,Nachipalayam(Gram Panchayat)-Madukkarai(Panchayat Samiti)-Coimbatore(Zila Panchayat),10.86524,76.93783,330,6.5,489.5,13.9,7.2,30.8,34.9,0.87,-0.0,12,LOW,NORMAL
TN-CBE-932335-166,Coimbatore,Madukkari,932335,Oorattukuppai,FULL,252668,Othakalmandapam(Town Panchayat),10.86494,76.97608,315,6.3,405.2,7.3,10.7,37.9,31.0,0.79,0.02,13,LOW,NORMAL
TN-CBE-932336-167,Coimbatore,Madukkari,932336,Othakalmandapam,FULL,252668,Othakalmandapam(Town Panchayat),10.93321,76.91781,291,6.7,251.4,36.9,1.3,27.0,47.3,0.87,-0.01,15,LOW,NORMAL
TN-CBE-644458-168,Coimbatore,Madukkari,644458,Palathurai,FULL,222098,Palathurai(Gram Panchayat)-Madukkarai(Panchayat Samiti)-Coimbatore(Zila Panchayat),10.90108,76.98167,297,5.4,292.2,43.4,4.5,44.9,34.8,1.01,-0.02,14,LOW,NORMAL
TN-CBE-644457-169,Coimbatore,Madukkari,644457,Pichanur,FULL,222099,Pichanur(Gram Panchayat)-Madukkarai(Panchayat Samiti)-Coimbatore(Zila Panchayat),10.90108,76.98167,297,5.4,292.2,43.4,4.5,44.9,34.8,1.01,-0.02,14,LOW,NORMAL
TN-CBE-644461-170,Coimbatore,Madukkari,644461,Seerappalayam,FULL,222100,Seerapalayam(Gram Panchayat)-Madukkarai(Panchayat Samiti)-Coimbatore(Zila Panchayat),10.8699,76.91573,417,10.1,343.7,21.2,3.5,24.6,32.0,0.55,-0.02,10,LOW,NORMAL
TN-CBE-644459-171,Coimbatore,Madukkari,644459,Thambagoundenpalayam,FULL,222097,Nachipalayam(Gram Panchayat)-Madukkarai(Panchayat Samiti)-Coimbatore(Zila Panchayat),10.87609,76.987,392,6.5,439.8,8.8,17.1,96.3,58.4,1.8,0.07,31,MODERATE,NORMAL
TN-CBE-932339-172,Coimbatore,Madukkari,932339,Thirumalayampalayam (N),FULL,252667,Thirumalayampalayam(Town Panchayat),10.92803,76.96547,351,5.4,192.8,5.9,2.6,14.4,28.4,0.76,-0.02,7,LOW,NORMAL
TN-CBE-932342-173,Coimbatore,Madukkari,932342,Thirumalayampalayam (S),FULL,252667,Thirumalayampalayam(Town Panchayat),10.91176,76.98838,295,11.4,183.1,45.1,9.2,32.0,42.6,0.68,0.02,19,LOW,NORMAL
TN-CBE-644465-174,Coimbatore,Madukkari,644465,Valukkupparai,FULL,222101,Valukkuparai(Gram Panchayat)-Madukkarai(Panchayat Samiti)-Coimbatore(Zila Panchayat),10.92348,76.96792,445,5.7,192.2,45.5,4.4,37.2,30.9,0.98,0.0,15,LOW,NORMAL
TN-CBE-932343-175,Coimbatore,Madukkari,932343,Vellalur,FULL,252664,Vellalur(Town Panchayat),10.91851,76.98524,294,7.9,446.6,47.3,7.0,42.8,36.3,0.42,0.03,15,LOW,NORMAL
TN-CBE-644369-176,Coimbatore,Mettupalayam,644369,Anaikatti North R.F.,N/A,N/A,N/A,11.26924,76.94065,628,28.6,269.0,7.3,17.5,96.2,62.4,1.97,0.05,41,ELEVATED,MONITORING
TN-CBE-644355-177,Coimbatore,Mettupalayam,644355,Belladhi,FULL,222031,Bellathi(Gram Panchayat)-Karamadai(Panchayat Samiti)-Coimbatore(Zila Panchayat),11.30485,76.90633,612,20.2,88.1,5.5,6.1,42.4,34.8,0.94,0.01,15,LOW,NORMAL
TN-CBE-644344-178,Coimbatore,Mettupalayam,644344,Bellapalayam,FULL,222032,Bellepalayam(Gram Panchayat)-Karamadai(Panchayat Samiti)-Coimbatore(Zila Panchayat),11.2718,76.95137,596,22.3,252.7,24.5,6.5,27.8,45.8,0.94,0.0,21,MODERATE,NORMAL
TN-CBE-961232-179,Coimbatore,Mettupalayam,961232,Chikkadasampalayam East,N/A,N/A,N/A,11.31018,76.96302,622,23.6,331.5,5.0,2.6,21.5,39.4,0.63,0.01,13,LOW,NORMAL
TN-CBE-644346-180,Coimbatore,Mettupalayam,644346,Chikkadasampalayam West,FULL,222033,Chikkadasampalayam(Gram Panchayat)-Karamadai(Panchayat Samiti)-Coimbatore(Zila Panchayat),11.33841,76.93936,628,20.2,253.5,20.4,3.5,31.6,29.6,0.74,0.03,16,LOW,NORMAL
TN-CBE-644356-181,Coimbatore,Mettupalayam,644356,Chikkarampalayam,FULL,222034,Chikkarampalayam(Gram Panchayat)-Karamadai(Panchayat Samiti)-Coimbatore(Zila Panchayat),11.2773,76.95992,571,19.1,77.0,41.6,4.1,32.0,41.7,0.93,-0.02,19,LOW,NORMAL
TN-CBE-644340-182,Coimbatore,Mettupalayam,644340,Chinnakallipatti,FULL,222035,Chinnakalipattai(Gram Panchayat)-Karamadai(Panchayat Samiti)-Coimbatore(Zila Panchayat),11.2718,76.95137,596,22.3,252.7,24.5,6.5,27.8,45.8,0.94,0.0,21,MODERATE,NORMAL
TN-CBE-644368-183,Coimbatore,Mettupalayam,644368,Gopanari R.F.,N/A,N/A,N/A,11.27055,76.91732,633,29.1,339.2,25.0,17.9,87.9,68.7,1.25,0.1,44,ELEVATED,MONITORING
TN-CBE-644361-184,Coimbatore,Mettupalayam,644361,Hulical Drug R.F.,N/A,N/A,N/A,11.26924,76.94065,628,28.6,269.0,7.3,17.5,96.2,62.4,1.97,0.05,41,ELEVATED,MONITORING
TN-CBE-644343-185,Coimbatore,Mettupalayam,644343,Illuppanatham,FULL,222036,Illuppanatham(Gram Panchayat)-Karamadai(Panchayat Samiti)-Coimbatore(Zila Panchayat),11.33567,76.90939,631,22.5,243.7,14.6,23.7,90.9,67.4,1.4,0.1,43,ELEVATED,MONITORING
TN-CBE-644342-186,Coimbatore,Mettupalayam,644342,Irumborai,FULL,222037,Irumborai(Gram Panchayat)-Karamadai(Panchayat Samiti)-Coimbatore(Zila Panchayat),11.33567,76.90939,631,22.5,243.7,14.6,23.7,90.9,67.4,1.4,0.1,43,ELEVATED,MONITORING
TN-CBE-644345-187,Coimbatore,Mettupalayam,644345,Jadayampalayam,FULL,222038,Jadayampalayam(Gram Panchayat)-Karamadai(Panchayat Samiti)-Coimbatore(Zila Panchayat),11.30485,76.90633,612,20.2,88.1,5.5,6.1,42.4,34.8,0.94,0.01,15,LOW,NORMAL
TN-CBE-644353-188,Coimbatore,Mettupalayam,644353,Kalampalayam,FULL,222039,Kalampalayam(Gram Panchayat)-Karamadai(Panchayat Samiti)-Coimbatore(Zila Panchayat),11.29373,76.90909,612,23.6,609.0,33.7,20.1,103.3,60.1,1.31,0.09,40,MODERATE,NORMAL
TN-CBE-644360-189,Coimbatore,Mettupalayam,644360,Kallar R.F.,N/A,N/A,N/A,11.33883,76.90238,612,30.2,342.3,26.9,11.1,30.7,38.0,1.07,0.01,25,MODERATE,NORMAL
TN-CBE-644363-190,Coimbatore,Mettupalayam,644363,Kandiyur R.F.,N/A,N/A,N/A,11.30334,76.91652,667,26.1,478.1,23.7,8.4,23.3,49.1,0.7,0.02,24,MODERATE,NORMAL
TN-CBE-932141-191,Coimbatore,Mettupalayam,932141,Karamadai,FULL,252613,Karamadai(Municipality),11.31341,76.91009,539,18.9,431.5,11.5,8.9,36.1,36.6,0.82,0.01,17,LOW,NORMAL
TN-CBE-644352-192,Coimbatore,Mettupalayam,644352,Kemmarampalayam,FULL,222040,Kemmarampalayam(Gram Panchayat)-Karamadai(Panchayat Samiti)-Coimbatore(Zila Panchayat),11.30014,76.90213,520,21.5,441.0,25.3,17.2,95.9,70.1,1.28,0.11,42,ELEVATED,MONITORING
TN-CBE-644359-193,Coimbatore,Mettupalayam,644359,Madur Pethikuttai Forest,N/A,N/A,N/A,11.27926,76.93268,582,29.5,254.0,37.7,24.6,114.7,60.9,1.64,0.08,47,ELEVATED,MONITORING
TN-CBE-644354-194,Coimbatore,Mettupalayam,644354,Marudur,FULL,222041,Marudur(Gram Panchayat)-Karamadai(Panchayat Samiti)-Coimbatore(Zila Panchayat),11.29993,76.93437,600,21.3,151.5,36.2,10.9,37.4,40.8,0.74,-0.01,21,MODERATE,NORMAL
TN-CBE-644366-195,Coimbatore,Mettupalayam,644366,Melur Slope R.F.,N/A,N/A,N/A,11.27584,76.94761,560,24.0,170.0,39.3,8.4,23.0,28.2,1.05,0.02,23,MODERATE,NORMAL
TN-CBE-644341-196,Coimbatore,Mettupalayam,644341,Muduthurai,FULL,222042,Mooduthurai(Gram Panchayat)-Karamadai(Panchayat Samiti)-Coimbatore(Zila Panchayat),11.2773,76.95992,571,19.1,77.0,41.6,4.1,32.0,41.7,0.93,-0.02,19,LOW,NORMAL
TN-CBE-644362-197,Coimbatore,Mettupalayam,644362,Nellimalair.F.,N/A,N/A,N/A,11.27951,76.96234,533,23.9,519.8,9.6,0.1,14.2,33.4,1.06,-0.02,14,LOW,NORMAL
TN-CBE-644348-198,Coimbatore,Mettupalayam,644348,Nellithurai,FULL,222043,Nellithurai(Gram Panchayat)-Karamadai(Panchayat Samiti)-Coimbatore(Zila Panchayat),11.27153,76.92749,540,20.1,270.4,29.7,5.5,38.2,36.5,0.89,0.03,19,LOW,NORMAL
TN-CBE-644365-199,Coimbatore,Mettupalayam,644365,Nellithurai And Sundapatti R.F,N/A,N/A,N/A,11.28204,76.90581,694,28.4,552.9,23.8,10.4,39.0,44.4,1.09,0.03,26,MODERATE,NORMAL
TN-CBE-644347-200,Coimbatore,Mettupalayam,644347,Odanthurai,FULL,222044,Odanthurai(Gram Panchayat)-Karamadai(Panchayat Samiti)-Coimbatore(Zila Panchayat),11.28927,76.95694,525,20.6,88.7,41.4,9.7,25.9,42.4,0.84,0.02,23,MODERATE,NORMAL
TN-CBE-644358-201,Coimbatore,Mettupalayam,644358,Odanthurai R.F.,N/A,N/A,N/A,11.27951,76.96234,613,29.9,519.8,9.6,29.1,88.1,59.5,1.34,0.06,43,ELEVATED,MONITORING
TN-CBE-644364-202,Coimbatore,Mettupalayam,644364,Pillur Slope R.F.,N/A,N/A,N/A,11.33546,76.95549,572,26.5,62.7,32.8,0.2,26.7,44.3,0.58,-0.01,18,LOW,NORMAL
TN-CBE-932142-203,Coimbatore,Mettupalayam,932142,Sirumugai,FULL,252611,Sirumugai(Town Panchayat),11.32915,76.90312,473,20.8,75.8,13.9,1.1,34.4,30.1,0.82,0.01,14,LOW,NORMAL
TN-CBE-644349-204,Coimbatore,Mettupalayam,644349,Thekkampatti,PART,306103,Ramegoundenpudur(Gram Panchayat)-Karamadai(Panchayat Samiti)-Coimbatore(Zila Panchayat),11.30334,76.91652,587,20.9,478.1,23.7,8.4,23.3,49.1,0.7,0.02,23,MODERATE,NORMAL
TN-CBE-644349-205,Coimbatore,Mettupalayam,644349,Thekkampatti,PART,222045,Thekkampatti(Gram Panchayat)-Karamadai(Panchayat Samiti)-Coimbatore(Zila Panchayat),11.28446,76.95747,596,19.2,214.5,23.0,21.3,82.3,68.4,1.42,0.08,42,ELEVATED,MONITORING
TN-CBE-644350-206,Coimbatore,Mettupalayam,644350,Tholampalayam,FULL,222046,Tholampalayam(Gram Panchayat)-Karamadai(Panchayat Samiti)-Coimbatore(Zila Panchayat),11.31562,76.90019,491,20.1,154.1,41.6,1.5,16.7,44.6,0.63,0.0,18,LOW,NORMAL
TN-CBE-644351-207,Coimbatore,Mettupalayam,644351,Velliangadu,FULL,222047,Velliangadu(Gram Panchayat)-Karamadai(Panchayat Samiti)-Coimbatore(Zila Panchayat),11.31496,76.97535,642,23.1,200.9,24.6,11.8,34.1,40.8,0.77,-0.01,21,MODERATE,NORMAL
TN-CBE-932200-208,Coimbatore,Perur,932200,Alanthurai,FULL,252658,Alanthurai(Town Panchayat),11.01914,76.90611,399,12.1,98.7,22.9,9.1,49.5,47.3,0.94,-0.02,19,LOW,NORMAL
TN-CBE-932205-209,Coimbatore,Perur,932205,Devarayanpuram,FULL,222256,Devarayapuram(Gram Panchayat)-Thondamuthur(Panchayat Samiti)-Coimbatore(Zila Panchayat),10.9896,76.84053,449,8.0,148.5,21.0,9.7,36.8,30.0,0.48,-0.02,12,LOW,NORMAL
TN-CBE-644448-210,Coimbatore,Perur,644448,Devarayapuram,FULL,222256,Devarayapuram(Gram Panchayat)-Thondamuthur(Panchayat Samiti)-Coimbatore(Zila Panchayat),10.99747,76.88204,392,14.5,251.4,23.7,25.5,86.5,55.7,1.5,0.05,37,MODERATE,NORMAL
TN-CBE-932230-211,Coimbatore,Perur,932230,East Chithirai Chavadi,FULL,252656,Dhaliyur(Town Panchayat),10.99447,76.90706,399,13.2,548.5,25.8,26.6,92.9,57.7,1.63,0.06,39,MODERATE,NORMAL
TN-CBE-932267-212,Coimbatore,Perur,932267,Ikaraipoluvampatty (N),N/A,N/A,N/A,11.01574,76.91377,522,14.0,317.2,35.8,9.4,46.9,46.9,0.88,0.02,22,MODERATE,NORMAL
TN-CBE-644453-213,Coimbatore,Perur,644453,Ikkaraibooluvampatti,FULL,222257,Ikkarai Boluvampatti(Gram Panchayat)-Thondamuthur(Panchayat Samiti)-Coimbatore(Zila Panchayat),10.94574,76.85712,421,14.9,468.4,11.2,29.1,101.4,55.2,1.54,0.06,37,MODERATE,NORMAL
TN-CBE-644449-214,Coimbatore,Perur,644449,Jagirnaickenpalyam,FULL,222258,Jagirnaickenpalayam(Gram Panchayat)-Thondamuthur(Panchayat Samiti)-Coimbatore(Zila Panchayat),10.96074,76.84928,433,12.9,517.3,6.6,8.4,41.4,50.8,0.97,-0.02,19,LOW,NORMAL
TN-CBE-932243-215,Coimbatore,Perur,932243,Kalikanaiken Palayam,FULL,252657,Thondamuthur(Town Panchayat),11.01273,76.87207,371,8.8,466.5,34.7,26.6,98.8,57.4,1.6,0.05,38,MODERATE,NORMAL
TN-CBE-932252-216,Coimbatore,Perur,932252,Komarapalayam,FULL,252653,Coimbatore(Municipal Corporation),10.9895,76.88169,361,14.9,465.6,33.0,5.2,21.5,38.6,0.5,-0.01,14,LOW,NORMAL
TN-CBE-932292-217,Coimbatore,Perur,932292,Kuniamuthur,FULL,252653,Coimbatore(Municipal Corporation),10.99399,76.87602,435,11.9,422.2,12.7,6.2,28.6,36.9,0.56,-0.02,11,LOW,NORMAL
TN-CBE-644454-218,Coimbatore,Perur,644454,Madampatti,FULL,222259,Madampatti(Gram Panchayat)-Thondamuthur(Panchayat Samiti)-Coimbatore(Zila Panchayat),11.00556,76.91857,391,14.8,174.1,27.5,12.0,38.0,29.4,0.64,0.0,18,LOW,NORMAL
TN-CBE-644452-219,Coimbatore,Perur,644452,Madavarayapuram,FULL,222260,Madvarayapuram(Gram Panchayat)-Thondamuthur(Panchayat Samiti)-Coimbatore(Zila Panchayat),10.98802,76.87031,395,9.6,649.2,43.0,18.8,97.6,73.7,1.47,0.08,43,ELEVATED,MONITORING
TN-CBE-644451-220,Coimbatore,Perur,644451,Narasipuram,FULL,222261,Narasipuram(Gram Panchayat)-Thondamuthur(Panchayat Samiti)-Coimbatore(Zila Panchayat),10.98802,76.87031,395,9.6,649.2,43.0,18.8,97.6,73.7,1.47,0.08,43,ELEVATED,MONITORING
TN-CBE-932256-221,Coimbatore,Perur,932256,Perur,FULL,252661,Perur(Town Panchayat),10.96562,76.86263,430,14.3,602.9,42.9,5.7,36.8,44.6,0.61,-0.01,18,LOW,NORMAL
TN-CBE-644473-222,Coimbatore,Perur,644473,Perur Chettipalayam (Ct),FULL,222262,Perurchettipalayam(Gram Panchayat)-Thondamuthur(Panchayat Samiti)-Coimbatore(Zila Panchayat),10.98075,76.86765,355,14.1,209.0,35.1,1.4,22.8,36.6,0.51,0.03,13,LOW,NORMAL
TN-CBE-932271-223,Coimbatore,Perur,932271,Pooluvampatti,FULL,252659,Pooluvapatti(Town Panchayat),11.01253,76.85694,495,15.2,191.3,15.2,27.4,84.7,56.2,1.7,0.1,39,MODERATE,NORMAL
TN-CBE-932311-224,Coimbatore,Perur,932311,Semmedu,FULL,222257,Ikkarai Boluvampatti(Gram Panchayat)-Thondamuthur(Panchayat Samiti)-Coimbatore(Zila Panchayat),10.99694,76.90972,434,7.7,572.6,23.1,26.3,114.2,75.7,1.61,0.06,45,ELEVATED,MONITORING
TN-CBE-932289-225,Coimbatore,Perur,932289,Sundakamuthur,FULL,252653,Coimbatore(Municipal Corporation),10.9663,76.8878,460,7.9,232.5,28.3,8.5,23.0,48.2,0.58,0.02,18,LOW,NORMAL
TN-CBE-644455-226,Coimbatore,Perur,644455,Theethipalayam,FULL,222263,Theethipalayam(Gram Panchayat)-Thondamuthur(Panchayat Samiti)-Coimbatore(Zila Panchayat),10.987,76.9189,498,14.6,239.7,6.6,15.3,99.8,65.1,1.99,0.07,37,MODERATE,NORMAL
TN-CBE-932281-227,Coimbatore,Perur,932281,Thenkarai,FULL,252660,Thenkarai(Town Panchayat),10.96774,76.89993,394,9.2,147.3,47.8,7.3,37.5,46.1,0.85,-0.01,19,LOW,NORMAL
TN-CBE-644447-228,Coimbatore,Perur,644447,Thennammanallur,FULL,222264,Thennamanallur(Gram Panchayat)-Thondamuthur(Panchayat Samiti)-Coimbatore(Zila Panchayat),10.94277,76.90377,368,14.9,515.9,26.7,5.7,14.6,49.5,0.49,0.01,19,LOW,NORMAL
TN-CBE-932226-229,Coimbatore,Perur,932226,Thondamuthur,FULL,252657,Thondamuthur(Town Panchayat),10.99472,76.87569,499,15.4,353.1,7.9,24.2,101.4,60.3,1.86,0.08,39,MODERATE,NORMAL
TN-CBE-932244-230,Coimbatore,Perur,932244,Vadavalli,FULL,252653,Coimbatore(Municipal Corporation),10.95795,76.89884,506,11.0,511.7,18.5,9.6,32.2,49.3,0.59,0.01,18,LOW,NORMAL
TN-CBE-932247-231,Coimbatore,Perur,932247,Vedapatty,FULL,252655,Vedapatti(Town Panchayat),10.99522,76.87023,496,12.8,289.7,42.1,5.1,28.5,36.5,0.4,-0.0,14,LOW,NORMAL
TN-CBE-932299-232,Coimbatore,Perur,932299,Veera Keralam,FULL,252653,Coimbatore(Municipal Corporation),11.01281,76.84282,439,12.8,158.5,9.5,11.4,29.8,41.5,0.87,0.0,16,LOW,NORMAL
TN-CBE-644450-233,Coimbatore,Perur,644450,Vellaimalaipattinam,FULL,222265,Vellimalaipatinam(Gram Panchayat)-Thondamuthur(Panchayat Samiti)-Coimbatore(Zila Panchayat),10.9864,76.84424,450,8.3,235.9,20.0,22.8,106.0,64.9,1.52,0.1,38,MODERATE,NORMAL
TN-CBE-932261-234,Coimbatore,Perur,932261,West Chithirai Chavadi,FULL,252656,Dhaliyur(Town Panchayat),11.01834,76.91969,503,7.8,457.5,39.8,4.3,38.0,37.7,0.96,0.0,15,LOW,NORMAL
TN-CBE-644592-235,Coimbatore,Pollachi,644592,Achipatti (Ct),FULL,222132,Achipatti(Gram Panchayat)-Pollachi(N)(Panchayat Samiti)-Coimbatore(Zila Panchayat),10.63549,76.9712,243,4.6,426.1,20.0,6.6,23.7,44.2,1.0,0.0,14,LOW,NORMAL
TN-CBE-644537-236,Coimbatore,Pollachi,644537,A. Nagoor,FULL,222131,A.Nagoor(Gram Panchayat)-Pollachi(N)(Panchayat Samiti)-Coimbatore(Zila Panchayat),10.63679,76.99931,384,3.5,103.1,22.0,0.4,36.9,40.5,0.74,0.03,9,LOW,NORMAL
TN-CBE-644535-237,Coimbatore,Pollachi,644535,Anupparpalayam,FULL,222133,Anupparpalayam(Gram Panchayat)-Pollachi(N)(Panchayat Samiti)-Coimbatore(Zila Panchayat),10.66137,77.0422,348,10.2,516.4,26.8,7.1,29.6,51.8,0.75,0.01,20,LOW,NORMAL
TN-CBE-644528-238,Coimbatore,Pollachi,644528,Avaleppampatti,FULL,222134,Avalappampatti(Gram Panchayat)-Pollachi(N)(Panchayat Samiti)-Coimbatore(Zila Panchayat),10.62787,77.02864,241,10.7,302.9,17.6,10.9,41.2,39.4,0.74,-0.01,15,LOW,NORMAL
TN-CBE-644543-239,Coimbatore,Pollachi,644543,Ayyampalayam,FULL,222135,Ayyampalayam(Gram Panchayat)-Pollachi(N)(Panchayat Samiti)-Coimbatore(Zila Panchayat),10.6732,77.03791,362,7.7,141.4,41.2,1.0,22.6,35.5,0.86,0.03,13,LOW,NORMAL
TN-CBE-644549-240,Coimbatore,Pollachi,644549,Bodipalayam,FULL,222137,Bodipalayam(Gram Panchayat)-Pollachi(N)(Panchayat Samiti)-Coimbatore(Zila Panchayat),10.64653,76.97601,381,3.5,481.6,5.0,17.8,101.1,57.4,1.57,0.08,28,MODERATE,NORMAL
TN-CBE-644539-241,Coimbatore,Pollachi,644539,Boligoundenpalayam,FULL,222136,Bodigoundenpalayam(Gram Panchayat)-Pollachi(N)(Panchayat Samiti)-Coimbatore(Zila Panchayat),10.62787,77.03809,391,7.4,161.0,46.8,10.0,33.6,41.9,0.49,0.02,17,LOW,NORMAL
TN-CBE-644507-242,Coimbatore,Pollachi,644507,Chandrapuram,FULL,222152,N.Chandrapuram(Gram Panchayat)-Pollachi(N)(Panchayat Samiti)-Coimbatore(Zila Panchayat),10.69688,77.01307,360,9.6,65.9,10.8,6.9,43.7,51.0,0.67,0.0,17,LOW,NORMAL
TN-CBE-644518-243,Coimbatore,Pollachi,644518,Chikkarayapuram,FULL,222138,Chikkarayapuram(Gram Panchayat)-Pollachi(N)(Panchayat Samiti)-Coimbatore(Zila Panchayat),10.69662,77.04984,258,11.0,128.9,26.1,15.8,99.2,55.6,1.7,0.09,33,MODERATE,NORMAL
TN-CBE-644593-244,Coimbatore,Pollachi,644593,Chinnampalayam (Ct),FULL,222171,Chinnampalayam(Gram Panchayat)-Pollachi(S)(Panchayat Samiti)-Coimbatore(Zila Panchayat),10.66913,76.99304,285,3.5,133.4,45.7,11.1,29.9,48.4,1.03,-0.01,21,MODERATE,NORMAL
TN-CBE-644515-245,Coimbatore,Pollachi,644515,Devambadi,FULL,222140,Devambadi(Gram Panchayat)-Pollachi(N)(Panchayat Samiti)-Coimbatore(Zila Panchayat),10.62094,77.03749,391,8.2,225.9,28.8,7.2,35.4,43.2,1.04,0.01,17,LOW,NORMAL
TN-CBE-644540-246,Coimbatore,Pollachi,644540,Eripatti,FULL,222141,Eripatti(Gram Panchayat)-Pollachi(N)(Panchayat Samiti)-Coimbatore(Zila Panchayat),10.64761,77.00745,250,3.5,645.9,36.6,24.8,98.2,63.1,1.21,0.09,37,MODERATE,NORMAL
TN-CBE-644536-247,Coimbatore,Pollachi,644536,Gollapatti,FULL,222143,Gollapatti(Gram Panchayat)-Pollachi(N)(Panchayat Samiti)-Coimbatore(Zila Panchayat),10.69932,77.04312,237,9.4,292.1,48.0,2.3,13.8,49.8,0.67,-0.0,18,LOW,NORMAL
TN-CBE-644554-248,Coimbatore,Pollachi,644554,Gomangalam,FULL,222173,Gomangalam(Gram Panchayat)-Pollachi(S)(Panchayat Samiti)-Coimbatore(Zila Panchayat),10.66843,76.97442,375,6.1,110.8,37.3,0.1,41.6,51.8,0.67,-0.02,15,LOW,NORMAL
TN-CBE-644573-249,Coimbatore,Pollachi,644573,Gomangalampudur,FULL,222174,Gomangalampdr(Gram Panchayat)-Pollachi(S)(Panchayat Samiti)-Coimbatore(Zila Panchayat),10.68737,76.99453,364,9.0,543.0,23.8,2.0,36.2,31.9,0.83,-0.02,11,LOW,NORMAL
TN-CBE-644519-250,Coimbatore,Pollachi,644519,Kabilipalayam,FULL,222144,Kabulipalayam(Gram Panchayat)-Pollachi(N)(Panchayat Samiti)-Coimbatore(Zila Panchayat),10.62552,76.99754,352,5.0,492.2,10.2,6.8,28.4,44.5,1.04,0.03,14,LOW,NORMAL
TN-CBE-644525-251,Coimbatore,Pollachi,644525,Kallipatti,FULL,222145,Kallipatti(Gram Panchayat)-Pollachi(N)(Panchayat Samiti)-Coimbatore(Zila Panchayat),10.66053,77.03245,281,4.0,64.7,42.6,5.9,21.2,38.6,0.99,0.02,15,LOW,NORMAL
TN-CBE-644557-252,Coimbatore,Pollachi,644557,Kanjampatti,FULL,222175,Kanjampatti(Gram Panchayat)-Pollachi(S)(Panchayat Samiti)-Coimbatore(Zila Panchayat),10.64966,77.02694,401,8.4,424.3,29.2,0.8,39.1,43.1,0.69,-0.0,12,LOW,NORMAL
TN-CBE-644534-253,Coimbatore,Pollachi,644534,Kittasuarampalayam,FULL,222142,Kittasoormapalayam(Gram Panchayat)-Pollachi(N)(Panchayat Samiti)-Coimbatore(Zila Panchayat),10.65696,77.00182,299,6.8,205.4,19.2,1.3,17.3,32.3,0.53,0.03,9,LOW,NORMAL
TN-CBE-644591-254,Coimbatore,Pollachi,644591,Koil Palayam (Ct),FULL,222062,Kovilpalayam(Gram Panchayat)-Kinathukadavu(Panchayat Samiti)-Coimbatore(Zila Panchayat),10.66998,77.0318,328,7.6,306.3,33.7,2.4,23.0,37.0,0.87,0.02,13,LOW,NORMAL
TN-CBE-644556-255,Coimbatore,Pollachi,644556,Kolarpatti,FULL,222176,Kolarpatti(Gram Panchayat)-Pollachi(S)(Panchayat Samiti)-Coimbatore(Zila Panchayat),10.67287,76.97575,323,7.0,75.5,23.1,22.4,96.7,74.0,1.82,0.05,43,ELEVATED,MONITORING
TN-CBE-644526-256,Coimbatore,Pollachi,644526,Kondegoundenpalayam,FULL,222146,Kondegoundenplm(Gram Panchayat)-Pollachi(N)(Panchayat Samiti)-Coimbatore(Zila Panchayat),10.6732,77.03791,362,7.7,141.4,41.2,1.0,22.6,35.5,0.86,0.03,13,LOW,NORMAL
TN-CBE-644572-257,Coimbatore,Pollachi,644572,Koolanaickenpatti,FULL,222177,Koolanaickenpati(Gram Panchayat)-Pollachi(S)(Panchayat Samiti)-Coimbatore(Zila Panchayat),10.69686,77.02576,269,7.2,528.8,41.2,22.5,113.6,68.5,1.43,0.06,41,ELEVATED,MONITORING
TN-CBE-644522-258,Coimbatore,Pollachi,644522,Kulakkalpalayam,FULL,222147,Kullakkapalyaam(Gram Panchayat)-Pollachi(N)(Panchayat Samiti)-Coimbatore(Zila Panchayat),10.62787,77.03809,391,7.4,161.0,46.8,10.0,33.6,41.9,0.49,0.02,17,LOW,NORMAL
TN-CBE-644562-259,Coimbatore,Pollachi,644562,Kulathur,FULL,222137,Bodipalayam(Gram Panchayat)-Pollachi(N)(Panchayat Samiti)-Coimbatore(Zila Panchayat),10.64411,76.99742,354,3.6,104.9,41.2,9.9,42.8,51.6,1.02,0.02,22,MODERATE,NORMAL
TN-CBE-644513-260,Coimbatore,Pollachi,644513,Kullichettipalayam,FULL,222148,Kullichettiplm(Gram Panchayat)-Pollachi(N)(Panchayat Samiti)-Coimbatore(Zila Panchayat),10.63679,76.99931,384,3.5,103.1,22.0,0.4,36.9,40.5,0.74,0.03,9,LOW,NORMAL
TN-CBE-644545-261,Coimbatore,Pollachi,644545,Kumarapalayam,FULL,222165,Thimmankuthu(Gram Panchayat)-Pollachi(N)(Panchayat Samiti)-Coimbatore(Zila Panchayat),10.63012,77.00631,299,5.3,305.6,38.9,8.0,28.2,51.6,1.09,-0.0,22,MODERATE,NORMAL
TN-CBE-644521-262,Coimbatore,Pollachi,644521,Kurumbapalayam,FULL,222149,Kurumbapalayam(Gram Panchayat)-Pollachi(N)(Panchayat Samiti)-Coimbatore(Zila Panchayat),10.69932,77.04312,237,9.4,292.1,48.0,2.3,13.8,49.8,0.67,-0.0,18,LOW,NORMAL
TN-CBE-644594-263,Coimbatore,Pollachi,644594,Makkinampatti (Ct),FULL,222178,Makkinampatti(Gram Panchayat)-Pollachi(S)(Panchayat Samiti)-Coimbatore(Zila Panchayat),10.65043,77.03839,322,5.6,274.3,13.5,24.2,115.5,75.7,1.94,0.08,44,ELEVATED,MONITORING
TN-CBE-644546-264,Coimbatore,Pollachi,644546,Manur,FULL,222150,Mannur(Gram Panchayat)-Pollachi(N)(Panchayat Samiti)-Coimbatore(Zila Panchayat),10.62369,77.01144,352,10.2,281.2,16.1,23.7,113.8,72.4,1.66,0.05,42,ELEVATED,MONITORING
TN-CBE-644527-265,Coimbatore,Pollachi,644527,Mulanur,FULL,222151,Moolanur(Gram Panchayat)-Pollachi(N)(Panchayat Samiti)-Coimbatore(Zila Panchayat),10.6308,77.03812,236,5.2,159.0,18.1,2.3,39.8,42.9,0.61,-0.0,10,LOW,NORMAL
TN-CBE-644552-266,Coimbatore,Pollachi,644552,Nallampalli,FULL,222180,Nallampalli(Gram Panchayat)-Pollachi(S)(Panchayat Samiti)-Coimbatore(Zila Panchayat),10.68114,77.0315,317,8.8,533.2,34.3,8.7,31.6,40.1,0.85,0.01,16,LOW,NORMAL
TN-CBE-644544-267,Coimbatore,Pollachi,644544,Nallathukuli,FULL,222153,Nalluthukuli(Gram Panchayat)-Pollachi(N)(Panchayat Samiti)-Coimbatore(Zila Panchayat),10.67287,76.97575,323,7.0,75.5,23.1,22.4,96.7,74.0,1.82,0.05,43,ELEVATED,MONITORING
TN-CBE-644558-268,Coimbatore,Pollachi,644558,Nathukkalpalayam,FULL,222182,Nattukalpalayam(Gram Panchayat)-Pollachi(S)(Panchayat Samiti)-Coimbatore(Zila Panchayat),10.65505,77.0023,247,7.1,498.1,7.9,1.7,25.1,51.2,0.57,-0.02,12,LOW,NORMAL
TN-CBE-644520-269,Coimbatore,Pollachi,644520,Okkilipalayam,FULL,222154,Okkilipalayam(Gram Panchayat)-Pollachi(N)(Panchayat Samiti)-Coimbatore(Zila Panchayat),10.64653,76.97601,381,3.5,481.6,5.0,17.8,101.1,57.4,1.57,0.08,28,MODERATE,NORMAL
TN-CBE-933430-270,Coimbatore,Pollachi,933430,Periya Negamam,FULL,252671,Periya Negamam(Town Panchayat),10.63572,76.97558,230,4.6,158.0,16.3,28.3,85.2,67.5,1.27,0.07,38,MODERATE,NORMAL
TN-CBE-933432-271,Coimbatore,Pollachi,933432,Pollachi,FULL,252674,Pollachi(Municipality),10.69199,77.03693,403,8.8,213.6,7.4,18.8,102.6,55.9,1.74,0.05,30,MODERATE,NORMAL
TN-CBE-644514-272,Coimbatore,Pollachi,644514,Poosanaickendhali,FULL,222138,Chikkarayapuram(Gram Panchayat)-Pollachi(N)(Panchayat Samiti)-Coimbatore(Zila Panchayat),10.64761,77.00745,250,3.5,645.9,36.6,24.8,98.2,63.1,1.21,0.09,37,MODERATE,NORMAL
TN-CBE-644538-273,Coimbatore,Pollachi,644538,Poosaripatti,FULL,222155,Poosaripatti(Gram Panchayat)-Pollachi(N)(Panchayat Samiti)-Coimbatore(Zila Panchayat),10.67287,76.97575,323,7.0,75.5,23.1,22.4,96.7,74.0,1.82,0.05,43,ELEVATED,MONITORING
TN-CBE-644498-274,Coimbatore,Pollachi,644498,Poravipalayam,FULL,222157,Puravipalayam(Gram Panchayat)-Pollachi(N)(Panchayat Samiti)-Coimbatore(Zila Panchayat),10.66137,77.0422,348,10.2,516.4,26.8,7.1,29.6,51.8,0.75,0.01,20,LOW,NORMAL
TN-CBE-644532-275,Coimbatore,Pollachi,644532,Puliampatti,FULL,222156,Puliampatti(Gram Panchayat)-Pollachi(N)(Panchayat Samiti)-Coimbatore(Zila Panchayat),10.64098,77.04293,368,7.8,246.4,10.8,1.4,18.4,28.5,0.85,0.01,9,LOW,NORMAL
TN-CBE-644516-276,Coimbatore,Pollachi,644516,Ramapatinam,FULL,222159,Ramapattinam(Gram Panchayat)-Pollachi(N)(Panchayat Samiti)-Coimbatore(Zila Panchayat),10.6308,77.03812,236,5.2,159.0,18.1,2.3,39.8,42.9,0.61,-0.0,10,LOW,NORMAL
TN-CBE-644531-277,Coimbatore,Pollachi,644531,Rasakkapalayam,FULL,222160,Rasakapalayam(Gram Panchayat)-Pollachi(N)(Panchayat Samiti)-Coimbatore(Zila Panchayat),10.66996,77.0076,352,7.3,470.0,10.4,6.2,20.9,31.4,0.49,0.02,10,LOW,NORMAL
TN-CBE-644548-278,Coimbatore,Pollachi,644548,Rasichettipalayam,FULL,222161,Rasichettipalayam(Gram Panchayat)-Pollachi(N)(Panchayat Samiti)-Coimbatore(Zila Panchayat),10.65505,77.0023,247,7.1,498.1,7.9,1.7,25.1,51.2,0.57,-0.02,12,LOW,NORMAL
TN-CBE-644533-279,Coimbatore,Pollachi,644533,R. Ponnapuram,FULL,222158,R.Ponnapuram(Gram Panchayat)-Pollachi(N)(Panchayat Samiti)-Coimbatore(Zila Panchayat),10.62706,77.037,277,8.6,141.4,13.8,11.8,30.0,38.3,0.94,0.02,16,LOW,NORMAL
TN-CBE-933436-280,Coimbatore,Pollachi,933436,Sangampalayam,FULL,252674,Pollachi(Municipality),10.67254,77.02174,363,10.5,346.8,8.5,11.4,34.6,31.5,0.61,-0.01,13,LOW,NORMAL
TN-CBE-644512-281,Coimbatore,Pollachi,644512,Santhegoundanpalayam,FULL,222162,Santhegoundenplm(Gram Panchayat)-Pollachi(N)(Panchayat Samiti)-Coimbatore(Zila Panchayat),10.68673,77.04822,382,10.2,476.8,7.7,9.3,28.5,29.9,0.57,-0.0,12,LOW,NORMAL
TN-CBE-644553-282,Coimbatore,Pollachi,644553,Seelakkampatti,FULL,222186,Seelakkampatti(Gram Panchayat)-Pollachi(S)(Panchayat Samiti)-Coimbatore(Zila Panchayat),10.63688,77.00745,343,4.6,411.3,24.3,0.2,34.3,49.1,0.95,0.03,14,LOW,NORMAL
TN-CBE-644563-283,Coimbatore,Pollachi,644563,Servaikaranpalayam,FULL,222161,Rasichettipalayam(Gram Panchayat)-Pollachi(N)(Panchayat Samiti)-Coimbatore(Zila Panchayat),10.64975,77.03537,286,4.3,331.7,8.0,17.6,85.9,59.8,1.92,0.05,31,MODERATE,NORMAL
TN-CBE-644499-284,Coimbatore,Pollachi,644499,Servakaranpalayam,FULL,222163,Servakaranplm(Gram Panchayat)-Pollachi(N)(Panchayat Samiti)-Coimbatore(Zila Panchayat),10.69932,77.04312,237,9.4,292.1,48.0,2.3,13.8,49.8,0.67,-0.0,18,LOW,NORMAL
TN-CBE-644574-285,Coimbatore,Pollachi,644574,Sinjuvadi,FULL,222188,Sinjuvadi(Gram Panchayat)-Pollachi(S)(Panchayat Samiti)-Coimbatore(Zila Panchayat),10.68297,77.02846,390,7.8,579.2,22.3,29.0,102.8,55.8,1.5,0.09,37,MODERATE,NORMAL
TN-CBE-644508-286,Coimbatore,Pollachi,644508,Sinna Negamam,FULL,222139,Chinnanegamam(Gram Panchayat)-Pollachi(N)(Panchayat Samiti)-Coimbatore(Zila Panchayat),10.66876,77.03492,324,3.5,526.4,16.0,4.1,15.0,31.0,0.86,0.01,10,LOW,NORMAL
TN-CBE-644555-287,Coimbatore,Pollachi,644555,S. Malayandipatnam,FULL,222184,S.Malayandipatinam(Gram Panchayat)-Pollachi(S)(Panchayat Samiti)-Coimbatore(Zila Panchayat),10.65884,76.98246,367,4.2,412.5,45.0,15.5,81.6,58.6,1.64,0.06,33,MODERATE,NORMAL
TN-CBE-644550-288,Coimbatore,Pollachi,644550,Solapalayam,FULL,222189,Solapalayam(Gram Panchayat)-Pollachi(S)(Panchayat Samiti)-Coimbatore(Zila Panchayat),10.64364,77.02076,303,6.5,140.9,46.9,8.7,33.9,49.2,0.63,-0.02,19,LOW,NORMAL
TN-CBE-933441-289,Coimbatore,Pollachi,933441,Sooleeswaranpatty,FULL,252676,Suleeswaranpatti(Town Panchayat),10.69708,76.98285,246,5.0,495.1,34.3,10.1,48.5,39.7,1.09,0.01,17,LOW,NORMAL
TN-CBE-644517-290,Coimbatore,Pollachi,644517,Thalakkarai,FULL,222164,Thalakkarai(Gram Panchayat)-Pollachi(N)(Panchayat Samiti)-Coimbatore(Zila Panchayat),10.64098,77.04293,368,7.8,246.4,10.8,1.4,18.4,28.5,0.85,0.01,9,LOW,NORMAL
TN-CBE-644547-291,Coimbatore,Pollachi,644547,Thimmanguthu,FULL,222165,Thimmankuthu(Gram Panchayat)-Pollachi(N)(Panchayat Samiti)-Coimbatore(Zila Panchayat),10.64364,77.02076,303,6.5,140.9,46.9,8.7,33.9,49.2,0.63,-0.02,19,LOW,NORMAL
TN-CBE-644551-292,Coimbatore,Pollachi,644551,Thippampatti,FULL,222166,Thippampatti(Gram Panchayat)-Pollachi(N)(Panchayat Samiti)-Coimbatore(Zila Panchayat),10.64306,76.98367,234,3.5,501.4,9.5,23.1,125.6,67.7,1.71,0.07,37,MODERATE,NORMAL
TN-CBE-644530-293,Coimbatore,Pollachi,644530,Thoppampatti,FULL,222166,Thippampatti(Gram Panchayat)-Pollachi(N)(Panchayat Samiti)-Coimbatore(Zila Panchayat),10.6501,77.03785,306,5.6,96.3,44.9,3.3,34.5,31.3,0.98,0.01,14,LOW,NORMAL
TN-CBE-933448-294,Coimbatore,Pollachi,933448,T Kottampatty,FULL,252673,Zamin Uthukuli(Town Panchayat),10.66396,77.01415,374,8.6,384.5,10.3,8.4,18.6,37.9,0.72,-0.01,12,LOW,NORMAL
TN-CBE-644541-295,Coimbatore,Pollachi,644541,Unjavelampatti,FULL,222192,Unjavelampatti(Gram Panchayat)-Pollachi(S)(Panchayat Samiti)-Coimbatore(Zila Panchayat),10.62406,76.97227,267,7.8,482.0,33.2,26.0,100.5,71.6,1.94,0.07,46,ELEVATED,MONITORING
TN-CBE-933454-296,Coimbatore,Pollachi,933454,Vadakipalayam,FULL,252674,Pollachi(Municipality),10.64613,76.98646,313,4.5,489.8,29.2,4.1,36.7,49.3,0.81,0.02,16,LOW,NORMAL
TN-CBE-644500-297,Coimbatore,Pollachi,644500,Vadakkipalayam,FULL,222167,Vadakkipalayam(Gram Panchayat)-Pollachi(N)(Panchayat Samiti)-Coimbatore(Zila Panchayat),10.67552,77.02272,281,8.8,537.8,14.6,0.2,26.4,28.2,0.91,0.02,10,LOW,NORMAL
TN-CBE-644567-298,Coimbatore,Pollachi,644567,Vekkampalayam,FULL,222193,Vakkampalayam(Gram Panchayat)-Pollachi(S)(Panchayat Samiti)-Coimbatore(Zila Panchayat),10.65885,77.00566,274,3.8,536.0,31.1,8.3,38.8,31.9,0.55,0.0,12,LOW,NORMAL
TN-CBE-644529-299,Coimbatore,Pollachi,644529,Vellalapalayam,FULL,222168,Vellalapalayam(Gram Panchayat)-Pollachi(N)(Panchayat Samiti)-Coimbatore(Zila Panchayat),10.6275,77.03669,240,4.4,137.4,44.3,3.7,18.5,35.8,0.53,0.02,12,LOW,NORMAL
TN-CBE-933457-300,Coimbatore,Pollachi,933457,Zamin Uthukuli,FULL,252673,Zamin Uthukuli(Town Panchayat),10.68062,76.98655,233,8.0,135.6,14.3,2.6,35.1,49.6,0.49,-0.0,13,LOW,NORMAL
TN-CBE-644559-301,Coimbatore,Pollachi,644559,Z. Kottampatti,FULL,222195,Jameen Kottampatti(Gram Panchayat)-Pollachi(S)(Panchayat Samiti)-Coimbatore(Zila Panchayat),10.67256,77.02391,343,10.9,610.6,43.8,4.9,29.1,36.3,1.0,-0.02,16,LOW,NORMAL
TN-CBE-644542-302,Coimbatore,Pollachi,644542,Z. Muthur,FULL,222169,Z.Muthur(Gram Panchayat)-Pollachi(N)(Panchayat Samiti)-Coimbatore(Zila Panchayat),10.62155,76.98411,278,3.5,486.3,28.9,8.7,38.4,33.9,0.92,-0.01,14,LOW,NORMAL
TN-CBE-644378-303,Coimbatore,Sulur,644378,Appanaickenpatti,FULL,222219,Appanaickenpatti(Gram Panchayat)-Sultanpet(Panchayat Samiti)-Coimbatore(Zila Panchayat),11.027,77.1589,408,8.6,239.7,6.6,15.3,99.8,65.1,1.99,0.07,34,MODERATE,NORMAL
TN-CBE-644401-304,Coimbatore,Sulur,644401,Arasur (Ct),FULL,222239,Arasur(Gram Panchayat)-Sulur(Panchayat Samiti)-Coimbatore(Zila Panchayat),11.00428,77.13848,274,8.7,330.1,31.1,7.1,17.6,36.2,0.92,0.01,15,LOW,NORMAL
TN-CBE-644388-305,Coimbatore,Sulur,644388,Bogampatti,FULL,222220,Bogampatti(Gram Panchayat)-Sultanpet(Panchayat Samiti)-Coimbatore(Zila Panchayat),11.00337,77.10073,438,3.5,126.2,33.0,2.6,28.1,46.3,0.9,0.01,14,LOW,NORMAL
TN-CBE-644405-306,Coimbatore,Sulur,644405,Chinniam Palayam (Ct),FULL,222240,Chinniampalayam(Gram Panchayat)-Sulur(Panchayat Samiti)-Coimbatore(Zila Panchayat),11.01948,77.09757,373,3.5,607.8,11.4,9.7,47.8,34.9,0.84,0.01,12,LOW,NORMAL
TN-CBE-644383-307,Coimbatore,Sulur,644383,Edayapalayam,FULL,222221,Edayarpalayam(Gram Panchayat)-Sultanpet(Panchayat Samiti)-Coimbatore(Zila Panchayat),10.98821,77.09224,371,4.4,482.6,12.4,7.3,29.8,34.8,0.63,0.01,10,LOW,NORMAL
TN-CBE-932416-308,Coimbatore,Sulur,932416,Irugur,FULL,252629,Irugur(Town Panchayat),11.02073,77.10512,356,7.1,598.9,18.2,7.1,35.8,34.8,1.0,-0.02,13,LOW,NORMAL
TN-CBE-644394-309,Coimbatore,Sulur,644394,Jallipatti,FULL,222223,Jallipatti(Gram Panchayat)-Sultanpet(Panchayat Samiti)-Coimbatore(Zila Panchayat),11.02417,77.09153,283,5.7,539.3,15.6,8.0,28.7,36.4,1.05,0.02,13,LOW,NORMAL
TN-CBE-644399-310,Coimbatore,Sulur,644399,J.Krishnapuram,FULL,222222,J.Krishnapuram(Gram Panchayat)-Sultanpet(Panchayat Samiti)-Coimbatore(Zila Panchayat),11.00794,77.10922,293,3.5,149.2,30.2,8.0,24.1,48.0,0.77,-0.02,16,LOW,NORMAL
TN-CBE-644376-311,Coimbatore,Sulur,644376,Kadampadi,FULL,222243,Kadampadi(Gram Panchayat)-Sulur(Panchayat Samiti)-Coimbatore(Zila Panchayat),10.99796,77.15326,282,9.2,413.8,33.5,9.8,37.4,43.1,0.49,0.01,17,LOW,NORMAL
TN-CBE-644371-312,Coimbatore,Sulur,644371,Kaduvettipalayam,FULL,222244,Kaduvettipalayam(Gram Panchayat)-Sulur(Panchayat Samiti)-Coimbatore(Zila Panchayat),11.0264,77.08424,360,3.5,235.9,20.0,22.8,106.0,64.9,1.52,0.1,37,MODERATE,NORMAL
TN-CBE-644379-313,Coimbatore,Sulur,644379,Kalangal,FULL,222245,Kalangal(Gram Panchayat)-Sulur(Panchayat Samiti)-Coimbatore(Zila Panchayat),11.03189,77.1108,288,7.3,532.7,41.1,8.4,29.7,32.6,0.44,0.0,14,LOW,NORMAL
TN-CBE-644381-314,Coimbatore,Sulur,644381,Kallapalayam,FULL,222224,Kallapalayam(Gram Panchayat)-Sultanpet(Panchayat Samiti)-Coimbatore(Zila Panchayat),11.02075,77.10765,265,8.1,209.0,35.1,1.4,22.8,36.6,0.51,0.03,11,LOW,NORMAL
TN-CBE-644393-315,Coimbatore,Sulur,644393,Kammalapatti,FULL,222225,Kammalapatti(Gram Panchayat)-Sultanpet(Panchayat Samiti)-Coimbatore(Zila Panchayat),11.01149,77.09843,425,3.5,371.6,21.6,22.8,102.6,67.6,2.0,0.08,40,MODERATE,NORMAL
TN-CBE-644377-316,Coimbatore,Sulur,644377,Kangayampalayam,FULL,222246,Kangeyampalayam(Gram Panchayat)-Sulur(Panchayat Samiti)-Coimbatore(Zila Panchayat),11.00337,77.10073,438,3.5,126.2,33.0,2.6,28.1,46.3,0.9,0.01,14,LOW,NORMAL
TN-CBE-644400-317,Coimbatore,Sulur,644400,Kaniyur (Ct),FULL,222247,Kaniyur(Gram Panchayat)-Sulur(Panchayat Samiti)-Coimbatore(Zila Panchayat),10.99514,77.08657,365,3.5,145.3,34.7,2.3,28.7,49.8,0.41,0.0,14,LOW,NORMAL
TN-CBE-932417-318,Coimbatore,Sulur,932417,Kannampalayam,FULL,252634,Kannampalayam(Town Panchayat),11.00767,77.09367,269,3.5,406.4,14.6,6.5,19.3,29.5,0.46,-0.0,9,LOW,NORMAL
TN-CBE-932424-319,Coimbatore,Sulur,932424,Karumathampatty,FULL,252628,Karumathampatti(Municipality),11.03824,77.10178,437,7.2,64.2,19.3,28.8,103.5,63.0,1.5,0.09,39,MODERATE,NORMAL
TN-CBE-644372-320,Coimbatore,Sulur,644372,Kittampalayam,FULL,222241,Giddampalayam(Gram Panchayat)-Sulur(Panchayat Samiti)-Coimbatore(Zila Panchayat),11.03189,77.1108,288,7.3,532.7,41.1,8.4,29.7,32.6,0.44,0.0,14,LOW,NORMAL
TN-CBE-644402-321,Coimbatore,Sulur,644402,K.Madapur (Ct),FULL,222242,K.Madappur(Gram Panchayat)-Sulur(Panchayat Samiti)-Coimbatore(Zila Panchayat),11.00749,77.12406,280,6.4,263.7,44.8,3.3,10.9,31.8,0.81,0.03,14,LOW,NORMAL
TN-CBE-644391-322,Coimbatore,Sulur,644391,Kumarapalayam,FULL,222226,Kumarapalayam(Gram Panchayat)-Sultanpet(Panchayat Samiti)-Coimbatore(Zila Panchayat),11.01395,77.12725,279,3.5,144.1,29.1,17.0,98.8,63.8,1.2,0.07,32,MODERATE,NORMAL
TN-CBE-644397-323,Coimbatore,Sulur,644397,Malaipalayam,FULL,222227,Malaipalayam(Gram Panchayat)-Sultanpet(Panchayat Samiti)-Coimbatore(Zila Panchayat),10.9839,77.0807,273,7.4,506.4,28.2,19.5,83.9,70.4,1.83,0.06,40,MODERATE,NORMAL
TN-CBE-932426-324,Coimbatore,Sulur,932426,Moppiripalayam,FULL,252627,Mopperipalayam(Town Panchayat),11.01068,77.14946,417,3.5,535.5,24.4,1.6,20.9,35.4,0.96,0.03,11,LOW,NORMAL
TN-CBE-644403-325,Coimbatore,Sulur,644403,Muthugoundam Pudur (Ct),PART,306106,Muthalipalayam(Gram Panchayat)-Sulur(Panchayat Samiti)-Coimbatore(Zila Panchayat),11.01981,77.12374,311,3.5,442.8,33.2,29.5,108.9,73.3,1.92,0.09,47,ELEVATED,MONITORING
TN-CBE-644403-326,Coimbatore,Sulur,644403,Muthugoundam Pudur (Ct),PART,222248,Muthugoundenpudur(Gram Panchayat)-Sulur(Panchayat Samiti)-Coimbatore(Zila Panchayat),11.05725,77.08535,406,8.1,551.7,15.6,5.4,29.3,45.7,1.07,-0.01,15,LOW,NORMAL
TN-CBE-644374-327,Coimbatore,Sulur,644374,Mylampatti,FULL,222249,Mylampatti(Gram Panchayat)-Sulur(Panchayat Samiti)-Coimbatore(Zila Panchayat),10.98656,77.10863,341,8.2,88.1,21.4,29.7,116.9,56.0,1.57,0.05,37,MODERATE,NORMAL
TN-CBE-644404-328,Coimbatore,Sulur,644404,Neelambur (Ct),FULL,222250,Neelambur(Gram Panchayat)-Sulur(Panchayat Samiti)-Coimbatore(Zila Panchayat),11.02568,77.15044,382,6.1,316.6,8.0,11.5,35.0,41.6,0.94,-0.01,14,LOW,NORMAL
TN-CBE-932444-329,Coimbatore,Sulur,932444,Otterpalayam,FULL,252633,Pallapalayam(Town Panchayat),11.04544,77.14193,398,6.7,518.7,43.3,10.0,37.5,49.9,0.98,-0.01,22,MODERATE,NORMAL
TN-CBE-644389-330,Coimbatore,Sulur,644389,Pachapalayam,FULL,222228,Pachapalayam(Gram Panchayat)-Sultanpet(Panchayat Samiti)-Coimbatore(Zila Panchayat),11.02224,77.10049,317,8.9,586.8,14.2,5.0,38.3,49.8,0.54,0.01,15,LOW,NORMAL
TN-CBE-644370-331,Coimbatore,Sulur,644370,Paduvampalli,FULL,222251,Paduvampalli(Gram Panchayat)-Sulur(Panchayat Samiti)-Coimbatore(Zila Panchayat),10.98656,77.10863,341,8.2,88.1,21.4,29.7,116.9,56.0,1.57,0.05,37,MODERATE,NORMAL
TN-CBE-644382-332,Coimbatore,Sulur,644382,Pappampatti,FULL,222229,Pappampatti(Gram Panchayat)-Sultanpet(Panchayat Samiti)-Coimbatore(Zila Panchayat),11.0012,77.13606,260,4.3,208.0,16.8,7.0,36.6,51.3,1.01,-0.01,17,LOW,NORMAL
TN-CBE-644406-333,Coimbatore,Sulur,644406,Pattanam (Ct),FULL,222252,Pattanam(Gram Panchayat)-Sulur(Panchayat Samiti)-Coimbatore(Zila Panchayat),10.98052,77.10913,426,3.7,93.1,28.0,2.6,32.3,51.3,0.45,0.01,14,LOW,NORMAL
TN-CBE-644380-334,Coimbatore,Sulur,644380,Peedampalli,FULL,222253,Peedampalli(Gram Panchayat)-Sulur(Panchayat Samiti)-Coimbatore(Zila Panchayat),11.0012,77.13606,260,4.3,208.0,16.8,7.0,36.6,51.3,1.01,-0.01,17,LOW,NORMAL
TN-CBE-644390-335,Coimbatore,Sulur,644390,Poorandampalayam,FULL,222230,Poorandampalayam(Gram Panchayat)-Sultanpet(Panchayat Samiti)-Coimbatore(Zila Panchayat),10.99519,77.08746,312,6.9,320.0,28.0,10.3,22.1,34.3,0.44,0.03,14,LOW,NORMAL
TN-CBE-644375-336,Coimbatore,Sulur,644375,Rasipalayam,FULL,222254,Rasipalayam(Gram Panchayat)-Sulur(Panchayat Samiti)-Coimbatore(Zila Panchayat),11.01948,77.09757,373,3.5,607.8,11.4,9.7,47.8,34.9,0.84,0.01,12,LOW,NORMAL
TN-CBE-644384-337,Coimbatore,Sulur,644384,Sellakkarichal,FULL,222232,Selakkarichal(Gram Panchayat)-Sultanpet(Panchayat Samiti)-Coimbatore(Zila Panchayat),11.03785,77.12388,264,7.2,103.5,32.8,29.7,127.7,59.4,1.29,0.1,39,MODERATE,NORMAL
TN-CBE-644373-338,Coimbatore,Sulur,644373,Semmandampalayam,FULL,222255,Semmandampalayam(Gram Panchayat)-Sulur(Panchayat Samiti)-Coimbatore(Zila Panchayat),11.01948,77.09757,373,3.5,607.8,11.4,9.7,47.8,34.9,0.84,0.01,12,LOW,NORMAL
TN-CBE-644396-339,Coimbatore,Sulur,644396,Senjeri Ayyampalayam,FULL,222231,S.Ayyampalayam(Gram Panchayat)-Sultanpet(Panchayat Samiti)-Coimbatore(Zila Panchayat),10.98259,77.10333,328,6.2,406.9,31.4,10.3,45.5,39.4,0.63,0.02,15,LOW,NORMAL
TN-CBE-644395-340,Coimbatore,Sulur,644395,Senjeriputhur,FULL,222233,Senjeriputhur(Gram Panchayat)-Sultanpet(Panchayat Samiti)-Coimbatore(Zila Panchayat),10.98259,77.10333,328,6.2,406.9,31.4,10.3,45.5,39.4,0.63,0.02,15,LOW,NORMAL
TN-CBE-932429-341,Coimbatore,Sulur,932429,Sulur,FULL,252632,Sulur(Town Panchayat),11.01413,77.15025,357,3.5,454.2,13.4,17.2,95.9,57.1,1.29,0.05,27,MODERATE,NORMAL
TN-CBE-644398-342,Coimbatore,Sulur,644398,Thalakkarai,FULL,222234,Thalakkarai(Gram Panchayat)-Sultanpet(Panchayat Samiti)-Coimbatore(Zila Panchayat),11.02893,77.15806,289,5.4,197.8,7.1,9.2,19.5,36.6,0.93,0.01,12,LOW,NORMAL
TN-CBE-644385-343,Coimbatore,Sulur,644385,Vadambacheri,FULL,222235,Vadambacheri(Gram Panchayat)-Sultanpet(Panchayat Samiti)-Coimbatore(Zila Panchayat),11.01981,77.12374,311,3.5,442.8,33.2,29.5,108.9,73.3,1.92,0.09,47,ELEVATED,MONITORING
TN-CBE-644387-344,Coimbatore,Sulur,644387,Vadavalli,FULL,222236,Vadavalli(Gram Panchayat)-Sultanpet(Panchayat Samiti)-Coimbatore(Zila Panchayat),11.05436,77.13494,388,3.5,420.9,35.0,2.9,27.9,40.2,0.41,0.02,10,LOW,NORMAL
TN-CBE-644392-345,Coimbatore,Sulur,644392,Vadavedampatti,FULL,222237,Vadavedampatti(Gram Panchayat)-Sultanpet(Panchayat Samiti)-Coimbatore(Zila Panchayat),11.00118,77.08518,426,4.4,130.4,31.1,9.5,34.1,42.3,0.66,0.03,15,LOW,NORMAL
TN-CBE-644386-346,Coimbatore,Sulur,644386,Varapatti,FULL,222238,Varapatti(Gram Panchayat)-Sultanpet(Panchayat Samiti)-Coimbatore(Zila Panchayat),11.02568,77.15044,382,6.1,316.6,8.0,11.5,35.0,41.6,0.94,-0.01,14,LOW,NORMAL
TN-CBE-644876-347,Coimbatore,Valparai,644876,Anamalai R.F.,FULL,221945,Marappagoundenpudur(Gram Panchayat)-Anaimalai(Panchayat Samiti)-Coimbatore(Zila Panchayat),10.31685,76.96399,1306,40.0,505.2,11.7,50.2,196.4,89.1,3.14,0.2,81,VERY HIGH,ACTIVE
TN-THN-641157-1,Theni,Andipatti,641157,Andipatti Bit -1,PART,228996,Anuppapatti(Gram Panchayat)-Andipatti(Panchayat Samiti)-Theni(Zila Panchayat),9.96661,77.58515,341,18.0,438.8,12.0,3.0,18.2,35.5,0.85,0.02,14,LOW,NORMAL
TN-THN-641157-2,Theni,Andipatti,641157,Andipatti Bit -1,PART,228997,Bodithasanpatti(Gram Panchayat)-Andipatti(Panchayat Samiti)-Theni(Zila Panchayat),9.94224,77.59836,383,11.5,155.5,32.6,3.8,31.0,45.9,0.71,-0.02,16,LOW,NORMAL
TN-THN-641157-3,Theni,Andipatti,641157,Andipatti Bit -1,PART,228998,Ethakoil(Gram Panchayat)-Andipatti(Panchayat Samiti)-Theni(Zila Panchayat),9.97362,77.63096,376,12.8,430.6,7.9,1.7,29.2,35.0,0.54,-0.01,9,LOW,NORMAL
TN-THN-641157-4,Theni,Andipatti,641157,Andipatti Bit -1,PART,229000,Kanniappapillaipatti(Gram Panchayat)-Andipatti(Panchayat Samiti)-Theni(Zila Panchayat),9.9478,77.64606,255,12.7,267.3,37.5,19.8,85.0,63.6,1.4,0.05,38,MODERATE,NORMAL
TN-THN-641157-5,Theni,Andipatti,641157,Andipatti Bit -1,PART,229011,Pitchampatti(Gram Panchayat)-Andipatti(Panchayat Samiti)-Theni(Zila Panchayat),10.0161,77.59471,293,17.4,155.0,43.7,2.5,27.7,38.6,0.76,0.02,17,LOW,NORMAL
TN-THN-641168-6,Theni,Andipatti,641168,Andipatti Bit -2,PART,229023,Thimmarasanaickanur(Gram Panchayat)-Andipatti(Panchayat Samiti)-Theni(Zila Panchayat),10.0022,77.61658,291,13.9,563.9,36.5,28.0,100.9,66.1,1.44,0.06,44,ELEVATED,MONITORING
TN-THN-641169-7,Theni,Andipatti,641169,Andipatti Southern Block Rf,PART,228998,Ethakoil(Gram Panchayat)-Andipatti(Panchayat Samiti)-Theni(Zila Panchayat),9.99922,77.61461,438,18.2,537.8,5.8,10.8,33.3,35.6,1.06,0.0,17,LOW,NORMAL
TN-THN-641160-8,Theni,Andipatti,641160,Chittarpatti,FULL,229019,Sitharpatti(Gram Panchayat)-Andipatti(Panchayat Samiti)-Theni(Zila Panchayat),9.98428,77.65845,323,13.5,143.8,22.7,10.2,41.2,47.7,0.96,-0.01,21,MODERATE,NORMAL
TN-THN-641153-9,Theni,Andipatti,641153,G. Usilampatti,FULL,228999,G Usilampatti(Gram Panchayat)-Andipatti(Panchayat Samiti)-Theni(Zila Panchayat),10.0161,77.59471,293,17.4,155.0,43.7,2.5,27.7,38.6,0.76,0.02,17,LOW,NORMAL
TN-THN-641165-10,Theni,Andipatti,641165,Kadamalaikundu,PART,229055,Duraichamypuram(Gram Panchayat)-K Myladumparai(Panchayat Samiti)-Theni(Zila Panchayat),9.98029,77.63347,271,17.6,113.1,40.7,2.8,19.2,45.0,0.4,0.01,17,LOW,NORMAL
TN-THN-641165-11,Theni,Andipatti,641165,Kadamalaikundu,PART,229058,Kadamalaikundu(Gram Panchayat)-K Myladumparai(Panchayat Samiti)-Theni(Zila Panchayat),9.99922,77.61461,358,14.6,537.8,5.8,25.9,107.3,74.0,1.59,0.07,44,ELEVATED,MONITORING
TN-THN-641165-12,Theni,Andipatti,641165,Kadamalaikundu,PART,229060,Manthisunai-Moolakadai(Gram Panchayat)-K Myladumparai(Panchayat Samiti)-Theni(Zila Panchayat),9.99114,77.6011,266,16.4,64.6,47.9,9.4,37.7,29.8,0.41,0.02,19,LOW,NORMAL
TN-THN-641165-13,Theni,Andipatti,641165,Kadamalaikundu,PART,229063,Muthalamparai(Gram Panchayat)-K Myladumparai(Panchayat Samiti)-Theni(Zila Panchayat),9.98441,77.62721,375,12.8,334.2,18.2,7.5,30.6,28.8,0.66,0.02,14,LOW,NORMAL
TN-THN-641165-14,Theni,Andipatti,641165,Kadamalaikundu,PART,229066,Paaloothu(Gram Panchayat)-K Myladumparai(Panchayat Samiti)-Theni(Zila Panchayat),10.016,77.60135,392,10.9,304.9,21.9,19.0,82.0,66.3,1.86,0.09,40,MODERATE,NORMAL
TN-THN-932331-15,Theni,Andipatti,932331,Kanavaipatti,PART,229056,Ettapparajapuram(Gram Panchayat)-K Myladumparai(Panchayat Samiti)-Theni(Zila Panchayat),9.94934,77.611,264,13.5,592.5,14.5,3.1,32.0,32.0,0.58,-0.0,11,LOW,NORMAL
TN-THN-641156-16,Theni,Andipatti,641156,Kodaluthu,FULL,229002,Kothaloothu(Gram Panchayat)-Andipatti(Panchayat Samiti)-Theni(Zila Panchayat),9.99835,77.60533,293,11.7,283.1,29.7,8.5,25.4,45.8,0.88,-0.02,19,LOW,NORMAL
TN-THN-641155-17,Theni,Andipatti,641155,Kottapatti,PART,229001,Kathirnarasingapuram(Gram Panchayat)-Andipatti(Panchayat Samiti)-Theni(Zila Panchayat),9.99835,77.60533,293,11.7,283.1,29.7,8.5,25.4,45.8,0.88,-0.02,19,LOW,NORMAL
TN-THN-641155-18,Theni,Andipatti,641155,Kottapatti,PART,229003,Kothapatti(Gram Panchayat)-Andipatti(Panchayat Samiti)-Theni(Zila Panchayat),10.00725,77.65548,420,10.1,527.4,37.1,2.9,38.7,37.5,0.45,-0.02,12,LOW,NORMAL
TN-THN-641148-19,Theni,Andipatti,641148,Kovilpatti,PART,229004,Kovilpatti(Gram Panchayat)-Andipatti(Panchayat Samiti)-Theni(Zila Panchayat),9.99519,77.62087,288,12.2,510.3,18.8,24.0,84.5,65.5,1.78,0.07,41,ELEVATED,MONITORING
TN-THN-641148-20,Theni,Andipatti,641148,Kovilpatti,PART,229017,Rengasamudram(Gram Panchayat)-Andipatti(Panchayat Samiti)-Theni(Zila Panchayat),9.98428,77.65845,323,13.5,143.8,22.7,10.2,41.2,47.7,0.96,-0.01,21,MODERATE,NORMAL
TN-THN-641150-21,Theni,Andipatti,641150,Kunnur,PART,228995,Ammachiyapuram(Gram Panchayat)-Andipatti(Panchayat Samiti)-Theni(Zila Panchayat),9.99893,77.63072,336,17.0,436.3,29.4,6.5,46.0,46.2,0.45,-0.01,18,LOW,NORMAL
TN-THN-641150-22,Theni,Andipatti,641150,Kunnur,PART,229005,Kunnur(Gram Panchayat)-Andipatti(Panchayat Samiti)-Theni(Zila Panchayat),9.99835,77.60533,293,11.7,283.1,29.7,8.5,25.4,45.8,0.88,-0.02,19,LOW,NORMAL
TN-THN-641151-23,Theni,Andipatti,641151,Marikkundu,FULL,229006,Marikundu(Gram Panchayat)-Andipatti(Panchayat Samiti)-Theni(Zila Panchayat),10.0022,77.61658,291,13.9,563.9,36.5,28.0,100.9,66.1,1.44,0.06,44,ELEVATED,MONITORING
TN-THN-641167-24,Theni,Andipatti,641167,Megamalai,PART,229061,Megamalai(Gram Panchayat)-K Myladumparai(Panchayat Samiti)-Theni(Zila Panchayat),9.97306,77.5959,374,11.9,72.3,45.5,9.0,29.8,30.2,0.75,0.03,19,LOW,NORMAL
TN-THN-641167-25,Theni,Andipatti,641167,Megamalai,PART,229070,Thummakundu(Gram Panchayat)-K Myladumparai(Panchayat Samiti)-Theni(Zila Panchayat),9.94173,77.58772,352,15.1,355.1,15.9,2.5,30.1,45.8,1.02,-0.02,16,LOW,NORMAL
TN-THN-641154-26,Theni,Andipatti,641154,Mottanuthu,PART,229007,Mottanuthu(Gram Panchayat)-Andipatti(Panchayat Samiti)-Theni(Zila Panchayat),9.96883,77.58396,272,11.3,364.5,47.6,11.1,35.6,29.4,0.75,-0.0,19,LOW,NORMAL
TN-THN-641154-27,Theni,Andipatti,641154,Mottanuthu,PART,229008,Okkaraipatti(Gram Panchayat)-Andipatti(Panchayat Samiti)-Theni(Zila Panchayat),10.00515,77.65722,332,11.4,551.8,40.3,8.7,21.0,49.7,0.48,-0.0,20,LOW,NORMAL
TN-THN-641166-28,Theni,Andipatti,641166,Myaladumparai,PART,229059,Kumananthozhu(Gram Panchayat)-K Myladumparai(Panchayat Samiti)-Theni(Zila Panchayat),9.95183,77.63695,289,12.7,373.4,34.1,7.0,41.0,34.7,1.08,0.03,18,LOW,NORMAL
TN-THN-641166-29,Theni,Andipatti,641166,Myaladumparai,PART,229062,Murukkodai(Gram Panchayat)-K Myladumparai(Panchayat Samiti)-Theni(Zila Panchayat),9.99002,77.63793,405,12.5,378.0,45.3,4.9,40.0,40.8,1.0,-0.0,18,LOW,NORMAL
TN-THN-641166-30,Theni,Andipatti,641166,Myaladumparai,PART,229064,Myladumparai(Gram Panchayat)-K Myladumparai(Panchayat Samiti)-Theni(Zila Panchayat),9.97782,77.6074,296,11.6,548.3,21.8,2.2,27.7,31.5,1.1,-0.01,13,LOW,NORMAL
TN-THN-641166-31,Theni,Andipatti,641166,Myaladumparai,PART,229065,Nariyuthu(Gram Panchayat)-K Myladumparai(Panchayat Samiti)-Theni(Zila Panchayat),10.0047,77.58008,390,13.9,430.4,13.1,27.5,119.5,73.1,1.21,0.06,43,ELEVATED,MONITORING
TN-THN-641166-32,Theni,Andipatti,641166,Myaladumparai,PART,229067,Ponnanpadugai(Gram Panchayat)-K Myladumparai(Panchayat Samiti)-Theni(Zila Panchayat),9.98473,77.62784,292,15.9,68.5,43.7,11.9,43.8,33.6,1.03,-0.02,22,MODERATE,NORMAL
TN-THN-641166-33,Theni,Andipatti,641166,Myaladumparai,PART,229068,Singarajapuram(Gram Panchayat)-K Myladumparai(Panchayat Samiti)-Theni(Zila Panchayat),9.94665,77.60601,345,13.1,299.0,40.9,1.5,30.9,31.3,0.61,-0.01,13,LOW,NORMAL
TN-THN-641166-34,Theni,Andipatti,641166,Myaladumparai,PART,229069,Thangammalpuram(Gram Panchayat)-K Myladumparai(Panchayat Samiti)-Theni(Zila Panchayat),10.00041,77.64622,382,12.1,77.4,22.9,26.7,95.2,66.8,1.8,0.09,44,ELEVATED,MONITORING
TN-THN-641166-35,Theni,Andipatti,641166,Myaladumparai,PART,229071,Varusanadu(Gram Panchayat)-K Myladumparai(Panchayat Samiti)-Theni(Zila Panchayat),9.95615,77.61836,405,11.3,595.5,41.1,9.7,31.8,37.8,0.44,-0.0,16,LOW,NORMAL
TN-THN-641163-36,Theni,Andipatti,641163,Palakombai,FULL,229009,Palacombai(Gram Panchayat)-Andipatti(Panchayat Samiti)-Theni(Zila Panchayat),9.94665,77.60601,345,13.1,299.0,40.9,1.5,30.9,31.3,0.61,-0.01,13,LOW,NORMAL
TN-THN-641158-37,Theni,Andipatti,641158,Palayakottai,FULL,229010,Palayakottai(Gram Panchayat)-Andipatti(Panchayat Samiti)-Theni(Zila Panchayat),9.99002,77.63793,405,12.5,378.0,45.3,4.9,40.0,40.8,1.0,-0.0,18,LOW,NORMAL
TN-THN-641146-38,Theni,Andipatti,641146,Pulimancombai,FULL,229012,Pullimankombai(Gram Panchayat)-Andipatti(Panchayat Samiti)-Theni(Zila Panchayat),9.99132,77.61586,291,11.9,509.2,36.6,7.5,35.0,41.2,0.47,-0.02,15,LOW,NORMAL
TN-THN-641159-39,Theni,Andipatti,641159,Rajadhani,FULL,229013,Rajadhani(Gram Panchayat)-Andipatti(Panchayat Samiti)-Theni(Zila Panchayat),9.98473,77.62784,292,15.9,68.5,43.7,11.9,43.8,33.6,1.03,-0.02,22,MODERATE,NORMAL
TN-THN-641162-40,Theni,Andipatti,641162,Ramakrishnapuram,FULL,229016,Ramakrishnapuram(Gram Panchayat)-Andipatti(Panchayat Samiti)-Theni(Zila Panchayat),9.94882,77.58355,401,13.5,288.0,30.6,25.0,93.5,72.7,1.94,0.1,48,ELEVATED,MONITORING
TN-THN-641149-41,Theni,Andipatti,641149,Shanmugasundarapuram,PART,229018,Shunmugasundarapuram(Gram Panchayat)-Andipatti(Panchayat Samiti)-Theni(Zila Panchayat),9.94051,77.60738,334,16.9,496.7,31.9,4.1,21.5,28.7,0.96,0.03,17,LOW,NORMAL
TN-THN-641149-42,Theni,Andipatti,641149,Shanmugasundarapuram,PART,229024,Thirumalapuram(Gram Panchayat)-Andipatti(Panchayat Samiti)-Theni(Zila Panchayat),9.97306,77.5959,374,11.9,72.3,45.5,9.0,29.8,30.2,0.75,0.03,19,LOW,NORMAL
TN-THN-641152-43,Theni,Andipatti,641152,Tekkampatti,FULL,229021,Thekkampatti(Gram Panchayat)-Andipatti(Panchayat Samiti)-Theni(Zila Panchayat),9.99002,77.63793,405,12.5,378.0,45.3,4.9,40.0,40.8,1.0,-0.0,18,LOW,NORMAL
TN-THN-641161-44,Theni,Andipatti,641161,Theppampatti,PART,229015,Rajakkalpatti(Gram Panchayat)-Andipatti(Panchayat Samiti)-Theni(Zila Panchayat),10.0077,77.60687,334,11.4,472.8,21.0,8.3,29.8,37.1,0.61,0.02,14,LOW,NORMAL
TN-THN-641161-45,Theni,Andipatti,641161,Theppampatti,PART,229022,Theppampatti(Gram Panchayat)-Andipatti(Panchayat Samiti)-Theni(Zila Panchayat),9.97628,77.58882,356,12.6,151.3,16.8,2.7,28.3,44.0,0.56,0.0,12,LOW,NORMAL
TN-THN-641147-46,Theni,Andipatti,641147,Timmarasanayakkanur Bit-1,PART,229014,Rajagopalanpatti(Gram Panchayat)-Andipatti(Panchayat Samiti)-Theni(Zila Panchayat),9.96306,77.58808,353,17.3,528.7,22.6,24.9,102.6,70.1,1.84,0.08,46,ELEVATED,MONITORING
TN-THN-641147-47,Theni,Andipatti,641147,Timmarasanayakkanur Bit-1,PART,229023,Thimmarasanaickanur(Gram Panchayat)-Andipatti(Panchayat Samiti)-Theni(Zila Panchayat),9.95183,77.63695,289,12.7,373.4,34.1,7.0,41.0,34.7,1.08,0.03,18,LOW,NORMAL
TN-THN-641147-48,Theni,Andipatti,641147,Timmarasanayakkanur Bit-1,PART,229020,T Subbulapuram(Gram Panchayat)-Andipatti(Panchayat Samiti)-Theni(Zila Panchayat),9.99002,77.63793,405,12.5,378.0,45.3,4.9,40.0,40.8,1.0,-0.0,18,LOW,NORMAL
TN-THN-932323-49,Theni,Andipatti,932323,Timmarasanayakkanur Bit -2,FULL,229014,Rajagopalanpatti(Gram Panchayat)-Andipatti(Panchayat Samiti)-Theni(Zila Panchayat),10.01528,77.6143,425,13.9,356.9,22.6,23.9,86.4,70.2,1.46,0.08,43,ELEVATED,MONITORING
TN-THN-641164-50,Theni,Andipatti,641164,Vallalnathi,PART,229054,Athankaraipatti(Gram Panchayat)-K Myladumparai(Panchayat Samiti)-Theni(Zila Panchayat),10.00811,77.60535,366,15.0,323.1,20.2,27.9,91.6,74.1,1.61,0.08,47,ELEVATED,MONITORING
TN-THN-641164-51,Theni,Andipatti,641164,Vallalnathi,PART,229056,Ettapparajapuram(Gram Panchayat)-K Myladumparai(Panchayat Samiti)-Theni(Zila Panchayat),9.97891,77.61336,362,15.1,154.1,6.3,11.8,37.1,46.0,0.64,0.03,18,LOW,NORMAL
TN-THN-641164-52,Theni,Andipatti,641164,Vallalnathi,PART,229057,Gandamanur(Gram Panchayat)-K Myladumparai(Panchayat Samiti)-Theni(Zila Panchayat),9.97334,77.62749,356,13.8,167.6,20.9,1.2,21.6,46.5,0.41,-0.01,13,LOW,NORMAL
TN-THN-641074-53,Theni,Bodinayakanur,641074,Ahamalai,FULL,229025,Agamalai(Gram Panchayat)-Bodinaickanur(Panchayat Samiti)-Theni(Zila Panchayat),10.04602,77.37464,330,23.5,277.3,22.6,1.7,29.0,29.3,1.07,0.02,18,LOW,NORMAL
TN-THN-641079-54,Theni,Bodinayakanur,641079,Ammapatti (Bodi),PART,229026,Ammapatti(Gram Panchayat)-Bodinaickanur(Panchayat Samiti)-Theni(Zila Panchayat),10.04153,77.37388,478,20.7,505.9,22.2,8.3,39.4,40.3,1.08,-0.01,19,LOW,NORMAL
TN-THN-641079-55,Theni,Bodinayakanur,641079,Ammapatti (Bodi),PART,229038,Sillamarathupatti(Gram Panchayat)-Bodinaickanur(Panchayat Samiti)-Theni(Zila Panchayat),10.02204,77.32445,433,23.9,317.0,39.5,18.8,81.2,73.3,1.34,0.05,46,ELEVATED,MONITORING
TN-THN-641073-56,Theni,Bodinayakanur,641073,Bodi Hill North,FULL,229027,Anaikaraipatti(Gram Panchayat)-Bodinaickanur(Panchayat Samiti)-Theni(Zila Panchayat),10.01607,77.37645,421,26.8,177.6,12.3,26.0,106.7,71.0,1.88,0.1,50,ELEVATED,MONITORING
TN-THN-641077-57,Theni,Bodinayakanur,641077,Bodinayackanur,PART,229027,Anaikaraipatti(Gram Panchayat)-Bodinaickanur(Panchayat Samiti)-Theni(Zila Panchayat),10.02204,77.32445,433,23.9,317.0,39.5,18.8,81.2,73.3,1.34,0.05,46,ELEVATED,MONITORING
TN-THN-932362-58,Theni,Bodinayakanur,932362,Bodi West Hills,FULL,252898,Melachokkanathapuram(Town Panchayat),9.99329,77.32743,347,20.0,336.1,41.9,3.8,30.8,32.8,0.85,0.01,19,LOW,NORMAL
TN-THN-932366-59,Theni,Bodinayakanur,932366,Boothipuram,FULL,252895,Boothipuram(Town Panchayat),10.00935,77.33021,484,27.1,213.9,43.6,20.1,105.7,73.4,1.3,0.04,48,ELEVATED,MONITORING
TN-THN-641080-60,Theni,Bodinayakanur,641080,Dombucheri,FULL,229028,Dombuchery(Gram Panchayat)-Bodinaickanur(Panchayat Samiti)-Theni(Zila Panchayat),10.04025,77.37136,425,20.1,85.9,9.8,4.1,22.8,31.0,1.02,0.02,16,LOW,NORMAL
TN-THN-641075-61,Theni,Bodinayakanur,641075,Kodangipatti,PART,229030,Kodangipatti(Gram Panchayat)-Bodinaickanur(Panchayat Samiti)-Theni(Zila Panchayat),9.98451,77.35397,504,26.5,283.5,42.2,3.7,34.6,33.2,0.81,-0.01,20,LOW,NORMAL
TN-THN-641075-62,Theni,Bodinayakanur,641075,Kodangipatti,PART,229034,Manjinaickenpatti(Gram Panchayat)-Bodinaickanur(Panchayat Samiti)-Theni(Zila Panchayat),9.97077,77.34378,362,22.0,399.8,8.9,8.6,27.0,51.4,0.94,-0.0,23,MODERATE,NORMAL
TN-THN-641072-63,Theni,Bodinayakanur,641072,Kottagudi,FULL,229032,Kottakudi(Gram Panchayat)-Bodinaickanur(Panchayat Samiti)-Theni(Zila Panchayat),10.0078,77.36923,342,23.5,474.2,29.3,0.8,21.7,40.5,0.46,-0.01,15,LOW,NORMAL
TN-THN-641082-64,Theni,Bodinayakanur,641082,Kulaiyanur,FULL,229031,Koolayanur(Gram Panchayat)-Bodinaickanur(Panchayat Samiti)-Theni(Zila Panchayat),10.01362,77.37597,340,20.1,104.6,22.3,6.1,33.7,35.1,1.0,0.0,18,LOW,NORMAL
TN-THN-641076-65,Theni,Bodinayakanur,641076,Meenakshipuram (Bodi),PART,229027,Anaikaraipatti(Gram Panchayat)-Bodinaickanur(Panchayat Samiti)-Theni(Zila Panchayat),10.01518,77.38081,475,20.2,644.3,44.8,10.0,32.4,40.7,0.72,0.02,22,MODERATE,NORMAL
TN-THN-932347-66,Theni,Bodinayakanur,932347,Melachokkanathapuram,FULL,252897,Bodinayakanur(Municipality),10.02438,77.33405,430,20.6,111.5,38.7,24.0,107.0,64.6,1.48,0.08,45,ELEVATED,MONITORING
TN-THN-641083-67,Theni,Bodinayakanur,641083,Rasingapuram,PART,229033,Maniyampatti(Gram Panchayat)-Bodinaickanur(Panchayat Samiti)-Theni(Zila Panchayat),10.03974,77.38141,406,21.4,298.8,32.1,2.9,19.3,28.7,0.81,-0.0,17,LOW,NORMAL
TN-THN-641083-68,Theni,Bodinayakanur,641083,Rasingapuram,PART,229035,Nagalapuram(Gram Panchayat)-Bodinaickanur(Panchayat Samiti)-Theni(Zila Panchayat),10.00458,77.34254,485,26.9,435.5,12.9,2.7,25.1,39.9,1.1,-0.01,17,LOW,NORMAL
TN-THN-641083-69,Theni,Bodinayakanur,641083,Rasingapuram,PART,229036,Rasingapuram(Gram Panchayat)-Bodinaickanur(Panchayat Samiti)-Theni(Zila Panchayat),10.04788,77.32351,402,26.2,417.4,30.7,24.0,108.6,61.0,1.38,0.09,44,ELEVATED,MONITORING
TN-THN-641078-70,Theni,Bodinayakanur,641078,Silamalai,FULL,229037,Silamalai(Gram Panchayat)-Bodinaickanur(Panchayat Samiti)-Theni(Zila Panchayat),9.97635,77.322,400,22.3,574.9,44.0,19.4,108.5,66.3,1.52,0.04,44,ELEVATED,MONITORING
TN-THN-641081-71,Theni,Bodinayakanur,641081,Uppukottai,PART,229029,Kamarajapuram(Gram Panchayat)-Bodinaickanur(Panchayat Samiti)-Theni(Zila Panchayat),10.04788,77.32351,402,26.2,417.4,30.7,24.0,108.6,61.0,1.38,0.09,44,ELEVATED,MONITORING
TN-THN-641081-72,Theni,Bodinayakanur,641081,Uppukottai,PART,229039,Uppukottai(Gram Panchayat)-Bodinaickanur(Panchayat Samiti)-Theni(Zila Panchayat),9.97475,77.35628,443,21.6,506.8,30.4,8.5,31.8,45.9,1.04,0.02,24,MODERATE,NORMAL
TN-THN-932448-73,Theni,Periyakulam,932448,Devathanapatti Bit -1,FULL,252899,Devadanapatti(Town Panchayat),10.10542,77.52221,347,16.0,251.6,39.8,9.0,30.1,46.5,0.9,-0.02,22,MODERATE,NORMAL
TN-THN-932401-74,Theni,Periyakulam,932401,Devathanapatti Bit -2,FULL,252899,Devadanapatti(Town Panchayat),10.11399,77.54155,414,18.5,214.7,5.7,10.3,35.4,43.1,0.73,-0.01,17,LOW,NORMAL
TN-THN-641088-75,Theni,Periyakulam,641088,D.Vadipatty,FULL,229080,D.Vadipatti(Gram Panchayat)-Periyakulam(Panchayat Samiti)-Theni(Zila Panchayat),10.13238,77.56714,403,21.1,226.4,22.8,1.7,24.2,46.9,1.1,-0.01,19,LOW,NORMAL
TN-THN-641091-76,Theni,Periyakulam,641091,Endapuli,FULL,229081,Endapuli(Gram Panchayat)-Periyakulam(Panchayat Samiti)-Theni(Zila Panchayat),10.13519,77.55087,328,16.2,510.3,18.8,24.0,84.5,65.5,1.78,0.07,42,ELEVATED,MONITORING
TN-THN-641086-77,Theni,Periyakulam,641086,E.Pudukottai,FULL,229081,Endapuli(Gram Panchayat)-Periyakulam(Panchayat Samiti)-Theni(Zila Panchayat),10.13238,77.56714,403,21.1,226.4,22.8,1.7,24.2,46.9,1.1,-0.01,19,LOW,NORMAL
TN-THN-932460-78,Theni,Periyakulam,932460,Genguvarpatti Bit -2,FULL,252900,Ganguvarpatti(Town Panchayat),10.10814,77.52708,363,20.9,255.6,39.2,5.8,34.2,42.8,0.62,0.02,20,LOW,NORMAL
TN-THN-641087-79,Theni,Periyakulam,641087,Genguvarpatty Bit -1,FULL,229083,G.Kallupatti(Gram Panchayat)-Periyakulam(Panchayat Samiti)-Theni(Zila Panchayat),10.11899,77.52352,375,17.1,309.8,31.8,10.4,30.0,39.3,0.65,0.01,19,LOW,NORMAL
TN-THN-641095-80,Theni,Periyakulam,641095,Gullapuram,PART,229077,A Vadipatti(Gram Panchayat)-Periyakulam(Panchayat Samiti)-Theni(Zila Panchayat),10.12029,77.56347,311,21.6,113.1,40.7,2.8,19.2,45.0,0.4,0.01,19,LOW,NORMAL
TN-THN-641095-81,Theni,Periyakulam,641095,Gullapuram,PART,229084,Gullapuram(Gram Panchayat)-Periyakulam(Panchayat Samiti)-Theni(Zila Panchayat),10.13922,77.54461,398,18.6,537.8,5.8,25.9,107.3,74.0,1.59,0.07,45,ELEVATED,MONITORING
TN-THN-641094-82,Theni,Periyakulam,641094,Jeyamangalam Bit -1,PART,229079,Bomminaickanpatti(Gram Panchayat)-Periyakulam(Panchayat Samiti)-Theni(Zila Panchayat),10.13922,77.54461,398,18.6,537.8,5.8,25.9,107.3,74.0,1.59,0.07,45,ELEVATED,MONITORING
TN-THN-641094-83,Theni,Periyakulam,641094,Jeyamangalam Bit -1,PART,229082,Erumalainaickanpatti(Gram Panchayat)-Periyakulam(Panchayat Samiti)-Theni(Zila Panchayat),10.13114,77.5311,306,20.4,64.6,47.9,9.4,37.7,29.8,0.41,0.02,20,LOW,NORMAL
TN-THN-641094-84,Theni,Periyakulam,641094,Jeyamangalam Bit -1,PART,229086,Jeyamangalam(Gram Panchayat)-Periyakulam(Panchayat Samiti)-Theni(Zila Panchayat),10.12441,77.55721,415,16.8,334.2,18.2,7.5,30.6,28.8,0.66,0.02,16,LOW,NORMAL
TN-THN-932454-85,Theni,Periyakulam,932454,Jeyamangalam Bit -2,FULL,229082,Erumalainaickanpatti(Gram Panchayat)-Periyakulam(Panchayat Samiti)-Theni(Zila Panchayat),10.15583,77.5251,378,16.7,524.2,6.7,11.2,35.6,44.8,0.74,-0.0,18,LOW,NORMAL
TN-THN-641090-86,Theni,Periyakulam,641090,Kamatchipuram,FULL,229081,Endapuli(Gram Panchayat)-Periyakulam(Panchayat Samiti)-Theni(Zila Panchayat),10.13922,77.54461,398,18.6,537.8,5.8,25.9,107.3,74.0,1.59,0.07,45,ELEVATED,MONITORING
TN-THN-641085-87,Theni,Periyakulam,641085,Keelavadagarai,FULL,229087,Keelavadakarai(Gram Panchayat)-Periyakulam(Panchayat Samiti)-Theni(Zila Panchayat),10.13835,77.53533,333,15.7,283.1,29.7,8.5,25.4,45.8,0.88,-0.02,20,LOW,NORMAL
TN-THN-641093-88,Theni,Periyakulam,641093,Melmangalam Bit-1,PART,229078,Alagarnaickanpatti(Gram Panchayat)-Periyakulam(Panchayat Samiti)-Theni(Zila Panchayat),10.14515,77.58722,372,15.4,551.8,40.3,8.7,21.0,49.7,0.48,-0.0,22,MODERATE,NORMAL
TN-THN-641093-89,Theni,Periyakulam,641093,Melmangalam Bit-1,PART,229089,Melmangalam(Gram Panchayat)-Periyakulam(Panchayat Samiti)-Theni(Zila Panchayat),10.14416,77.55961,337,20.0,551.1,10.7,3.6,37.1,49.4,0.58,0.02,18,LOW,NORMAL
TN-THN-641093-90,Theni,Periyakulam,641093,Melmangalam Bit-1,PART,229090,Muthalakkampatti(Gram Panchayat)-Periyakulam(Panchayat Samiti)-Theni(Zila Panchayat),10.14875,77.52357,448,14.1,178.2,23.5,11.7,43.7,28.2,0.7,0.02,18,LOW,NORMAL
TN-THN-932464-91,Theni,Periyakulam,932464,Melmangalam Bit -2,FULL,229090,Muthalakkampatti(Gram Panchayat)-Periyakulam(Panchayat Samiti)-Theni(Zila Panchayat),10.13458,77.54498,440,17.9,638.6,5.9,10.2,22.1,34.3,1.07,0.02,18,LOW,NORMAL
TN-THN-641098-92,Theni,Periyakulam,641098,Mullaikaradu Block Rf,PART,229052,Seepalakottai(Gram Panchayat)-Chinnamanur(Panchayat Samiti)-Theni(Zila Panchayat),10.08051,77.53738,454,26.1,496.7,31.9,9.2,31.9,38.2,0.54,0.0,20,LOW,NORMAL
TN-THN-641097-93,Theni,Periyakulam,641097,Murugamalai Rf,PART,229081,Endapuli(Gram Panchayat)-Periyakulam(Panchayat Samiti)-Theni(Zila Panchayat),10.08051,77.53738,374,20.9,496.7,31.9,4.1,21.5,28.7,0.96,0.03,19,LOW,NORMAL
TN-THN-641099-94,Theni,Periyakulam,641099,Parambikaradu,PART,229100,Koduvilarpatti(Gram Panchayat)-Theni(Panchayat Samiti)-Theni(Zila Panchayat),10.10306,77.51808,393,21.3,528.7,22.6,6.7,22.5,48.6,0.75,0.02,22,MODERATE,NORMAL
TN-THN-641089-95,Theni,Periyakulam,641089,Silvarpatty,FULL,229092,Silvarpatti(Gram Panchayat)-Periyakulam(Panchayat Samiti)-Theni(Zila Panchayat),10.13132,77.54586,331,15.9,509.2,36.6,7.5,35.0,41.2,0.47,-0.02,16,LOW,NORMAL
TN-THN-641092-96,Theni,Periyakulam,641092,Thamarai Kulam Bit -1,PART,229085,Jallipatti(Gram Panchayat)-Periyakulam(Panchayat Samiti)-Theni(Zila Panchayat),10.15418,77.57408,302,15.7,580.0,43.2,19.2,95.8,71.4,1.53,0.08,45,ELEVATED,MONITORING
TN-THN-641092-97,Theni,Periyakulam,641092,Thamarai Kulam Bit -1,PART,229088,Lakshmipuram(Gram Panchayat)-Periyakulam(Panchayat Samiti)-Theni(Zila Panchayat),10.15231,77.5842,404,15.9,440.3,29.4,6.2,24.2,29.3,0.84,-0.01,16,LOW,NORMAL
TN-THN-641092-98,Theni,Periyakulam,641092,Thamarai Kulam Bit -1,PART,229091,Saruthupatti(Gram Panchayat)-Periyakulam(Panchayat Samiti)-Theni(Zila Panchayat),10.08051,77.53738,374,20.9,496.7,31.9,4.1,21.5,28.7,0.96,0.03,19,LOW,NORMAL
TN-THN-932453-99,Theni,Periyakulam,932453,Thamarai Kulam Bit -2,FULL,252901,Thamaraikulam(Town Panchayat),10.10606,77.56806,328,19.6,151.5,30.2,4.4,26.6,28.9,0.67,-0.01,16,LOW,NORMAL
TN-THN-932384-100,Theni,Periyakulam,932384,Thenkarai Bit -1,FULL,252902,Periyakulam(Municipality),10.10066,77.5367,301,16.3,314.0,32.2,15.7,98.9,63.2,1.95,0.04,39,MODERATE,NORMAL
TN-THN-932391-101,Theni,Periyakulam,932391,Thenkarai Bit -2,FULL,252903,Thenkarai(Town Panchayat),10.0843,77.51655,309,19.6,380.7,38.3,0.1,27.5,30.6,1.09,0.02,18,LOW,NORMAL
TN-THN-641084-102,Theni,Periyakulam,641084,Vadagarai Bit -1,FULL,229087,Keelavadakarai(Gram Panchayat)-Periyakulam(Panchayat Samiti)-Theni(Zila Panchayat),10.10338,77.5758,465,19.2,344.3,20.3,5.3,25.8,42.6,1.08,0.02,19,LOW,NORMAL
TN-THN-932456-103,Theni,Periyakulam,932456,Vadakarai Bit -2,FULL,252902,Periyakulam(Municipality),10.14571,77.51784,297,14.8,435.9,21.8,2.9,16.2,45.1,0.89,0.03,17,LOW,NORMAL
TN-THN-641096-104,Theni,Periyakulam,641096,Vadaveeranaickenpatty,FULL,229093,Vadapudupatti(Gram Panchayat)-Periyakulam(Panchayat Samiti)-Theni(Zila Panchayat),10.14041,77.57622,422,16.1,77.4,22.9,26.7,95.2,66.8,1.8,0.09,45,ELEVATED,MONITORING
TN-THN-932478-105,Theni,Theni,932478,Allinagaram,FULL,252905,Theni-Allinagaram(Municipality),9.9732,77.51792,311,11.7,90.7,40.5,9.8,28.2,29.5,0.89,0.01,19,LOW,NORMAL
TN-THN-641102-106,Theni,Theni,641102,Govindanagaram,PART,229094,Ambasamudram(Gram Panchayat)-Theni(Panchayat Samiti)-Theni(Zila Panchayat),9.997,77.5059,223,6.2,386.0,34.5,10.3,23.9,37.7,0.89,0.03,17,LOW,NORMAL
TN-THN-641102-107,Theni,Theni,641102,Govindanagaram,PART,229097,Govindanagaram(Gram Panchayat)-Theni(Panchayat Samiti)-Theni(Zila Panchayat),10.02466,77.46371,284,5.9,334.8,16.1,0.8,21.3,42.2,0.88,0.03,11,LOW,NORMAL
TN-THN-641102-108,Theni,Theni,641102,Govindanagaram,PART,229102,Kuppinaickenpatti(Gram Panchayat)-Theni(Panchayat Samiti)-Theni(Zila Panchayat),9.97378,77.48159,368,11.5,177.3,35.5,23.9,107.7,55.8,1.45,0.06,36,MODERATE,NORMAL
TN-THN-641109-109,Theni,Theni,641109,Jangalpatty,PART,229098,Jangalpatti(Gram Panchayat)-Theni(Panchayat Samiti)-Theni(Zila Panchayat),10.04904,77.47786,303,8.8,406.9,5.8,11.3,37.9,50.8,0.46,0.01,17,LOW,NORMAL
TN-THN-641109-110,Theni,Theni,641109,Jangalpatty,PART,229111,Venkatachalapuram(Gram Panchayat)-Theni(Panchayat Samiti)-Theni(Zila Panchayat),9.99484,77.49684,229,7.4,489.1,25.6,2.6,11.1,45.1,0.76,0.02,14,LOW,NORMAL
TN-THN-641101-111,Theni,Theni,641101,Koduvilarpatty,PART,229095,Aranmanaiputhur(Gram Panchayat)-Theni(Panchayat Samiti)-Theni(Zila Panchayat),10.00467,77.49927,250,6.1,320.2,29.3,11.9,45.7,48.0,0.81,0.01,20,LOW,NORMAL
TN-THN-641101-112,Theni,Theni,641101,Koduvilarpatty,PART,229100,Koduvilarpatti(Gram Panchayat)-Theni(Panchayat Samiti)-Theni(Zila Panchayat),10.00397,77.5147,288,8.3,101.9,5.2,4.7,31.1,46.3,0.83,-0.0,13,LOW,NORMAL
TN-THN-641101-113,Theni,Theni,641101,Koduvilarpatty,PART,229103,Nagalapuram(Gram Panchayat)-Theni(Panchayat Samiti)-Theni(Zila Panchayat),10.03811,77.46535,336,10.5,323.1,20.2,27.9,91.6,74.1,1.61,0.08,46,ELEVATED,MONITORING
TN-THN-641110-114,Theni,Theni,641110,Koduvilarpatty Rf,PART,229100,Koduvilarpatti(Gram Panchayat)-Theni(Panchayat Samiti)-Theni(Zila Panchayat),10.03419,77.49065,250,7.0,135.0,9.6,5.1,24.9,30.8,0.61,0.02,10,LOW,NORMAL
TN-THN-641106-115,Theni,Theni,641106,Kottur,FULL,229101,Kottur(Gram Panchayat)-Theni(Panchayat Samiti)-Theni(Zila Panchayat),9.97467,77.51052,278,6.7,259.4,16.4,4.3,37.5,46.1,0.56,0.01,12,LOW,NORMAL
TN-THN-641113-116,Theni,Theni,641113,Perumalkoilkarudu Exten.Rf,PART,229100,Koduvilarpatti(Gram Panchayat)-Theni(Panchayat Samiti)-Theni(Zila Panchayat),10.0421,77.48677,351,10.3,406.1,13.3,19.2,104.8,70.1,1.29,0.05,36,MODERATE,NORMAL
TN-THN-641112-117,Theni,Theni,641112,Perumalkoilkarudu Rf,PART,229095,Aranmanaiputhur(Gram Panchayat)-Theni(Panchayat Samiti)-Theni(Zila Panchayat),10.0421,77.48677,351,10.3,406.1,13.3,19.2,104.8,70.1,1.29,0.05,36,MODERATE,NORMAL
TN-THN-641108-118,Theni,Theni,641108,Poomalaikundu,PART,229096,Dharmapuri(Gram Panchayat)-Theni(Panchayat Samiti)-Theni(Zila Panchayat),9.99099,77.518,227,11.8,291.2,36.6,5.7,27.9,28.3,0.95,-0.02,16,LOW,NORMAL
TN-THN-641108-119,Theni,Theni,641108,Poomalaikundu,PART,229099,Kattunaickenpatti(Gram Panchayat)-Theni(Panchayat Samiti)-Theni(Zila Panchayat),10.03664,77.50452,349,6.2,271.3,46.7,19.5,110.0,62.4,1.84,0.11,40,MODERATE,NORMAL
TN-THN-641108-120,Theni,Theni,641108,Poomalaikundu,PART,229104,Poomalaikundu(Gram Panchayat)-Theni(Panchayat Samiti)-Theni(Zila Panchayat),9.98564,77.47435,356,8.9,147.0,17.3,0.8,9.2,36.1,1.04,0.02,11,LOW,NORMAL
TN-THN-641107-121,Theni,Theni,641107,Seelayampatty,FULL,229105,Seelayampatti(Gram Panchayat)-Theni(Panchayat Samiti)-Theni(Zila Panchayat),9.98564,77.47435,356,8.9,147.0,17.3,0.8,9.2,36.1,1.04,0.02,11,LOW,NORMAL
TN-THN-641103-122,Theni,Theni,641103,Thadicheri,PART,229106,Srirengapuram(Gram Panchayat)-Theni(Panchayat Samiti)-Theni(Zila Panchayat),10.01944,77.48727,347,13.5,219.9,46.7,10.3,40.8,35.8,1.0,0.02,21,MODERATE,NORMAL
TN-THN-641103-123,Theni,Theni,641103,Thadicheri,PART,229107,Thadicheri(Gram Panchayat)-Theni(Panchayat Samiti)-Theni(Zila Panchayat),9.99099,77.518,227,11.8,291.2,36.6,5.7,27.9,28.3,0.95,-0.02,16,LOW,NORMAL
TN-THN-641104-124,Theni,Theni,641104,Thappukundu,FULL,229108,Thappukundu(Gram Panchayat)-Theni(Panchayat Samiti)-Theni(Zila Panchayat),9.98564,77.47435,356,8.9,147.0,17.3,0.8,9.2,36.1,1.04,0.02,11,LOW,NORMAL
TN-THN-641100-125,Theni,Theni,641100,Unjampatty,FULL,229109,Unjampatti(Gram Panchayat)-Theni(Panchayat Samiti)-Theni(Zila Panchayat),10.01944,77.48727,347,13.5,219.9,46.7,10.3,40.8,35.8,1.0,0.02,21,MODERATE,NORMAL
TN-THN-641105-126,Theni,Theni,641105,Upparpatty,FULL,229110,Upparpatti(Gram Panchayat)-Theni(Panchayat Samiti)-Theni(Zila Panchayat),10.04064,77.49746,389,9.0,127.6,6.0,28.2,95.7,60.6,1.7,0.06,37,MODERATE,NORMAL
TN-THN-641111-127,Theni,Theni,641111,Valkaradu Rf,PART,229109,Unjampatti(Gram Panchayat)-Theni(Panchayat Samiti)-Theni(Zila Panchayat),9.99283,77.45518,244,8.9,461.2,29.1,8.7,45.0,40.5,0.89,0.03,16,LOW,NORMAL
TN-THN-932480-128,Theni,Theni,932480,Veerapandi,FULL,252626,Veerapandi(Town Panchayat),10.01212,77.51052,327,8.1,131.2,39.4,20.4,98.9,55.1,1.72,0.08,35,MODERATE,NORMAL
TN-THN-641125-129,Theni,Uthamapalayam,641125,Alagapuri,FULL,229040,Alagapuri(Gram Panchayat)-Chinnamanur(Panchayat Samiti)-Theni(Zila Panchayat),9.80432,77.29319,385,22.9,68.7,7.8,11.5,29.7,42.8,0.99,0.01,21,MODERATE,NORMAL
TN-THN-932594-130,Theni,Uthamapalayam,932594,Chinnamanur,FULL,252913,Chinnamanur(Municipality),9.81073,77.31512,366,22.6,598.9,18.2,19.8,102.4,67.8,1.43,0.1,42,ELEVATED,MONITORING
TN-THN-641130-131,Theni,Uthamapalayam,641130,Chinnaovalapuram,FULL,229042,Chinnaovulapuram(Gram Panchayat)-Chinnamanur(Panchayat Samiti)-Theni(Zila Panchayat),9.83289,77.31978,432,24.4,287.7,13.9,8.1,28.4,45.0,0.68,-0.01,20,LOW,NORMAL
TN-THN-932575-132,Theni,Uthamapalayam,932575,Cumbum,FULL,252918,Cumbum(Municipality),9.77523,77.34329,359,19.1,189.9,14.1,1.5,19.2,36.1,0.59,-0.0,12,LOW,NORMAL
TN-THN-641131-133,Theni,Uthamapalayam,641131,Erasakkanayackanur,FULL,229044,Erasakkanaickanur(Gram Panchayat)-Chinnamanur(Panchayat Samiti)-Theni(Zila Panchayat),9.82374,77.2903,299,19.5,283.8,24.4,29.3,103.8,68.2,1.77,0.09,48,ELEVATED,MONITORING
TN-THN-641133-134,Theni,Uthamapalayam,641133,Erasakkanayackanur Hills,FULL,229046,Kanniservaipatti(Gram Panchayat)-Chinnamanur(Panchayat Samiti)-Theni(Zila Panchayat),9.80829,77.30473,396,23.5,331.5,12.6,0.6,13.1,28.5,1.06,0.01,15,LOW,NORMAL
TN-THN-641128-135,Theni,Uthamapalayam,641128,Gokilapuram,FULL,229113,Gokilapuram(Gram Panchayat)-Uthamapalayam(Panchayat Samiti)-Theni(Zila Panchayat),9.80466,77.34793,393,20.9,582.9,46.7,6.2,25.4,38.2,1.07,0.02,22,MODERATE,NORMAL
TN-THN-932551-136,Theni,Uthamapalayam,932551,Hanumanthanpatti,FULL,252916,Hanumanthampatti(Town Panchayat),9.7853,77.30478,444,20.3,517.6,24.7,2.8,27.9,48.4,0.83,0.02,20,LOW,NORMAL
TN-THN-932565-137,Theni,Uthamapalayam,932565,Kamayakoundanpatti,FULL,252919,Kamayagoundanpatti(Town Panchayat),9.79259,77.35297,405,24.7,431.3,22.4,7.0,29.1,32.3,0.67,0.02,19,LOW,NORMAL
TN-THN-641132-138,Theni,Uthamapalayam,641132,Kanniservaipatti,FULL,229046,Kanniservaipatti(Gram Panchayat)-Chinnamanur(Panchayat Samiti)-Theni(Zila Panchayat),9.8388,77.31014,405,18.6,570.4,31.4,8.3,25.0,38.5,0.45,0.02,17,LOW,NORMAL
TN-THN-932596-139,Theni,Uthamapalayam,932596,Karunkattankulam,FULL,252918,Cumbum(Municipality),9.79767,77.30367,279,17.9,406.4,14.6,6.5,19.3,29.5,0.46,-0.0,13,LOW,NORMAL
TN-THN-641134-140,Theni,Uthamapalayam,641134,Keelagudalur East,PART,229072,Angoorpalayam(Gram Panchayat)-Cumbum(Panchayat Samiti)-Theni(Zila Panchayat),9.78437,77.35252,358,23.2,595.4,34.6,20.8,91.3,62.8,1.96,0.06,44,ELEVATED,MONITORING
TN-THN-641134-141,Theni,Uthamapalayam,641134,Keelagudalur East,PART,229073,Karunakkamuthanpatti(Gram Panchayat)-Cumbum(Panchayat Samiti)-Theni(Zila Panchayat),9.826,77.31851,342,18.3,353.1,6.6,10.6,41.0,40.2,0.44,-0.02,14,LOW,NORMAL
TN-THN-641134-142,Theni,Uthamapalayam,641134,Keelagudalur East,PART,229074,Kullappagoundanpatti(Gram Panchayat)-Cumbum(Panchayat Samiti)-Theni(Zila Panchayat),9.78507,77.30691,435,23.6,179.8,35.6,28.9,111.0,71.8,1.29,0.06,50,ELEVATED,MONITORING
TN-THN-932569-143,Theni,Uthamapalayam,932569,Kelagudalur West,PART,252596,Gudalur(Municipality),9.83756,77.36419,375,20.0,204.4,8.0,7.7,38.9,35.0,0.43,-0.02,13,LOW,NORMAL
TN-THN-932569-144,Theni,Uthamapalayam,932569,Kelagudalur West,PART,229073,Karunakkamuthanpatti(Gram Panchayat)-Cumbum(Panchayat Samiti)-Theni(Zila Panchayat),9.82649,77.36806,330,24.3,500.0,43.4,2.1,15.4,50.7,0.53,0.02,23,MODERATE,NORMAL
TN-THN-641137-145,Theni,Uthamapalayam,641137,Kombai East,PART,229115,Melasindalaicherri(Gram Panchayat)-Uthamapalayam(Panchayat Samiti)-Theni(Zila Panchayat),9.78592,77.31418,310,21.9,501.8,23.4,26.8,111.8,65.0,1.64,0.06,45,ELEVATED,MONITORING
TN-THN-932549-146,Theni,Uthamapalayam,932549,Kombai West,FULL,252912,Kombai(Town Panchayat),9.81625,77.34346,283,17.2,87.6,7.8,15.7,95.2,55.5,1.35,0.09,31,MODERATE,NORMAL
TN-THN-641138-147,Theni,Uthamapalayam,641138,Koothanatchiyar Rf,PART,229075,Narayanathevanpatti(Gram Panchayat)-Cumbum(Panchayat Samiti)-Theni(Zila Panchayat),9.81432,77.31501,383,18.0,344.5,10.8,10.6,27.2,44.3,0.62,0.01,18,LOW,NORMAL
TN-THN-932554-148,Theni,Uthamapalayam,932554,K Pudupatti,N/A,N/A,N/A,9.79259,77.35297,405,24.7,431.3,22.4,7.0,29.1,32.3,0.67,0.02,19,LOW,NORMAL
TN-THN-932580-149,Theni,Uthamapalayam,932580,Kuchanoor,FULL,252909,Kuchanur(Town Panchayat),9.79831,77.36057,291,17.9,274.0,12.2,1.8,39.1,30.8,0.41,-0.01,10,LOW,NORMAL
TN-THN-641127-150,Theni,Uthamapalayam,641127,Mallingapuram,FULL,229112,Anaimalaiyanpatti(Gram Panchayat)-Uthamapalayam(Panchayat Samiti)-Theni(Zila Panchayat),9.79923,77.33893,436,22.2,227.3,10.9,11.6,30.7,39.0,1.09,0.01,20,LOW,NORMAL
TN-THN-641120-151,Theni,Uthamapalayam,641120,Markeyankottai,FULL,229041,Ayyampatti(Gram Panchayat)-Chinnamanur(Panchayat Samiti)-Theni(Zila Panchayat),9.77222,77.36126,385,23.9,481.7,33.6,24.7,99.1,73.5,1.94,0.06,51,ELEVATED,MONITORING
TN-THN-641144-152,Theni,Uthamapalayam,641144,Melagudalur North,PART,229074,Kullappagoundanpatti(Gram Panchayat)-Cumbum(Panchayat Samiti)-Theni(Zila Panchayat),9.79662,77.31772,367,18.5,250.2,21.1,27.0,111.7,68.1,1.64,0.1,46,ELEVATED,MONITORING
TN-THN-932572-153,Theni,Uthamapalayam,932572,Melagudalur South,N/A,N/A,N/A,9.82702,77.35528,323,21.2,489.6,10.5,5.9,30.0,45.4,0.42,0.02,17,LOW,NORMAL
TN-THN-641126-154,Theni,Uthamapalayam,641126,Muthulapuram,FULL,229047,Muthulapuram(Gram Panchayat)-Chinnamanur(Panchayat Samiti)-Theni(Zila Panchayat),9.82405,77.31094,326,18.0,65.1,21.1,5.8,21.2,38.4,0.66,-0.0,15,LOW,NORMAL
TN-THN-933490-155,Theni,Uthamapalayam,933490,Narayanathevanpatti Hills,N/A,N/A,N/A,9.7884,77.34059,417,24.6,110.6,43.2,9.9,31.0,39.5,0.83,0.01,23,MODERATE,NORMAL
TN-THN-641135-156,Theni,Uthamapalayam,641135,Narayanathevanpatti North,PART,229075,Narayanathevanpatti(Gram Panchayat)-Cumbum(Panchayat Samiti)-Theni(Zila Panchayat),9.81943,77.35747,398,23.5,529.8,13.9,25.2,106.3,65.1,1.77,0.08,45,ELEVATED,MONITORING
TN-THN-641135-157,Theni,Uthamapalayam,641135,Narayanathevanpatti North,PART,229076,Surulipatti(Gram Panchayat)-Cumbum(Panchayat Samiti)-Theni(Zila Panchayat),9.83408,77.30553,356,18.9,249.6,37.3,3.5,17.0,45.4,0.6,0.02,19,LOW,NORMAL
TN-THN-932560-158,Theni,Uthamapalayam,932560,Narayanathevanpatti South,FULL,229076,Surulipatti(Gram Panchayat)-Cumbum(Panchayat Samiti)-Theni(Zila Panchayat),9.7714,77.31896,368,18.0,197.6,16.6,11.2,28.1,47.2,0.41,-0.01,19,LOW,NORMAL
TN-THN-932583-159,Theni,Uthamapalayam,932583,Odaipatti,FULL,252914,Odaipatti(Town Panchayat),9.82049,77.31191,346,21.7,248.6,9.3,11.3,31.5,28.2,0.98,-0.01,19,LOW,NORMAL
TN-THN-641142-160,Theni,Uthamapalayam,641142,Pandarathurai Rf,PART,229076,Surulipatti(Gram Panchayat)-Cumbum(Panchayat Samiti)-Theni(Zila Panchayat),9.81877,77.32841,439,17.2,213.8,29.8,29.9,117.0,66.2,1.72,0.09,47,ELEVATED,MONITORING
TN-THN-641123-161,Theni,Uthamapalayam,641123,Pannaipuram,PART,229115,Melasindalaicherri(Gram Panchayat)-Uthamapalayam(Panchayat Samiti)-Theni(Zila Panchayat),9.7892,77.36273,408,17.8,71.7,46.2,24.0,95.9,71.0,1.21,0.08,46,ELEVATED,MONITORING
TN-THN-641123-162,Theni,Uthamapalayam,641123,Pannaipuram,PART,229117,Pallavarayanpatti(Gram Panchayat)-Uthamapalayam(Panchayat Samiti)-Theni(Zila Panchayat),9.81432,77.31501,383,18.0,344.5,10.8,10.6,27.2,44.3,0.62,0.01,18,LOW,NORMAL
TN-THN-641143-163,Theni,Uthamapalayam,641143,Perumalkoil Karadu Rf,PART,229095,Aranmanaiputhur(Gram Panchayat)-Theni(Panchayat Samiti)-Theni(Zila Panchayat),9.8084,77.30284,312,25.0,319.9,8.3,2.1,31.7,41.8,0.94,0.01,16,LOW,NORMAL
TN-THN-641140-164,Theni,Uthamapalayam,641140,Poovuthukaradu R.F.,PART,229076,Surulipatti(Gram Panchayat)-Cumbum(Panchayat Samiti)-Theni(Zila Panchayat),9.80207,77.31669,415,23.1,443.7,26.7,16.5,80.8,63.2,1.31,0.1,39,MODERATE,NORMAL
TN-THN-641114-165,Theni,Uthamapalayam,641114,Pottipuram,PART,229043,Eranampatti(Gram Panchayat)-Chinnamanur(Panchayat Samiti)-Theni(Zila Panchayat),9.78857,77.30263,435,21.4,617.7,25.1,0.2,28.6,31.1,0.49,0.02,14,LOW,NORMAL
TN-THN-641114-166,Theni,Uthamapalayam,641114,Pottipuram,PART,229049,Pottipuram(Gram Panchayat)-Chinnamanur(Panchayat Samiti)-Theni(Zila Panchayat),9.82405,77.31094,326,18.0,65.1,21.1,5.8,21.2,38.4,0.66,-0.0,15,LOW,NORMAL
TN-THN-641119-167,Theni,Uthamapalayam,641119,Pulanandapuram,FULL,229048,Poolananthapuram(Gram Panchayat)-Chinnamanur(Panchayat Samiti)-Theni(Zila Panchayat),9.77579,77.30934,325,20.2,504.7,34.4,9.8,42.1,38.6,0.89,0.03,21,MODERATE,NORMAL
TN-THN-641121-168,Theni,Uthamapalayam,641121,Pulikkuthi,FULL,229050,Pulikuthi(Gram Panchayat)-Chinnamanur(Panchayat Samiti)-Theni(Zila Panchayat),9.78137,77.31773,332,24.2,165.5,30.1,29.0,108.7,58.4,1.72,0.08,45,ELEVATED,MONITORING
TN-THN-641129-169,Theni,Uthamapalayam,641129,Royappanpatti,PART,229116,Nagayagoundanpatti(Gram Panchayat)-Uthamapalayam(Panchayat Samiti)-Theni(Zila Panchayat),9.79653,77.31292,437,22.5,219.0,38.7,1.1,31.9,32.9,0.5,0.01,16,LOW,NORMAL
TN-THN-641129-170,Theni,Uthamapalayam,641129,Royappanpatti,PART,229119,Royappanpatti(Gram Panchayat)-Uthamapalayam(Panchayat Samiti)-Theni(Zila Panchayat),9.81797,77.30932,447,18.0,279.9,14.8,1.0,26.2,38.9,0.66,0.02,12,LOW,NORMAL
TN-THN-641116-171,Theni,Uthamapalayam,641116,Sankarapuram,FULL,229051,Sankarapuram(Gram Panchayat)-Chinnamanur(Panchayat Samiti)-Theni(Zila Panchayat),9.77577,77.30415,344,23.3,92.7,14.5,6.5,30.5,47.2,0.64,-0.02,19,LOW,NORMAL
TN-THN-641118-172,Theni,Uthamapalayam,641118,Seepalakottai,PART,229045,Kamatchipuram(Gram Panchayat)-Chinnamanur(Panchayat Samiti)-Theni(Zila Panchayat),9.82192,77.33958,293,17.1,551.9,9.5,10.0,38.0,34.8,0.79,0.02,16,LOW,NORMAL
TN-THN-641118-173,Theni,Uthamapalayam,641118,Seepalakottai,PART,229052,Seepalakottai(Gram Panchayat)-Chinnamanur(Panchayat Samiti)-Theni(Zila Panchayat),9.81943,77.35747,398,23.5,529.8,13.9,25.2,106.3,65.1,1.77,0.08,45,ELEVATED,MONITORING
TN-THN-641139-174,Theni,Uthamapalayam,641139,Suranganur Rf,PART,229074,Kullappagoundanpatti(Gram Panchayat)-Cumbum(Panchayat Samiti)-Theni(Zila Panchayat),9.81619,77.35591,336,18.8,622.5,7.1,1.2,24.2,41.4,1.04,-0.01,13,LOW,NORMAL
TN-THN-641141-175,Theni,Uthamapalayam,641141,Suruli Rf .,PART,229076,Surulipatti(Gram Panchayat)-Cumbum(Panchayat Samiti)-Theni(Zila Panchayat),9.81562,77.29514,354,20.1,515.2,32.8,11.8,48.1,33.8,0.52,0.03,20,LOW,NORMAL
TN-THN-641115-176,Theni,Uthamapalayam,641115,Thevaram,PART,229114,Lakshminaickenpatti(Gram Panchayat)-Uthamapalayam(Panchayat Samiti)-Theni(Zila Panchayat),9.81943,77.35747,398,23.5,529.8,13.9,25.2,106.3,65.1,1.77,0.08,45,ELEVATED,MONITORING
TN-THN-641115-177,Theni,Uthamapalayam,641115,Thevaram,PART,229123,Thamminaickanpatty(Gram Panchayat)-Uthamapalayam(Panchayat Samiti)-Theni(Zila Panchayat),9.83408,77.30553,356,18.9,249.6,37.3,3.5,17.0,45.4,0.6,0.02,19,LOW,NORMAL
TN-THN-641115-178,Theni,Uthamapalayam,641115,Thevaram,PART,229121,T Renganathapuram(Gram Panchayat)-Uthamapalayam(Panchayat Samiti)-Theni(Zila Panchayat),9.81423,77.34988,281,22.1,335.9,28.3,10.3,45.7,45.4,0.5,0.01,22,MODERATE,NORMAL
TN-THN-641136-179,Theni,Uthamapalayam,641136,Thevaram Hills,PART,229121,T Renganathapuram(Gram Panchayat)-Uthamapalayam(Panchayat Samiti)-Theni(Zila Panchayat),9.79217,77.35492,353,17.8,195.6,45.9,6.4,37.9,39.2,0.57,-0.02,18,LOW,NORMAL
TN-THN-641122-180,Theni,Uthamapalayam,641122,T. Meenakshipuram,PART,229120,T.Meenakshipuram(Gram Panchayat)-Uthamapalayam(Panchayat Samiti)-Theni(Zila Panchayat),9.81877,77.32841,439,17.2,213.8,29.8,29.9,117.0,66.2,1.72,0.09,47,ELEVATED,MONITORING
TN-THN-641122-181,Theni,Uthamapalayam,641122,T. Meenakshipuram,PART,229122,T.Sindalachery(Gram Panchayat)-Uthamapalayam(Panchayat Samiti)-Theni(Zila Panchayat),9.77886,77.29786,311,20.1,164.6,30.6,0.4,28.8,40.4,1.1,-0.01,16,LOW,NORMAL
TN-THN-641124-182,Theni,Uthamapalayam,641124,Uthamapalayam North,PART,229118,Ramasamynaickanpatty(Gram Panchayat)-Uthamapalayam(Panchayat Samiti)-Theni(Zila Panchayat),9.8084,77.30284,312,25.0,319.9,8.3,2.1,31.7,41.8,0.94,0.01,16,LOW,NORMAL
TN-THN-641124-183,Theni,Uthamapalayam,641124,Uthamapalayam North,PART,229124,U.Ammapatti(Gram Panchayat)-Uthamapalayam(Panchayat Samiti)-Theni(Zila Panchayat),9.82828,77.33543,308,24.4,340.1,35.4,23.8,98.5,63.0,1.48,0.05,44,ELEVATED,MONITORING
TN-THN-932545-184,Theni,Uthamapalayam,932545,Uthamapalayam South,FULL,252915,Uthamapalayam(Town Panchayat),9.79831,77.36057,291,17.9,274.0,12.2,1.8,39.1,30.8,0.41,-0.01,10,LOW,NORMAL
TN-THN-932577-185,Theni,Uthamapalayam,932577,Uthamapuram,FULL,252917,Pudupatti(Town Panchayat),9.79082,77.30759,286,24.9,445.8,39.1,8.7,29.7,39.3,1.07,-0.01,23,MODERATE,NORMAL
TN-THN-641145-186,Theni,Uthamapalayam,641145,Vannathiparai Rf,PART,229074,Kullappagoundanpatti(Gram Panchayat)-Cumbum(Panchayat Samiti)-Theni(Zila Panchayat),9.78028,77.31904,295,18.9,418.7,21.7,9.3,28.5,36.7,1.09,-0.01,19,LOW,NORMAL
TN-THN-641117-187,Theni,Uthamapalayam,641117,Veppampatti,FULL,229053,Veppampatti(Gram Panchayat)-Chinnamanur(Panchayat Samiti)-Theni(Zila Panchayat),9.80207,77.31669,335,18.5,443.7,26.7,16.5,80.8,63.2,1.31,0.1,38,MODERATE,NORMAL
TN-SLM-634270-1,Salem,Attur,634270,Akkichettipalayam,FULL,227541,Akkichettipalayam(Gram Panchayat)-Attur(Panchayat Samiti)-Salem(Zila Panchayat),11.59442,78.61095,214,13.1,462.4,43.7,4.1,26.2,32.4,1.04,-0.01,17,LOW,NORMAL
TN-SLM-634257-2,Salem,Attur,634257,Alagapuram,FULL,227550,Kothampadi(Gram Panchayat)-Attur(Panchayat Samiti)-Salem(Zila Panchayat),11.58183,78.56341,329,8.8,386.1,18.7,15.0,82.3,66.2,1.35,0.07,33,MODERATE,NORMAL
TN-SLM-634267-3,Salem,Attur,634267,Ammampalayam,FULL,227542,Ammampalayam(Gram Panchayat)-Attur(Panchayat Samiti)-Salem(Zila Panchayat),11.61808,78.59734,262,7.2,369.2,18.5,2.4,29.4,44.0,0.83,0.01,12,LOW,NORMAL
TN-SLM-634258-4,Salem,Attur,634258,Appamasamudram,FULL,227543,Appamasamudram(Gram Panchayat)-Attur(Panchayat Samiti)-Salem(Zila Panchayat),11.57025,78.56773,292,12.2,515.7,20.3,7.8,23.9,42.7,0.43,0.02,15,LOW,NORMAL
TN-SLM-634311-5,Salem,Attur,634311,Arasanatham,FULL,227544,Arasanatham(Gram Panchayat)-Attur(Panchayat Samiti)-Salem(Zila Panchayat),11.56344,78.60663,283,10.3,640.4,9.5,10.4,45.3,33.3,0.77,0.0,14,LOW,NORMAL
TN-SLM-634317-6,Salem,Attur,634317,Aruna Rf,FULL,227752,C.K.Hills Therkku Nadu(Gram Panchayat)-P.N.Palayam(Panchayat Samiti)-Salem(Zila Panchayat),11.6026,78.62786,200,12.8,400.3,10.4,10.7,27.0,43.4,0.54,-0.01,15,LOW,NORMAL
TN-SLM-634256-7,Salem,Attur,634256,Attavanai Kothambadi,FULL,227550,Kothampadi(Gram Panchayat)-Attur(Panchayat Samiti)-Salem(Zila Panchayat),11.6184,78.58364,232,11.7,62.3,8.4,25.4,101.8,72.9,1.57,0.06,42,ELEVATED,MONITORING
TN-SLM-933779-8,Salem,Attur,933779,Attur,FULL,252491,Attur(Municipality),11.56501,78.59661,192,14.7,118.9,18.6,4.2,34.3,32.3,0.84,-0.01,13,LOW,NORMAL
TN-SLM-634286-9,Salem,Attur,634286,Chockkanathapuram,FULL,227545,Chokkanathapuram(Gram Panchayat)-Attur(Panchayat Samiti)-Salem(Zila Panchayat),11.60615,78.60182,345,10.2,392.6,47.6,21.4,75.4,63.5,1.27,0.04,38,MODERATE,NORMAL
TN-SLM-634285-10,Salem,Attur,634285,Echampatty,FULL,227546,Eachampatty(Gram Panchayat)-Attur(Panchayat Samiti)-Salem(Zila Panchayat),11.60615,78.60182,345,10.2,392.6,47.6,21.4,75.4,63.5,1.27,0.04,38,MODERATE,NORMAL
TN-SLM-634325-11,Salem,Attur,634325,Jadayagoundanslopes Rf,FULL,227547,Kallanatham(Gram Panchayat)-Attur(Panchayat Samiti)-Salem(Zila Panchayat),11.63098,78.56446,292,13.0,293.6,39.4,23.5,117.8,63.5,1.63,0.06,42,ELEVATED,MONITORING
TN-SLM-634255-12,Salem,Attur,634255,Jarikothambadi,FULL,227550,Kothampadi(Gram Panchayat)-Attur(Panchayat Samiti)-Salem(Zila Panchayat),11.63393,78.57388,332,13.9,150.9,29.2,1.2,33.2,46.9,0.65,0.03,16,LOW,NORMAL
TN-SLM-634268-13,Salem,Attur,634268,Kallanatham,FULL,227547,Kallanatham(Gram Panchayat)-Attur(Panchayat Samiti)-Salem(Zila Panchayat),11.6022,78.60914,197,12.1,499.0,42.8,2.8,32.1,35.8,0.55,-0.0,14,LOW,NORMAL
TN-SLM-634253-14,Salem,Attur,634253,Kalpaganur,FULL,227548,Kalpaganur(Gram Panchayat)-Attur(Panchayat Samiti)-Salem(Zila Panchayat),11.63393,78.57388,332,13.9,150.9,29.2,1.2,33.2,46.9,0.65,0.03,16,LOW,NORMAL
TN-SLM-932947-15,Salem,Attur,932947,Keeripatti,FULL,252493,Keeripatti(Town Panchayat),11.57455,78.56671,310,13.3,490.6,25.4,11.9,36.3,37.0,0.81,0.01,18,LOW,NORMAL
TN-SLM-931890-16,Salem,Attur,931890,Lakshmanasamudram,FULL,252491,Attur(Municipality),11.58637,78.58897,257,14.7,324.9,32.0,1.4,19.8,35.8,0.48,0.02,13,LOW,NORMAL
TN-SLM-634284-17,Salem,Attur,634284,Malliakkarai,FULL,227551,Malliakarai(Gram Panchayat)-Attur(Panchayat Samiti)-Salem(Zila Panchayat),11.63148,78.62898,236,7.2,208.5,31.7,0.3,33.8,30.7,0.9,0.02,12,LOW,NORMAL
TN-SLM-634307-18,Salem,Attur,634307,Manjini,FULL,227552,Manjini(Gram Panchayat)-Attur(Panchayat Samiti)-Salem(Zila Panchayat),11.62961,78.56232,315,13.9,585.2,12.0,5.3,44.8,35.8,0.58,0.01,12,LOW,NORMAL
TN-SLM-634321-19,Salem,Attur,634321,Mannur Rf,FULL,227767,P.K.Hills Meelnadu(Gram Panchayat)-P.N.Palayam(Panchayat Samiti)-Salem(Zila Panchayat),11.62781,78.60216,324,8.6,612.8,44.5,4.1,26.9,41.3,0.99,-0.01,16,LOW,NORMAL
TN-SLM-931893-20,Salem,Attur,931893,Mullaivadi,FULL,252491,Attur(Municipality),11.5613,78.60506,323,14.1,61.0,25.9,3.9,38.2,35.5,0.69,-0.0,14,LOW,NORMAL
TN-SLM-634260-21,Salem,Attur,634260,Muttal,FULL,227547,Kallanatham(Gram Panchayat)-Attur(Panchayat Samiti)-Salem(Zila Panchayat),11.6022,78.60914,197,12.1,499.0,42.8,2.8,32.1,35.8,0.55,-0.0,14,LOW,NORMAL
TN-SLM-634322-22,Salem,Attur,634322,Nagalur Rf,FULL,227766,P.K.Hills Keelnadu(Gram Panchayat)-P.N.Palayam(Panchayat Samiti)-Salem(Zila Panchayat),11.59585,78.63894,272,11.4,101.8,23.4,1.6,26.8,49.5,0.55,0.02,15,LOW,NORMAL
TN-SLM-932950-23,Salem,Attur,932950,Narasingapuram,FULL,252363,Narasingapuram(Municipality),11.62163,78.59211,305,7.6,479.4,6.5,27.1,106.7,60.6,1.37,0.06,35,MODERATE,NORMAL
TN-SLM-634309-24,Salem,Attur,634309,Paithur North,PART,227549,Koolamedu(Gram Panchayat)-Attur(Panchayat Samiti)-Salem(Zila Panchayat),11.59275,78.57696,228,14.4,437.1,36.4,4.1,20.9,51.1,0.67,-0.01,20,LOW,NORMAL
TN-SLM-634309-25,Salem,Attur,634309,Paithur North,PART,227553,Paithur(Gram Panchayat)-Attur(Panchayat Samiti)-Salem(Zila Panchayat),11.56855,78.60739,358,9.2,273.7,9.5,24.4,97.5,68.6,1.82,0.05,40,MODERATE,NORMAL
TN-SLM-634326-26,Salem,Attur,634326,Paithur Rf,FULL,227553,Paithur(Gram Panchayat)-Attur(Panchayat Samiti)-Salem(Zila Panchayat),11.62421,78.5697,218,12.4,466.4,41.9,3.8,32.1,35.1,0.47,0.01,14,LOW,NORMAL
TN-SLM-931888-27,Salem,Attur,931888,Paithur(South),PART,227553,Paithur(Gram Panchayat)-Attur(Panchayat Samiti)-Salem(Zila Panchayat),11.5933,78.60311,335,12.9,453.3,30.9,4.3,22.8,38.0,0.91,-0.01,15,LOW,NORMAL
TN-SLM-634323-28,Salem,Attur,634323,Pattimedu Extension Rf,FULL,227766,P.K.Hills Keelnadu(Gram Panchayat)-P.N.Palayam(Panchayat Samiti)-Salem(Zila Panchayat),11.57761,78.60618,342,7.4,381.3,38.2,5.5,29.4,49.2,0.77,-0.01,18,LOW,NORMAL
TN-SLM-634324-29,Salem,Attur,634324,Pattimedu Rf,FULL,227766,P.K.Hills Keelnadu(Gram Panchayat)-P.N.Palayam(Panchayat Samiti)-Salem(Zila Panchayat),11.60939,78.59961,309,7.7,214.0,45.2,5.5,40.6,33.1,0.82,0.01,16,LOW,NORMAL
TN-SLM-634308-30,Salem,Attur,634308,Pungavadi,FULL,227554,Pungavadi(Gram Panchayat)-Attur(Panchayat Samiti)-Salem(Zila Panchayat),11.61717,78.56673,232,13.3,502.1,22.3,21.2,104.3,58.3,1.96,0.11,39,MODERATE,NORMAL
TN-SLM-931889-31,Salem,Attur,931889,Ramanaickenpalayam(South),PART,227555,Ramanaickenpalayam(Gram Panchayat)-Attur(Panchayat Samiti)-Salem(Zila Panchayat),11.62592,78.59094,199,11.8,311.4,35.9,3.2,15.1,41.4,0.8,0.01,15,LOW,NORMAL
TN-SLM-634243-32,Salem,Attur,634243,Ramanayakkampalayam North,FULL,227555,Ramanaickenpalayam(Gram Panchayat)-Attur(Panchayat Samiti)-Salem(Zila Panchayat),11.62668,78.62813,301,7.2,437.8,27.1,2.8,26.0,36.2,0.42,0.02,10,LOW,NORMAL
TN-SLM-634310-33,Salem,Attur,634310,Seeliampatty,FULL,227556,Seeliampatty(Gram Panchayat)-Attur(Panchayat Samiti)-Salem(Zila Panchayat),11.60709,78.6129,218,8.2,122.4,6.3,4.4,25.9,49.4,0.92,-0.01,14,LOW,NORMAL
TN-SLM-634287-34,Salem,Attur,634287,Thandavarayapuram,FULL,227557,Thandavarayapuram(Gram Panchayat)-Attur(Panchayat Samiti)-Salem(Zila Panchayat),11.5936,78.58237,309,13.0,559.0,23.3,0.7,21.6,50.6,0.9,0.02,18,LOW,NORMAL
TN-SLM-634269-35,Salem,Attur,634269,Thenmangudipalayam,FULL,227558,Thennakudipalayam(Gram Panchayat)-Attur(Panchayat Samiti)-Salem(Zila Panchayat),11.58465,78.57486,220,9.9,464.1,38.0,19.6,117.7,75.2,1.87,0.09,46,ELEVATED,MONITORING
TN-SLM-634318-36,Salem,Attur,634318,Thirthagiri Rf,FULL,227753,C.K.Hills Vadakku Nadu(Gram Panchayat)-P.N.Palayam(Panchayat Samiti)-Salem(Zila Panchayat),11.63115,78.61504,353,9.5,458.0,36.4,28.5,97.5,66.2,1.94,0.07,46,ELEVATED,MONITORING
TN-SLM-634288-37,Salem,Attur,634288,Thulukkanur,FULL,227559,Thulukanur(Gram Panchayat)-Attur(Panchayat Samiti)-Salem(Zila Panchayat),11.62961,78.56232,315,13.9,585.2,12.0,5.3,44.8,35.8,0.58,0.01,12,LOW,NORMAL
TN-SLM-634319-38,Salem,Attur,634319,Tumbal Extension Rf,PART,227777,Thumbal(Gram Panchayat)-P.N.Palayam(Panchayat Samiti)-Salem(Zila Panchayat),11.6389,78.62025,315,7.9,280.5,33.7,20.1,89.6,72.6,1.65,0.07,42,ELEVATED,MONITORING
TN-SLM-634320-39,Salem,Attur,634320,Tumbal Rf,PART,227777,Thumbal(Gram Panchayat)-P.N.Palayam(Panchayat Samiti)-Salem(Zila Panchayat),11.61183,78.60467,265,12.7,574.3,46.9,11.0,29.8,33.2,0.62,-0.0,19,LOW,NORMAL
TN-SLM-931897-40,Salem,Attur,931897,Udayampatti,PART,252491,Attur(Municipality),11.57404,78.57733,347,12.3,510.6,45.8,6.1,19.8,31.4,0.57,-0.01,16,LOW,NORMAL
TN-SLM-634289-41,Salem,Attur,634289,Valayamadevi,FULL,227560,Valaiyamadevi(Gram Panchayat)-Attur(Panchayat Samiti)-Salem(Zila Panchayat),11.62474,78.56088,308,14.0,105.5,32.0,4.5,39.8,47.1,0.47,0.01,17,LOW,NORMAL
TN-SLM-931797-42,Salem,Edappadi,931797,Aavaniperur(West),FULL,252468,Edappadi(Municipality),11.57596,77.88879,284,3.8,515.1,24.5,0.4,35.6,49.7,0.69,-0.02,12,LOW,NORMAL
TN-SLM-633895-43,Salem,Edappadi,633895,Adaiyur,FULL,227607,Adaiyur(Gram Panchayat)-Idappady(Panchayat Samiti)-Salem(Zila Panchayat),11.61447,77.85637,302,8.8,512.1,36.7,19.7,117.8,55.2,1.21,0.11,33,MODERATE,NORMAL
TN-SLM-633905-44,Salem,Edappadi,633905,Avaniperur(East),FULL,227608,Avaniperur East(Gram Panchayat)-Idappady(Panchayat Samiti)-Salem(Zila Panchayat),11.57445,77.84233,230,5.0,595.9,44.6,5.4,43.9,48.6,0.55,0.02,18,LOW,NORMAL
TN-SLM-633906-45,Salem,Edappadi,633906,Chettimankurichi,FULL,227609,Chettimankurichi(Gram Panchayat)-Idappady(Panchayat Samiti)-Salem(Zila Panchayat),11.57511,77.86563,246,9.8,406.7,6.2,5.0,22.3,45.5,0.89,0.01,14,LOW,NORMAL
TN-SLM-931798-46,Salem,Edappadi,931798,Chinnamanali,FULL,252468,Edappadi(Municipality),11.55796,77.85064,229,9.0,206.1,13.0,16.8,104.5,71.7,1.94,0.09,40,MODERATE,NORMAL
TN-SLM-633907-47,Salem,Edappadi,633907,Chittur Bit 1,FULL,227610,Chittoor(Gram Panchayat)-Idappady(Panchayat Samiti)-Salem(Zila Panchayat),11.57263,77.87293,340,8.9,223.5,34.2,9.8,43.2,50.3,0.49,0.01,20,LOW,NORMAL
TN-SLM-931917-48,Salem,Edappadi,931917,Chittur Bit2,PART,227610,Chittoor(Gram Panchayat)-Idappady(Panchayat Samiti)-Salem(Zila Panchayat),11.54906,77.85091,289,6.8,390.7,25.5,11.4,43.3,36.2,0.41,0.01,14,LOW,NORMAL
TN-SLM-633902-49,Salem,Edappadi,633902,Dadapuram,FULL,227611,Dadhapuram(Gram Panchayat)-Idappady(Panchayat Samiti)-Salem(Zila Panchayat),11.57511,77.86563,246,9.8,406.7,6.2,5.0,22.3,45.5,0.89,0.01,14,LOW,NORMAL
TN-SLM-933786-50,Salem,Edappadi,933786,Edappadi,FULL,252468,Edappadi(Municipality),11.57293,77.85748,325,10.7,525.0,28.3,0.9,31.6,50.1,0.87,-0.0,17,LOW,NORMAL
TN-SLM-633911-51,Salem,Edappadi,633911,Erumaipatti,FULL,227648,Erumaipatti(Gram Panchayat)-Konganapuram(Panchayat Samiti)-Salem(Zila Panchayat),11.58289,77.81147,218,4.4,569.6,17.0,4.6,29.3,28.5,0.66,-0.01,9,LOW,NORMAL
TN-SLM-633896-52,Salem,Edappadi,633896,Irupali,FULL,227612,Iruppali(Gram Panchayat)-Idappady(Panchayat Samiti)-Salem(Zila Panchayat),11.58409,77.85292,337,10.3,82.7,32.2,9.3,34.7,51.1,0.58,0.0,20,LOW,NORMAL
TN-SLM-633899-53,Salem,Edappadi,633899,Kachchippalli,FULL,227649,Katchupalli(Gram Panchayat)-Konganapuram(Panchayat Samiti)-Salem(Zila Panchayat),11.55034,77.88694,274,7.9,598.2,31.9,5.9,42.7,30.1,0.63,-0.0,13,LOW,NORMAL
TN-SLM-633901-54,Salem,Edappadi,633901,Konasamudram,FULL,227650,Konasamudram(Gram Panchayat)-Konganapuram(Panchayat Samiti)-Salem(Zila Panchayat),11.58922,77.88775,347,5.0,110.3,30.8,10.8,37.3,35.8,0.8,0.01,15,LOW,NORMAL
TN-SLM-933029-55,Salem,Edappadi,933029,Konganapuram,FULL,252469,Konganapuram(Town Panchayat),11.57264,77.84353,235,3.5,463.6,35.8,0.5,16.5,47.2,0.9,0.01,14,LOW,NORMAL
TN-SLM-633900-56,Salem,Edappadi,633900,Koranampatti,FULL,227651,Koranampatti(Gram Panchayat)-Konganapuram(Panchayat Samiti)-Salem(Zila Panchayat),11.57181,77.82725,218,4.3,515.9,19.1,6.7,42.4,36.9,0.86,-0.0,11,LOW,NORMAL
TN-SLM-633910-57,Salem,Edappadi,633910,Kurumbapatti,FULL,227652,Kurumbapatti(Gram Panchayat)-Konganapuram(Panchayat Samiti)-Salem(Zila Panchayat),11.57401,77.86284,294,7.3,81.4,46.3,22.5,116.3,75.5,1.5,0.1,46,ELEVATED,MONITORING
TN-SLM-633908-58,Salem,Edappadi,633908,Nedungulam,FULL,227613,Nedungulam(Gram Panchayat)-Idappady(Panchayat Samiti)-Salem(Zila Panchayat),11.55448,77.82767,349,10.3,301.5,27.4,6.0,29.1,30.8,1.07,0.01,16,LOW,NORMAL
TN-SLM-633894-59,Salem,Edappadi,633894,Pakkanadu,FULL,227614,Pakkanadu(Gram Panchayat)-Idappady(Panchayat Samiti)-Salem(Zila Panchayat),11.60541,77.85133,355,8.4,549.6,15.9,10.9,35.2,42.5,0.89,0.03,17,LOW,NORMAL
TN-SLM-633913-60,Salem,Edappadi,633913,Pakkanadu R.F.,PART,227614,Pakkanadu(Gram Panchayat)-Idappady(Panchayat Samiti)-Salem(Zila Panchayat),11.59187,77.82349,291,5.6,248.1,14.2,3.9,26.4,35.4,0.78,-0.0,9,LOW,NORMAL
TN-SLM-933030-61,Salem,Edappadi,933030,Poolampatti,FULL,252467,Poolampatti(Town Panchayat),11.61357,77.87221,351,4.9,449.1,39.9,22.7,98.0,57.0,1.89,0.07,37,MODERATE,NORMAL
TN-SLM-633903-62,Salem,Edappadi,633903,Puduppalayam,FULL,227653,Pudupalayam(Gram Panchayat)-Konganapuram(Panchayat Samiti)-Salem(Zila Panchayat),11.59053,77.87322,323,6.5,550.1,27.8,22.2,91.2,69.7,1.85,0.08,42,ELEVATED,MONITORING
TN-SLM-633897-63,Salem,Edappadi,633897,Samudram,FULL,227654,Samudram(Gram Panchayat)-Konganapuram(Panchayat Samiti)-Salem(Zila Panchayat),11.57968,77.81108,334,9.1,160.4,45.4,0.3,26.4,39.8,0.99,-0.01,14,LOW,NORMAL
TN-SLM-633912-64,Salem,Edappadi,633912,Tangayur,FULL,227655,Thangayur(Gram Panchayat)-Konganapuram(Panchayat Samiti)-Salem(Zila Panchayat),11.56084,77.83219,295,10.3,345.5,33.9,9.9,42.7,34.5,0.73,0.02,17,LOW,NORMAL
TN-SLM-633898-65,Salem,Edappadi,633898,Vellalapuram,FULL,227656,Vellalapuram(Gram Panchayat)-Konganapuram(Panchayat Samiti)-Salem(Zila Panchayat),11.55125,77.88925,206,3.7,131.4,23.0,2.9,30.0,37.7,0.6,-0.02,8,LOW,NORMAL
TN-SLM-633909-66,Salem,Edappadi,633909,Vellarivalli,FULL,227615,Vellarivelli(Gram Panchayat)-Idappady(Panchayat Samiti)-Salem(Zila Panchayat),11.6044,77.82984,296,3.5,419.9,35.4,0.3,41.0,40.6,0.57,0.01,9,LOW,NORMAL
TN-SLM-633904-67,Salem,Edappadi,633904,Vembaneri,FULL,227616,Vembaneri(Gram Panchayat)-Idappady(Panchayat Samiti)-Salem(Zila Panchayat),11.61869,77.81837,322,7.6,608.2,6.3,7.8,23.5,28.4,0.56,0.01,10,LOW,NORMAL
TN-SLM-634334-68,Salem,Gangavalli,634334,Anaiyampatty,FULL,227593,Anaiyampatty(Gram Panchayat)-Gangavalli(Panchayat Samiti)-Salem(Zila Panchayat),11.49523,78.6611,270,12.4,631.5,20.3,0.4,11.3,32.5,0.48,0.03,10,LOW,NORMAL
TN-SLM-634362-69,Salem,Gangavalli,634362,Attur Manmalai Rf,FULL,227600,Manmalai(Gram Panchayat)-Gangavalli(Panchayat Samiti)-Salem(Zila Panchayat),11.51047,78.6131,262,13.4,603.8,33.1,8.4,27.9,49.6,0.75,0.02,22,MODERATE,NORMAL
TN-SLM-634351-70,Salem,Gangavalli,634351,Belur,FULL,227594,"95, Belur(Gram Panchayat)-Gangavalli(Panchayat Samiti)-Salem(Zila Panchayat)",11.44447,78.63123,295,11.9,436.9,41.9,11.6,31.0,32.7,0.93,-0.0,20,LOW,NORMAL
TN-SLM-634366-71,Salem,Gangavalli,634366,Belur Rf,FULL,227594,"95, Belur(Gram Panchayat)-Gangavalli(Panchayat Samiti)-Salem(Zila Panchayat)",11.48683,78.63509,295,16.5,61.4,31.9,0.5,33.4,31.9,0.78,-0.01,14,LOW,NORMAL
TN-SLM-932931-72,Salem,Gangavalli,932931,Gangavalli,FULL,252496,Gangavalli(Town Panchayat),11.51702,78.67649,328,15.7,199.2,46.7,3.3,42.0,36.3,0.47,0.02,16,LOW,NORMAL
TN-SLM-634360-73,Salem,Gangavalli,634360,Gangavalli Rf,FULL,227599,"74, Krishnapuram(Gram Panchayat)-Gangavalli(Panchayat Samiti)-Salem(Zila Panchayat)",11.47256,78.65951,326,12.3,117.9,31.3,24.4,118.2,62.3,1.92,0.1,43,ELEVATED,MONITORING
TN-SLM-634347-74,Salem,Gangavalli,634347,Goodamalai,FULL,227595,Goodamalai(Gram Panchayat)-Gangavalli(Panchayat Samiti)-Salem(Zila Panchayat),11.44447,78.63123,295,11.9,436.9,41.9,11.6,31.0,32.7,0.93,-0.0,20,LOW,NORMAL
TN-SLM-634339-75,Salem,Gangavalli,634339,Jangama Samudram,FULL,227596,Jangamasamudram(Gram Panchayat)-Gangavalli(Panchayat Samiti)-Salem(Zila Panchayat),11.46916,78.61341,245,14.6,601.4,26.4,4.2,33.6,46.6,1.08,0.03,20,LOW,NORMAL
TN-SLM-634335-76,Salem,Gangavalli,634335,Kadambur,FULL,227597,Kadambur(Gram Panchayat)-Gangavalli(Panchayat Samiti)-Salem(Zila Panchayat),11.51259,78.63308,251,16.0,584.5,10.2,0.0,28.6,28.8,0.99,0.02,12,LOW,NORMAL
TN-SLM-634341-77,Salem,Gangavalli,634341,Kallipatty,FULL,227596,Jangamasamudram(Gram Panchayat)-Gangavalli(Panchayat Samiti)-Salem(Zila Panchayat),11.48934,78.6638,325,13.7,315.0,5.4,9.0,44.1,49.6,1.01,-0.01,19,LOW,NORMAL
TN-SLM-634338-78,Salem,Gangavalli,634338,Kondayampalli,PART,227598,Kondaiyampalli(Gram Panchayat)-Gangavalli(Panchayat Samiti)-Salem(Zila Panchayat),11.46775,78.63151,321,13.1,289.7,40.1,8.2,29.7,49.4,0.98,-0.01,23,MODERATE,NORMAL
TN-SLM-634338-79,Salem,Gangavalli,634338,Kondayampalli,PART,227605,Thagarapudur(Gram Panchayat)-Gangavalli(Panchayat Samiti)-Salem(Zila Panchayat),11.483,78.67117,243,10.7,581.6,31.6,24.2,92.2,58.2,1.68,0.04,37,MODERATE,NORMAL
TN-SLM-931804-80,Salem,Gangavalli,931804,Koneripatti,FULL,252497,Thammampatti(Town Panchayat),11.47316,78.64691,279,11.2,330.3,20.3,5.4,33.9,43.3,0.85,0.0,15,LOW,NORMAL
TN-SLM-634348-81,Salem,Gangavalli,634348,Krishnapuram,FULL,227599,"74, Krishnapuram(Gram Panchayat)-Gangavalli(Panchayat Samiti)-Salem(Zila Panchayat)",11.49614,78.64421,178,13.2,358.9,36.8,4.8,28.1,39.1,0.63,0.03,16,LOW,NORMAL
TN-SLM-634346-82,Salem,Gangavalli,634346,Manmalai,FULL,227600,Manmalai(Gram Panchayat)-Gangavalli(Panchayat Samiti)-Salem(Zila Panchayat),11.45174,78.68623,163,10.9,499.7,13.8,6.9,36.8,31.0,0.56,-0.0,12,LOW,NORMAL
TN-SLM-634345-83,Salem,Gangavalli,634345,Mudakkupatty,FULL,227600,Manmalai(Gram Panchayat)-Gangavalli(Panchayat Samiti)-Salem(Zila Panchayat),11.45174,78.68623,163,10.9,499.7,13.8,6.9,36.8,31.0,0.56,-0.0,12,LOW,NORMAL
TN-SLM-634328-84,Salem,Gangavalli,634328,Naduvalur,FULL,227601,Naduvalur(Gram Panchayat)-Gangavalli(Panchayat Samiti)-Salem(Zila Panchayat),11.48084,78.64221,197,13.6,183.3,25.7,20.4,84.2,65.0,1.52,0.08,39,MODERATE,NORMAL
TN-SLM-634337-85,Salem,Gangavalli,634337,Nagiampatty,FULL,227602,Nagiyampatti(Gram Panchayat)-Gangavalli(Panchayat Samiti)-Salem(Zila Panchayat),11.4958,78.64116,151,15.9,539.5,21.2,29.1,131.1,61.7,1.92,0.11,45,ELEVATED,MONITORING
TN-SLM-634367-86,Salem,Gangavalli,634367,Nagoor Rf,FULL,227604,Pachamalai(Gram Panchayat)-Gangavalli(Panchayat Samiti)-Salem(Zila Panchayat),11.50977,78.64214,272,16.2,410.1,36.5,22.1,99.6,58.6,1.34,0.09,39,MODERATE,NORMAL
TN-SLM-634327-87,Salem,Gangavalli,634327,Othiyathur,FULL,227603,Odhiyathur(Gram Panchayat)-Gangavalli(Panchayat Samiti)-Salem(Zila Panchayat),11.46916,78.61341,245,14.6,601.4,26.4,4.2,33.6,46.6,1.08,0.03,20,LOW,NORMAL
TN-SLM-634352-88,Salem,Gangavalli,634352,Pachamalai,FULL,227604,Pachamalai(Gram Panchayat)-Gangavalli(Panchayat Samiti)-Salem(Zila Panchayat),11.44019,78.61175,321,12.0,541.7,21.0,0.5,26.1,34.0,0.43,0.0,9,LOW,NORMAL
TN-SLM-634363-89,Salem,Gangavalli,634363,Periya Solai Rf,FULL,227604,Pachamalai(Gram Panchayat)-Gangavalli(Panchayat Samiti)-Salem(Zila Panchayat),11.4485,78.67504,254,14.4,166.6,7.4,22.0,96.7,73.6,1.42,0.06,41,ELEVATED,MONITORING
TN-SLM-634343-90,Salem,Gangavalli,634343,Pillaiyarmathi,FULL,227596,Jangamasamudram(Gram Panchayat)-Gangavalli(Panchayat Samiti)-Salem(Zila Panchayat),11.47256,78.65951,326,12.3,117.9,31.3,24.4,118.2,62.3,1.92,0.1,43,ELEVATED,MONITORING
TN-SLM-634340-91,Salem,Gangavalli,634340,Sengadu,FULL,227596,Jangamasamudram(Gram Panchayat)-Gangavalli(Panchayat Samiti)-Salem(Zila Panchayat),11.51047,78.6131,262,13.4,603.8,33.1,8.4,27.9,49.6,0.75,0.02,22,MODERATE,NORMAL
TN-SLM-932934-92,Salem,Gangavalli,932934,Sentharapatti,FULL,252498,Sentharapatti(Town Panchayat),11.45912,78.67942,187,11.7,187.2,18.5,5.1,13.6,49.5,0.62,0.01,17,LOW,NORMAL
TN-SLM-634342-93,Salem,Gangavalli,634342,Seradimulai,FULL,227596,Jangamasamudram(Gram Panchayat)-Gangavalli(Panchayat Samiti)-Salem(Zila Panchayat),11.48194,78.61018,258,10.9,347.3,34.1,9.2,32.0,48.5,0.93,-0.0,21,MODERATE,NORMAL
TN-SLM-932937-94,Salem,Gangavalli,932937,Thammampatti,FULL,252497,Thammampatti(Town Panchayat),11.458,78.62634,273,13.4,76.9,24.2,2.4,26.2,28.5,0.44,0.01,11,LOW,NORMAL
TN-SLM-932940-95,Salem,Gangavalli,932940,Thedavur,FULL,252495,Thedavur(Town Panchayat),11.45458,78.65639,172,11.2,125.1,33.9,1.5,35.0,45.2,0.4,0.0,13,LOW,NORMAL
TN-SLM-634336-96,Salem,Gangavalli,634336,Ulipuram,FULL,227606,Ulipuram(Gram Panchayat)-Gangavalli(Panchayat Samiti)-Salem(Zila Panchayat),11.50754,78.66689,234,13.8,286.0,35.0,10.7,24.3,48.5,0.9,0.03,24,MODERATE,NORMAL
TN-SLM-634344-97,Salem,Gangavalli,634344,Valacombai,FULL,227596,Jangamasamudram(Gram Panchayat)-Gangavalli(Panchayat Samiti)-Salem(Zila Panchayat),11.47466,78.66004,231,9.5,131.4,22.1,4.6,34.2,39.2,0.95,0.02,14,LOW,NORMAL
TN-SLM-634349-98,Salem,Gangavalli,634349,Valasakkalpatti,FULL,227599,"74, Krishnapuram(Gram Panchayat)-Gangavalli(Panchayat Samiti)-Salem(Zila Panchayat)",11.4427,78.66773,249,11.0,139.2,10.8,18.9,89.8,56.2,1.86,0.04,32,MODERATE,NORMAL
TN-SLM-634365-99,Salem,Gangavalli,634365,Vanjarai Rf,FULL,227604,Pachamalai(Gram Panchayat)-Gangavalli(Panchayat Samiti)-Salem(Zila Panchayat),11.454,78.66274,241,16.9,536.4,31.8,9.3,30.8,39.6,0.83,0.02,19,LOW,NORMAL
TN-SLM-634361-100,Salem,Gangavalli,634361,Vedambian Rf,FULL,227594,"95, Belur(Gram Panchayat)-Gangavalli(Panchayat Samiti)-Salem(Zila Panchayat)",11.49982,78.68579,208,9.4,464.5,39.9,0.6,38.1,45.2,0.5,0.01,14,LOW,NORMAL
TN-SLM-634364-101,Salem,Gangavalli,634364,Vengamudi Rf,FULL,227604,Pachamalai(Gram Panchayat)-Gangavalli(Panchayat Samiti)-Salem(Zila Panchayat),11.47003,78.63723,298,15.9,636.7,18.5,29.3,108.9,69.5,1.99,0.08,48,ELEVATED,MONITORING
TN-SLM-634353-102,Salem,Gangavalli,634353,Veppadi,FULL,227604,Pachamalai(Gram Panchayat)-Gangavalli(Panchayat Samiti)-Salem(Zila Panchayat),11.48889,78.64684,257,9.9,428.5,13.6,22.3,108.6,61.5,1.96,0.04,37,MODERATE,NORMAL
TN-SLM-634368-103,Salem,Gangavalli,634368,Veppadi R.F.,FULL,227604,Pachamalai(Gram Panchayat)-Gangavalli(Panchayat Samiti)-Salem(Zila Panchayat),11.50071,78.66386,322,19.4,286.9,28.9,6.1,32.3,36.5,1.09,0.03,19,LOW,NORMAL
TN-SLM-634350-104,Salem,Gangavalli,634350,Veppanthattai,FULL,227599,"74, Krishnapuram(Gram Panchayat)-Gangavalli(Panchayat Samiti)-Salem(Zila Panchayat)",11.47455,78.6866,212,11.5,235.0,45.3,8.7,31.5,33.2,0.86,0.02,19,LOW,NORMAL
TN-SLM-633811-105,Salem,Kadayampatti,633811,Danishpet,FULL,227618,Danishpet(Gram Panchayat)-Kadayaampatti(Panchayat Samiti)-Salem(Zila Panchayat),11.85002,78.0761,448,18.3,174.7,19.6,1.8,22.5,36.5,0.69,0.02,14,LOW,NORMAL
TN-SLM-633822-106,Salem,Kadayampatti,633822,Darapuram,FULL,227620,Dharapuram(Gram Panchayat)-Kadayaampatti(Panchayat Samiti)-Salem(Zila Panchayat),11.82035,78.11195,444,13.9,128.4,8.0,24.4,112.1,55.7,1.89,0.11,37,MODERATE,NORMAL
TN-SLM-633813-107,Salem,Kadayampatti,633813,Dasasamudram,FULL,227630,Poosaripatti(Gram Panchayat)-Kadayaampatti(Panchayat Samiti)-Salem(Zila Panchayat),11.86695,78.13229,460,13.6,317.9,41.1,10.1,32.1,43.7,0.49,-0.0,19,LOW,NORMAL
TN-SLM-633812-108,Salem,Kadayampatti,633812,Deevattipatti,FULL,227619,Deevattipatti(Gram Panchayat)-Kadayaampatti(Panchayat Samiti)-Salem(Zila Panchayat),11.86695,78.13229,460,13.6,317.9,41.1,10.1,32.1,43.7,0.49,-0.0,19,LOW,NORMAL
TN-SLM-633807-109,Salem,Kadayampatti,633807,Elathur,FULL,227628,Nadupatti(Gram Panchayat)-Kadayaampatti(Panchayat Samiti)-Salem(Zila Panchayat),11.85002,78.0761,448,18.3,174.7,19.6,1.8,22.5,36.5,0.69,0.02,14,LOW,NORMAL
TN-SLM-633882-110,Salem,Kadayampatti,633882,Elathur R.F.,FULL,227628,Nadupatti(Gram Panchayat)-Kadayaampatti(Panchayat Samiti)-Salem(Zila Panchayat),11.85843,78.0886,534,23.9,143.4,11.6,4.5,43.0,43.3,0.72,0.02,17,LOW,NORMAL
TN-SLM-633804-111,Salem,Kadayampatti,633804,Gundikkal,FULL,227621,Gundukkal(Gram Panchayat)-Kadayaampatti(Panchayat Samiti)-Salem(Zila Panchayat),11.88415,78.08329,447,14.8,386.8,27.0,3.2,26.2,30.2,0.48,0.02,13,LOW,NORMAL
TN-SLM-931938-112,Salem,Kadayampatti,931938,Kadayampatti North,N/A,N/A,N/A,11.81731,78.10731,434,17.9,228.9,23.4,27.8,90.3,70.2,1.62,0.06,46,ELEVATED,MONITORING
TN-SLM-931942-113,Salem,Kadayampatti,931942,Kadayampatti South,FULL,252463,Kadayampatti(Town Panchayat),11.81724,78.07349,438,17.4,545.2,38.5,8.3,35.1,51.6,0.96,-0.01,25,MODERATE,NORMAL
TN-SLM-633803-114,Salem,Kadayampatti,633803,Kanavoipudur,FULL,227622,Kanavaipudur(Gram Panchayat)-Kadayaampatti(Panchayat Samiti)-Salem(Zila Panchayat),11.86842,78.07071,333,14.5,472.7,14.2,10.4,49.0,34.6,0.82,0.02,16,LOW,NORMAL
TN-SLM-633816-115,Salem,Kadayampatti,633816,Kanjanayakanpatti,FULL,227623,Kanjanaickenpatti(Gram Panchayat)-Kadayaampatti(Panchayat Samiti)-Salem(Zila Panchayat),11.81829,78.11833,390,15.2,275.7,19.7,3.7,32.8,43.6,0.65,-0.01,14,LOW,NORMAL
TN-SLM-633802-116,Salem,Kadayampatti,633802,Kethunaickenpatty Pudur,FULL,227622,Kanavaipudur(Gram Panchayat)-Kadayaampatti(Panchayat Samiti)-Salem(Zila Panchayat),11.82099,78.12518,463,20.4,153.0,47.8,0.7,30.3,49.9,0.75,-0.0,22,MODERATE,NORMAL
TN-SLM-931928-117,Salem,Kadayampatti,931928,Kongupatti North,FULL,227625,Kongupatti(Gram Panchayat)-Kadayaampatti(Panchayat Samiti)-Salem(Zila Panchayat),11.88404,78.08081,414,13.7,406.9,25.9,4.4,35.0,47.0,0.45,0.01,16,LOW,NORMAL
TN-SLM-633805-118,Salem,Kadayampatti,633805,Kongupatti (South),FULL,227625,Kongupatti(Gram Panchayat)-Kadayaampatti(Panchayat Samiti)-Salem(Zila Panchayat),11.88941,78.13796,463,18.7,338.0,43.4,6.2,35.2,43.4,0.47,0.03,20,LOW,NORMAL
TN-SLM-633818-119,Salem,Kadayampatti,633818,Kookuttapatti,FULL,227626,Kookuttapatti(Gram Panchayat)-Kadayaampatti(Panchayat Samiti)-Salem(Zila Panchayat),11.86686,78.08181,324,18.8,357.7,38.3,0.6,14.4,46.4,1.01,-0.0,20,LOW,NORMAL
TN-SLM-633815-120,Salem,Kadayampatti,633815,Marakkottai,FULL,227624,Karuvalli(Gram Panchayat)-Kadayaampatti(Panchayat Samiti)-Salem(Zila Panchayat),11.84149,78.12174,401,15.8,67.6,31.9,4.1,30.9,34.5,0.41,-0.01,13,LOW,NORMAL
TN-SLM-633806-121,Salem,Kadayampatti,633806,Mookanur,FULL,227627,Mookanur(Gram Panchayat)-Kadayaampatti(Panchayat Samiti)-Salem(Zila Panchayat),11.86017,78.11506,297,13.6,249.3,13.1,26.9,107.0,64.1,1.79,0.11,42,ELEVATED,MONITORING
TN-SLM-931926-122,Salem,Kadayampatti,931926,Nachanampatti,N/A,N/A,N/A,11.84488,78.07921,357,17.7,499.2,28.4,16.1,83.6,69.9,1.96,0.09,43,ELEVATED,MONITORING
TN-SLM-633808-123,Salem,Kadayampatti,633808,Naduppatti,FULL,227628,Nadupatti(Gram Panchayat)-Kadayaampatti(Panchayat Samiti)-Salem(Zila Panchayat),11.81829,78.11833,390,15.2,275.7,19.7,3.7,32.8,43.6,0.65,-0.01,14,LOW,NORMAL
TN-SLM-633810-124,Salem,Kadayampatti,633810,Palappallikombai,FULL,227618,Danishpet(Gram Panchayat)-Kadayaampatti(Panchayat Samiti)-Salem(Zila Panchayat),11.86679,78.13629,460,15.2,457.5,7.0,7.9,49.1,37.7,0.92,0.02,15,LOW,NORMAL
TN-SLM-633817-125,Salem,Kadayampatti,633817,Pannapatti,FULL,227629,Pannapatti(Gram Panchayat)-Kadayaampatti(Panchayat Samiti)-Salem(Zila Panchayat),11.85194,78.06236,387,17.8,184.3,16.9,23.3,114.0,65.7,1.87,0.09,43,ELEVATED,MONITORING
TN-SLM-633814-126,Salem,Kadayampatti,633814,Poosaripatti,FULL,227630,Poosaripatti(Gram Panchayat)-Kadayaampatti(Panchayat Samiti)-Salem(Zila Panchayat),11.83961,78.07276,360,19.8,601.7,8.0,28.7,111.6,56.0,1.4,0.06,38,MODERATE,NORMAL
TN-SLM-633820-127,Salem,Kadayampatti,633820,Pottipuram,FULL,227711,Pottipuram(Gram Panchayat)-Omalur(Panchayat Samiti)-Salem(Zila Panchayat),11.86198,78.06297,346,20.6,477.4,46.7,16.2,96.1,73.1,1.25,0.07,44,ELEVATED,MONITORING
TN-SLM-633800-128,Salem,Kadayampatti,633800,Sekkarapatti,FULL,227633,Veppilai(Gram Panchayat)-Kadayaampatti(Panchayat Samiti)-Salem(Zila Panchayat),11.82035,78.11195,444,13.9,128.4,8.0,24.4,112.1,55.7,1.89,0.11,37,MODERATE,NORMAL
TN-SLM-633823-129,Salem,Kadayampatti,633823,Semmandapatti,FULL,227631,Semmandapatti(Gram Panchayat)-Kadayaampatti(Panchayat Samiti)-Salem(Zila Panchayat),11.82034,78.13694,384,17.9,598.2,31.9,5.9,42.7,30.1,0.63,-0.0,16,LOW,NORMAL
TN-SLM-633821-130,Salem,Kadayampatti,633821,Sikkanampatti,FULL,227719,Sikkanampatti(Gram Panchayat)-Omalur(Panchayat Samiti)-Salem(Zila Panchayat),11.84511,78.11563,356,19.8,406.7,6.2,5.0,22.3,45.5,0.89,0.01,17,LOW,NORMAL
TN-SLM-633824-131,Salem,Kadayampatti,633824,Thathayampatti,FULL,227720,Thathiyampatti(Gram Panchayat)-Omalur(Panchayat Samiti)-Salem(Zila Panchayat),11.85922,78.13775,457,15.0,110.3,30.8,10.8,37.3,35.8,0.8,0.01,19,LOW,NORMAL
TN-SLM-633819-132,Salem,Kadayampatti,633819,Tumbipadi,FULL,227724,Thumbipadi(Gram Panchayat)-Omalur(Panchayat Samiti)-Salem(Zila Panchayat),11.84511,78.11563,356,19.8,406.7,6.2,5.0,22.3,45.5,0.89,0.01,17,LOW,NORMAL
TN-SLM-633801-133,Salem,Kadayampatti,633801,Veppilai,FULL,227633,Veppilai(Gram Panchayat)-Kadayaampatti(Panchayat Samiti)-Salem(Zila Panchayat),11.86679,78.13629,460,15.2,457.5,7.0,7.9,49.1,37.7,0.92,0.02,15,LOW,NORMAL
TN-SLM-633768-134,Salem,Mettur,633768,Alamarathupatti,PART,227634,Alamarathupatti(Gram Panchayat)-Kolathur(Panchayat Samiti)-Salem(Zila Panchayat),11.81593,77.83897,202,11.9,244.4,7.0,20.2,118.8,61.2,1.5,0.1,35,MODERATE,NORMAL
TN-SLM-633768-135,Salem,Mettur,633768,Alamarathupatti,PART,227635,Chithiraipattipudur(Gram Panchayat)-Kolathur(Panchayat Samiti)-Salem(Zila Panchayat),11.82123,77.83056,231,14.0,582.2,7.9,27.9,100.8,66.5,1.98,0.04,43,ELEVATED,MONITORING
TN-SLM-633764-136,Salem,Mettur,633764,Amaram,FULL,227669,Amaram(Gram Panchayat)-Mecheri(Panchayat Samiti)-Salem(Zila Panchayat),11.80052,77.76665,252,11.2,89.1,46.8,6.9,45.7,39.1,0.58,0.02,17,LOW,NORMAL
TN-SLM-633783-137,Salem,Mettur,633783,Aranganur,FULL,227670,Aranganoor(Gram Panchayat)-Mecheri(Panchayat Samiti)-Salem(Zila Panchayat),11.81695,77.83229,360,11.1,317.9,41.1,10.1,32.1,43.7,0.49,-0.0,18,LOW,NORMAL
TN-SLM-633798-138,Salem,Mettur,633798,Avadattur (Ct),FULL,227686,Avadathur(Gram Panchayat)-Nangavalli(Panchayat Samiti)-Salem(Zila Panchayat),11.79172,77.81249,293,17.6,403.8,6.6,5.1,39.1,48.3,0.95,0.02,18,LOW,NORMAL
TN-SLM-633780-139,Salem,Mettur,633780,Banapuram,FULL,227671,Banapuram(Gram Panchayat)-Mecheri(Panchayat Samiti)-Salem(Zila Panchayat),11.76168,77.81105,293,17.1,94.4,27.1,3.6,25.8,46.1,0.65,0.02,18,LOW,NORMAL
TN-SLM-633763-140,Salem,Mettur,633763,Bukkampatti,FULL,227672,Bukkampatti(Gram Panchayat)-Mecheri(Panchayat Samiti)-Salem(Zila Panchayat),11.82123,77.83056,231,14.0,582.2,7.9,27.9,100.8,66.5,1.98,0.04,43,ELEVATED,MONITORING
TN-SLM-633782-141,Salem,Mettur,633782,Chinnasattappadi,FULL,227682,Sathapadi(Gram Panchayat)-Mecheri(Panchayat Samiti)-Salem(Zila Panchayat),11.83941,77.83796,363,16.2,338.0,43.4,6.2,35.2,43.4,0.47,0.03,19,LOW,NORMAL
TN-SLM-633787-142,Salem,Mettur,633787,Chinnasoragai,FULL,227687,Chinnasoragai(Gram Panchayat)-Nangavalli(Panchayat Samiti)-Salem(Zila Panchayat),11.78141,77.83035,272,15.3,113.7,15.4,3.4,31.0,33.5,0.55,-0.01,11,LOW,NORMAL
TN-SLM-633789-143,Salem,Mettur,633789,Dasagappatti,PART,227690,Periyasoragai(Gram Panchayat)-Nangavalli(Panchayat Samiti)-Salem(Zila Panchayat),11.82653,77.78185,292,12.9,184.8,31.7,8.2,31.1,32.9,0.85,0.02,17,LOW,NORMAL
TN-SLM-633799-144,Salem,Mettur,633799,Doramangalam (Ct),FULL,227693,Thoramangalam(Gram Panchayat)-Nangavalli(Panchayat Samiti)-Salem(Zila Panchayat),11.81516,77.76141,296,11.0,557.6,27.5,15.8,82.2,73.9,1.22,0.1,39,MODERATE,NORMAL
TN-SLM-633757-145,Salem,Mettur,633757,Gonur East,FULL,227688,Gonur(Gram Panchayat)-Nangavalli(Panchayat Samiti)-Salem(Zila Panchayat),11.81593,77.83897,202,11.9,244.4,7.0,20.2,118.8,61.2,1.5,0.1,35,MODERATE,NORMAL
TN-SLM-633794-146,Salem,Mettur,633794,Gonur R.F.,FULL,227688,Gonur(Gram Panchayat)-Nangavalli(Panchayat Samiti)-Salem(Zila Panchayat),11.78961,77.77276,340,21.6,601.7,8.0,0.6,16.0,39.3,0.9,0.02,14,LOW,NORMAL
TN-SLM-933100-147,Salem,Mettur,933100,Gonur West,PART,227688,Gonur(Gram Panchayat)-Nangavalli(Panchayat Samiti)-Salem(Zila Panchayat),11.79179,77.82886,324,17.0,388.2,28.7,11.3,42.0,47.7,0.53,-0.02,21,MODERATE,NORMAL
TN-SLM-633770-148,Salem,Mettur,633770,Kannamoochi,FULL,227637,Kannamoochi(Gram Panchayat)-Kolathur(Panchayat Samiti)-Salem(Zila Panchayat),11.77099,77.82518,363,17.9,153.0,47.8,25.9,101.0,55.5,1.21,0.09,40,MODERATE,NORMAL
TN-SLM-633792-149,Salem,Mettur,633792,Karikkapatti,FULL,227689,Karikkapatti(Gram Panchayat)-Nangavalli(Panchayat Samiti)-Salem(Zila Panchayat),11.76206,77.80825,241,11.9,281.4,23.2,11.0,36.5,45.5,0.61,0.02,19,LOW,NORMAL
TN-SLM-633754-150,Salem,Mettur,633754,Kaveripuram North,PART,227638,Karungallur(Gram Panchayat)-Kolathur(Panchayat Samiti)-Salem(Zila Panchayat),11.82705,77.76442,207,12.3,362.3,18.3,5.5,29.1,44.5,0.42,-0.0,14,LOW,NORMAL
TN-SLM-633754-151,Salem,Mettur,633754,Kaveripuram North,PART,227639,Kaveripuram(Gram Panchayat)-Kolathur(Panchayat Samiti)-Salem(Zila Panchayat),11.77903,77.82127,257,17.0,582.0,31.0,22.9,106.8,70.4,1.75,0.08,46,ELEVATED,MONITORING
TN-SLM-933065-152,Salem,Mettur,933065,Kaveripuram South,PART,227639,Kaveripuram(Gram Panchayat)-Kolathur(Panchayat Samiti)-Salem(Zila Panchayat),11.80739,77.80236,208,14.1,604.6,15.6,16.9,103.5,56.6,1.35,0.08,31,MODERATE,NORMAL
TN-SLM-933059-153,Salem,Mettur,933059,Kolathur,FULL,252455,Kolathur(Town Panchayat),11.79246,77.77012,232,17.6,498.4,22.7,8.1,19.7,50.5,0.66,-0.01,21,MODERATE,NORMAL
TN-SLM-633775-154,Salem,Mettur,633775,Kolnaikenpatti,FULL,227640,Kolnaickenpatti(Gram Panchayat)-Kolathur(Panchayat Samiti)-Salem(Zila Panchayat),11.78141,77.83035,272,15.3,113.7,15.4,3.4,31.0,33.5,0.55,-0.01,11,LOW,NORMAL
TN-SLM-633758-155,Salem,Mettur,633758,Koonandiyur,FULL,227673,Koonandiyur(Gram Panchayat)-Mecheri(Panchayat Samiti)-Salem(Zila Panchayat),11.81261,77.79237,191,11.4,632.7,23.8,10.6,36.0,43.3,0.81,-0.0,18,LOW,NORMAL
TN-SLM-633778-156,Salem,Mettur,633778,Koppam,FULL,227674,Koppampatti(Gram Panchayat)-Mecheri(Panchayat Samiti)-Salem(Zila Panchayat),11.81679,77.83629,360,12.7,457.5,7.0,7.9,49.1,37.7,0.92,0.02,14,LOW,NORMAL
TN-SLM-633779-157,Salem,Mettur,633779,Koppampatti,FULL,227674,Koppampatti(Gram Panchayat)-Mecheri(Panchayat Samiti)-Salem(Zila Panchayat),11.79172,77.81249,293,17.6,403.8,6.6,5.1,39.1,48.3,0.95,0.02,18,LOW,NORMAL
TN-SLM-633777-158,Salem,Mettur,633777,Kuttapatti,FULL,227675,Kuttapatti(Gram Panchayat)-Mecheri(Panchayat Samiti)-Salem(Zila Panchayat),11.79149,77.82174,301,13.3,67.6,31.9,4.1,30.9,34.5,0.41,-0.01,13,LOW,NORMAL
TN-SLM-633769-159,Salem,Mettur,633769,Lakkampatti,FULL,227641,Lakkampatti(Gram Panchayat)-Kolathur(Panchayat Samiti)-Salem(Zila Panchayat),11.77035,77.81195,344,11.4,128.4,8.0,24.4,112.1,55.7,1.89,0.11,36,MODERATE,NORMAL
TN-SLM-633760-160,Salem,Mettur,633760,Mallikundam,FULL,227678,Mallikundam(Gram Panchayat)-Mecheri(Panchayat Samiti)-Salem(Zila Panchayat),11.81695,77.83229,360,11.1,317.9,41.1,10.1,32.1,43.7,0.49,-0.0,18,LOW,NORMAL
TN-SLM-633786-161,Salem,Mettur,633786,Mallikuttappatti,FULL,227687,Chinnasoragai(Gram Panchayat)-Nangavalli(Panchayat Samiti)-Salem(Zila Panchayat),11.81198,77.76297,246,18.1,477.4,46.7,16.2,96.1,73.1,1.25,0.07,44,ELEVATED,MONITORING
TN-SLM-633785-162,Salem,Mettur,633785,Manathal Nallakavundampatti,FULL,227677,M. N. Patti(Gram Panchayat)-Mecheri(Panchayat Samiti)-Salem(Zila Panchayat),11.81198,77.76297,246,18.1,477.4,46.7,16.2,96.1,73.1,1.25,0.07,44,ELEVATED,MONITORING
TN-SLM-933053-163,Salem,Mettur,933053,Mecheri,FULL,252454,Mecheri(Town Panchayat),11.78685,77.79553,308,15.7,648.4,19.7,20.8,102.3,63.7,1.56,0.1,39,MODERATE,NORMAL
TN-SLM-633765-164,Salem,Mettur,633765,M.Kalipatti,FULL,227676,M. Kalipatti(Gram Panchayat)-Mecheri(Panchayat Samiti)-Salem(Zila Panchayat),11.78141,77.83035,272,15.3,113.7,15.4,3.4,31.0,33.5,0.55,-0.01,11,LOW,NORMAL
TN-SLM-633771-165,Salem,Mettur,633771,Moolakkadu,FULL,227642,Moolakkadu(Gram Panchayat)-Kolathur(Panchayat Samiti)-Salem(Zila Panchayat),11.79172,77.81249,293,17.6,403.8,6.6,5.1,39.1,48.3,0.95,0.02,18,LOW,NORMAL
TN-SLM-933050-166,Salem,Mettur,933050,Nangavalli,FULL,252459,Nangavalli(Town Panchayat),11.78685,77.79553,308,15.7,648.4,19.7,20.8,102.3,63.7,1.56,0.1,39,MODERATE,NORMAL
TN-SLM-633774-167,Salem,Mettur,633774,Navappatti,FULL,227643,Navapatti(Gram Panchayat)-Kolathur(Panchayat Samiti)-Salem(Zila Panchayat),11.76206,77.80825,241,11.9,281.4,23.2,11.0,36.5,45.5,0.61,0.02,19,LOW,NORMAL
TN-SLM-633784-168,Salem,Mettur,633784,Olaipatti,FULL,227679,Olaipatti(Gram Panchayat)-Mecheri(Panchayat Samiti)-Salem(Zila Panchayat),11.77034,77.83694,284,15.4,598.2,31.9,5.9,42.7,30.1,0.63,-0.0,15,LOW,NORMAL
TN-SLM-633795-169,Salem,Mettur,633795,Pachapalli (R.F.),FULL,227637,Kannamoochi(Gram Panchayat)-Kolathur(Panchayat Samiti)-Salem(Zila Panchayat),11.77216,77.76821,421,14.5,246.7,41.8,6.4,34.4,32.4,0.71,-0.0,17,LOW,NORMAL
TN-SLM-633773-170,Salem,Mettur,633773,Palamalai,FULL,227644,Palamalai(Gram Panchayat)-Kolathur(Panchayat Samiti)-Salem(Zila Panchayat),11.81516,77.76141,296,11.0,557.6,27.5,15.8,82.2,73.9,1.22,0.1,39,MODERATE,NORMAL
TN-SLM-633796-171,Salem,Mettur,633796,Palamalai (R.F.),FULL,227644,Palamalai(Gram Panchayat)-Kolathur(Panchayat Samiti)-Salem(Zila Panchayat),11.79401,77.81284,384,18.5,81.4,46.3,7.3,49.1,37.1,1.01,0.02,21,MODERATE,NORMAL
TN-SLM-633759-172,Salem,Mettur,633759,Pallipatti,FULL,227680,Pallipatti(Gram Panchayat)-Mecheri(Panchayat Samiti)-Salem(Zila Panchayat),11.76829,77.81833,290,12.7,275.7,19.7,3.7,32.8,43.6,0.65,-0.01,13,LOW,NORMAL
TN-SLM-633781-173,Salem,Mettur,633781,Periyasattappadi,FULL,227682,Sathapadi(Gram Panchayat)-Mecheri(Panchayat Samiti)-Salem(Zila Panchayat),11.79263,77.82293,350,16.4,223.5,34.2,9.8,43.2,50.3,0.49,0.01,22,MODERATE,NORMAL
TN-SLM-633788-174,Salem,Mettur,633788,Periyasoragai,FULL,227690,Periyasoragai(Gram Panchayat)-Nangavalli(Panchayat Samiti)-Salem(Zila Panchayat),11.80289,77.76147,228,11.9,569.6,17.0,4.6,29.3,28.5,0.66,-0.01,12,LOW,NORMAL
TN-SLM-633766-175,Salem,Mettur,633766,Pottaneri,FULL,227681,Pottaneri(Gram Panchayat)-Mecheri(Panchayat Samiti)-Salem(Zila Panchayat),11.76206,77.80825,241,11.9,281.4,23.2,11.0,36.5,45.5,0.61,0.02,19,LOW,NORMAL
TN-SLM-931927-176,Salem,Mettur,931927,Pottaneri Nallakavundanpatti,FULL,252458,P.N.Patti(Town Panchayat),11.79561,77.80565,219,17.7,380.9,39.0,8.5,22.0,46.7,0.54,0.01,21,MODERATE,NORMAL
TN-SLM-633772-177,Salem,Mettur,633772,Sampalli,FULL,227646,Sampalli(Gram Panchayat)-Kolathur(Panchayat Samiti)-Salem(Zila Panchayat),11.79445,77.79233,240,12.5,595.9,44.6,5.4,43.9,48.6,0.55,0.02,20,LOW,NORMAL
TN-SLM-633755-178,Salem,Mettur,633755,Singiripatti,FULL,227647,Singiripatti(Gram Panchayat)-Kolathur(Panchayat Samiti)-Salem(Zila Panchayat),11.83573,77.81945,256,16.3,62.4,25.5,5.6,25.0,33.3,0.85,0.01,16,LOW,NORMAL
TN-SLM-633793-179,Salem,Mettur,633793,Solapadi R.F.,FULL,227688,Gonur(Gram Panchayat)-Nangavalli(Panchayat Samiti)-Salem(Zila Panchayat),11.82816,77.80549,435,23.0,117.8,34.6,3.5,25.3,46.7,0.83,-0.01,21,MODERATE,NORMAL
TN-SLM-633791-180,Salem,Mettur,633791,Soorappalli,FULL,227692,Surapalli(Gram Panchayat)-Nangavalli(Panchayat Samiti)-Salem(Zila Panchayat),11.83869,77.76837,332,15.1,608.2,6.3,7.8,23.5,28.4,0.56,0.01,13,LOW,NORMAL
TN-SLM-633761-181,Salem,Mettur,633761,Thethigiripatti,FULL,227683,Thethigiripatti(Gram Panchayat)-Mecheri(Panchayat Samiti)-Salem(Zila Panchayat),11.80194,77.76236,287,15.3,184.3,16.9,23.3,114.0,65.7,1.87,0.09,42,ELEVATED,MONITORING
TN-SLM-633756-182,Salem,Mettur,633756,Thinnappatti,PART,227636,Dhinnapatti(Gram Panchayat)-Kolathur(Panchayat Samiti)-Salem(Zila Panchayat),11.83447,77.80637,312,16.3,512.1,36.7,19.7,117.8,55.2,1.21,0.11,36,MODERATE,NORMAL
TN-SLM-633756-183,Salem,Mettur,633756,Thinnappatti,PART,227645,Pannavadi(Gram Panchayat)-Kolathur(Panchayat Samiti)-Salem(Zila Panchayat),11.78645,77.82556,263,10.9,561.9,11.6,5.5,28.9,31.7,0.82,0.03,13,LOW,NORMAL
TN-SLM-633790-184,Salem,Mettur,633790,Vanavasi,FULL,227691,Sanarapatti(Gram Panchayat)-Nangavalli(Panchayat Samiti)-Salem(Zila Panchayat),11.76321,77.78158,211,11.2,623.4,18.4,10.0,37.9,50.8,1.09,-0.01,21,MODERATE,NORMAL
TN-SLM-633797-185,Salem,Mettur,633797,Vanavasi R.F.,PART,227694,Veerakkal(Gram Panchayat)-Nangavalli(Panchayat Samiti)-Salem(Zila Panchayat),11.77994,77.78745,392,16.8,466.8,44.8,9.1,20.4,30.7,0.67,0.01,20,LOW,NORMAL
TN-SLM-933045-186,Salem,Mettur,933045,Veerakalputhur,FULL,252456,Veerakkalpudur(Town Panchayat),11.83128,77.79057,337,14.8,387.7,33.6,25.4,101.1,60.0,1.61,0.07,41,ELEVATED,MONITORING
TN-SLM-633776-187,Salem,Mettur,633776,Veerakkal,FULL,227694,Veerakkal(Gram Panchayat)-Nangavalli(Panchayat Samiti)-Salem(Zila Panchayat),11.77125,77.83925,216,11.2,131.4,23.0,2.9,30.0,37.7,0.6,-0.02,11,LOW,NORMAL
TN-SLM-633762-188,Salem,Mettur,633762,Vellar,FULL,227684,Vellar(Gram Panchayat)-Mecheri(Panchayat Samiti)-Salem(Zila Panchayat),11.79574,77.82215,270,15.8,173.8,37.5,7.5,28.8,37.5,0.62,0.03,18,LOW,NORMAL
TN-SLM-633767-189,Salem,Mettur,633767,Virudasampatti,FULL,227685,Virudhasampatti(Gram Panchayat)-Mecheri(Panchayat Samiti)-Salem(Zila Panchayat),11.79181,77.77725,228,11.8,515.9,19.1,6.7,42.4,36.9,0.86,-0.0,14,LOW,NORMAL
TN-SLM-633872-190,Salem,Omalur,633872,Alagusamudram,FULL,227855,Alagusamudram(Gram Panchayat)-Tharamangalam(Panchayat Samiti)-Salem(Zila Panchayat),11.72856,78.05583,252,10.8,224.4,19.1,9.4,28.8,29.2,0.89,0.03,16,LOW,NORMAL
TN-SLM-633843-191,Salem,Omalur,633843,Amarakundhi,FULL,227856,Amaragundhi(Gram Panchayat)-Tharamangalam(Panchayat Samiti)-Salem(Zila Panchayat),11.74432,78.01569,341,7.3,378.4,38.9,7.7,29.1,49.8,0.45,0.0,18,LOW,NORMAL
TN-SLM-932002-192,Salem,Omalur,932002,Anaikavundanpatti,PART,227699,Kottagoundampatti(Gram Panchayat)-Omalur(Panchayat Samiti)-Salem(Zila Panchayat),11.77258,78.00803,372,6.6,348.1,18.5,2.8,35.1,38.6,0.93,0.0,11,LOW,NORMAL
TN-SLM-633864-193,Salem,Omalur,633864,Ariyampatti,FULL,227857,Ariyampatti(Gram Panchayat)-Tharamangalam(Panchayat Samiti)-Salem(Zila Panchayat),11.73863,78.02423,379,4.8,432.6,40.4,20.1,101.8,73.2,1.71,0.08,43,ELEVATED,MONITORING
TN-SLM-633862-194,Salem,Omalur,633862,Arurpatti,FULL,227858,Arurpatti(Gram Panchayat)-Tharamangalam(Panchayat Samiti)-Salem(Zila Panchayat),11.73112,78.05991,238,8.4,629.4,27.5,25.0,102.1,62.8,1.5,0.06,38,MODERATE,NORMAL
TN-SLM-633835-195,Salem,Omalur,633835,Balbakki,FULL,227695,Balbakki(Gram Panchayat)-Omalur(Panchayat Samiti)-Salem(Zila Panchayat),11.72114,78.06096,316,10.1,395.6,27.2,0.5,31.7,28.5,0.91,0.03,12,LOW,NORMAL
TN-SLM-633883-196,Salem,Omalur,633883,Bommiyampatti R.F.,FULL,227617,Bommiyampatti(Gram Panchayat)-Kadayaampatti(Panchayat Samiti)-Salem(Zila Panchayat),11.74174,78.06701,453,8.0,432.9,17.8,0.5,33.3,32.2,0.93,0.01,10,LOW,NORMAL
TN-SLM-633874-197,Salem,Omalur,633874,Chellapillaikuttai,PART,227706,Nallagoundampatti(Gram Panchayat)-Omalur(Panchayat Samiti)-Salem(Zila Panchayat),11.72433,78.02452,363,6.2,348.9,37.0,3.3,24.1,42.5,0.88,-0.0,14,LOW,NORMAL
TN-SLM-633874-198,Salem,Omalur,633874,Chellapillaikuttai,PART,227716,Sellapillaikuttai(Gram Panchayat)-Omalur(Panchayat Samiti)-Salem(Zila Panchayat),11.71247,78.04191,343,9.3,639.6,46.5,8.6,43.1,36.3,0.74,-0.0,17,LOW,NORMAL
TN-SLM-633861-199,Salem,Omalur,633861,Chikkampatti,FULL,227718,Sikkampatty(Gram Panchayat)-Omalur(Panchayat Samiti)-Salem(Zila Panchayat),11.72675,78.05604,333,10.4,79.7,7.7,24.2,96.9,59.1,1.2,0.09,33,MODERATE,NORMAL
TN-SLM-932007-200,Salem,Omalur,932007,Dasavilakku South,FULL,227859,Desavilakku(Gram Panchayat)-Tharamangalam(Panchayat Samiti)-Salem(Zila Panchayat),11.755,78.07526,271,9.1,324.9,38.8,7.2,32.8,33.8,0.51,-0.01,14,LOW,NORMAL
TN-SLM-633870-201,Salem,Omalur,633870,Desavilakku North,PART,227859,Desavilakku(Gram Panchayat)-Tharamangalam(Panchayat Samiti)-Salem(Zila Panchayat),11.72433,78.02452,363,6.2,348.9,37.0,3.3,24.1,42.5,0.88,-0.0,14,LOW,NORMAL
TN-SLM-633870-202,Salem,Omalur,633870,Desavilakku North,PART,227860,Duttampatti(Gram Panchayat)-Tharamangalam(Panchayat Samiti)-Salem(Zila Panchayat),11.71247,78.04191,343,9.3,639.6,46.5,8.6,43.1,36.3,0.74,-0.0,17,LOW,NORMAL
TN-SLM-633866-203,Salem,Omalur,633866,Ellavampatti,FULL,227862,Elavampatti(Gram Panchayat)-Tharamangalam(Panchayat Samiti)-Salem(Zila Panchayat),11.75013,78.00446,325,4.4,382.0,26.4,0.6,20.0,39.0,0.74,-0.0,9,LOW,NORMAL
TN-SLM-633854-204,Salem,Omalur,633854,Ettikuttapatti,FULL,227696,Ettikuttapatti(Gram Panchayat)-Omalur(Panchayat Samiti)-Salem(Zila Panchayat),11.70445,78.06435,364,11.9,392.1,11.2,9.2,28.8,28.8,0.98,-0.0,15,LOW,NORMAL
TN-SLM-633826-205,Salem,Omalur,633826,Gobinathapuram,FULL,227713,S. Chettipatti(Gram Panchayat)-Omalur(Panchayat Samiti)-Salem(Zila Panchayat),11.719,78.06229,307,8.6,170.9,5.1,5.8,25.7,40.8,1.1,0.02,13,LOW,NORMAL
TN-SLM-633879-206,Salem,Omalur,633879,Gundukkal R.F.,FULL,227621,Gundukkal(Gram Panchayat)-Kadayaampatti(Panchayat Samiti)-Salem(Zila Panchayat),11.77229,78.07347,301,9.2,364.8,38.0,5.5,27.0,42.1,1.03,0.01,17,LOW,NORMAL
TN-SLM-633868-207,Salem,Omalur,633868,Idaiyapatti,FULL,227861,Edayapatti(Gram Panchayat)-Tharamangalam(Panchayat Samiti)-Salem(Zila Panchayat),11.74269,78.05821,324,8.2,548.6,26.3,5.4,28.9,46.8,0.46,-0.01,14,LOW,NORMAL
TN-SLM-633830-208,Salem,Omalur,633830,Jagadevampatti,FULL,227727,Vellalapatti(Gram Panchayat)-Omalur(Panchayat Samiti)-Salem(Zila Panchayat),11.71927,78.03266,304,7.5,204.2,28.9,24.6,88.1,75.1,1.73,0.08,45,ELEVATED,MONITORING
TN-SLM-633809-209,Salem,Omalur,633809,Kadayampatti,PART,227617,Bommiyampatti(Gram Panchayat)-Kadayaampatti(Panchayat Samiti)-Salem(Zila Panchayat),11.76384,78.00389,275,11.2,495.3,34.7,10.3,37.5,48.4,0.68,0.0,21,MODERATE,NORMAL
TN-SLM-633809-210,Salem,Omalur,633809,Kadayampatti,PART,227632,Umblickampatti(Gram Panchayat)-Kadayaampatti(Panchayat Samiti)-Salem(Zila Panchayat),11.70385,78.05708,356,8.0,610.9,21.8,6.9,29.5,34.9,1.08,-0.01,14,LOW,NORMAL
TN-SLM-633825-211,Salem,Omalur,633825,Kamalapuram,FULL,227698,Kamalapuram(Gram Panchayat)-Omalur(Panchayat Samiti)-Salem(Zila Panchayat),11.74805,78.0517,346,11.2,627.2,15.6,2.0,26.1,51.9,0.64,-0.02,15,LOW,NORMAL
TN-SLM-633829-212,Salem,Omalur,633829,Kaminaickanpatti.,FULL,227721,Thekkampatti(Gram Panchayat)-Omalur(Panchayat Samiti)-Salem(Zila Panchayat),11.75398,78.01661,341,4.8,597.9,36.0,20.4,93.3,68.1,1.7,0.11,41,ELEVATED,MONITORING
TN-SLM-633884-213,Salem,Omalur,633884,Kanavoipudur R.F.,FULL,227622,Kanavaipudur(Gram Panchayat)-Kadayaampatti(Panchayat Samiti)-Salem(Zila Panchayat),11.73676,78.06045,298,5.4,481.0,23.4,21.1,114.3,58.4,1.7,0.08,34,MODERATE,NORMAL
TN-SLM-633887-214,Salem,Omalur,633887,Kaniyeri R.F.,FULL,227626,Kookuttapatti(Gram Panchayat)-Kadayaampatti(Panchayat Samiti)-Salem(Zila Panchayat),11.76856,78.01536,352,8.4,181.1,35.1,1.5,16.7,47.4,0.69,0.02,16,LOW,NORMAL
TN-SLM-633893-215,Salem,Omalur,633893,Karukkalvadi (Ct),FULL,227863,Karukkalvadi(Gram Panchayat)-Tharamangalam(Panchayat Samiti)-Salem(Zila Panchayat),11.77288,78.02699,350,6.9,159.0,6.7,8.2,41.1,35.6,1.09,-0.02,12,LOW,NORMAL
TN-SLM-633836-216,Salem,Omalur,633836,Karuppanampatti,FULL,227725,U. Maramangalam(Gram Panchayat)-Omalur(Panchayat Samiti)-Salem(Zila Panchayat),11.76493,78.02599,223,7.9,251.2,6.7,6.9,33.5,34.4,0.55,-0.02,9,LOW,NORMAL
TN-SLM-933417-217,Salem,Omalur,933417,Karuppur,FULL,252466,Tharamangalam(Municipality),11.75575,78.05386,247,4.7,353.4,15.1,6.2,20.9,29.8,1.02,0.02,12,LOW,NORMAL
TN-SLM-633886-218,Salem,Omalur,633886,Karuvattuparai R.F.,PART,227618,Danishpet(Gram Panchayat)-Kadayaampatti(Panchayat Samiti)-Salem(Zila Panchayat),11.70534,78.04654,429,11.2,485.8,19.8,15.0,83.4,65.5,1.57,0.08,35,MODERATE,NORMAL
TN-SLM-633886-219,Salem,Omalur,633886,Karuvattuparai R.F.,PART,227626,Kookuttapatti(Gram Panchayat)-Kadayaampatti(Panchayat Samiti)-Salem(Zila Panchayat),11.70742,78.02818,452,9.0,645.0,41.3,15.9,113.1,64.6,1.23,0.08,36,MODERATE,NORMAL
TN-SLM-932000-220,Salem,Omalur,932000,Kasuvireddipatti,FULL,252466,Tharamangalam(Municipality),11.75267,78.0759,266,7.4,317.7,39.2,7.9,40.8,33.3,0.86,-0.02,15,LOW,NORMAL
TN-SLM-633838-221,Salem,Omalur,633838,Kattaperiyampatti,FULL,227725,U. Maramangalam(Gram Panchayat)-Omalur(Panchayat Samiti)-Salem(Zila Panchayat),11.74041,78.04606,300,8.1,263.2,39.2,25.7,84.2,56.0,1.62,0.04,37,MODERATE,NORMAL
TN-SLM-633855-222,Salem,Omalur,633855,Kollappatti,FULL,227697,Gollapatti(Gram Panchayat)-Omalur(Panchayat Samiti)-Salem(Zila Panchayat),11.70666,78.02238,384,11.6,621.1,45.6,18.4,106.4,61.8,1.75,0.07,39,MODERATE,NORMAL
TN-SLM-633890-223,Salem,Omalur,633890,Kottagoundampatty (Ct),FULL,227699,Kottagoundampatti(Gram Panchayat)-Omalur(Panchayat Samiti)-Salem(Zila Panchayat),11.76604,78.07348,317,7.1,372.2,42.8,5.6,25.7,37.0,0.56,0.03,14,LOW,NORMAL
TN-SLM-633834-224,Salem,Omalur,633834,Kottamettupatti,FULL,227701,Kottamettupatti(Gram Panchayat)-Omalur(Panchayat Samiti)-Salem(Zila Panchayat),11.70445,78.06435,364,11.9,392.1,11.2,9.2,28.8,28.8,0.98,-0.0,15,LOW,NORMAL
TN-SLM-633889-225,Salem,Omalur,633889,Kuduvampatti R.F.,FULL,227721,Thekkampatti(Gram Panchayat)-Omalur(Panchayat Samiti)-Salem(Zila Panchayat),11.74272,78.05953,316,9.1,389.2,25.3,3.9,34.9,40.0,0.72,0.01,12,LOW,NORMAL
TN-SLM-633852-226,Salem,Omalur,633852,Kullamanickenpatti,FULL,227701,Kottamettupatti(Gram Panchayat)-Omalur(Panchayat Samiti)-Salem(Zila Panchayat),11.75986,78.0457,382,11.7,494.3,19.9,3.3,32.3,28.6,0.58,0.01,11,LOW,NORMAL
TN-SLM-633892-227,Salem,Omalur,633892,Kurukkupatti (Ct),FULL,227864,Kurukkupatti(Gram Panchayat)-Tharamangalam(Panchayat Samiti)-Salem(Zila Panchayat),11.72572,78.05282,313,5.2,213.9,23.7,19.4,86.1,63.9,1.59,0.09,36,MODERATE,NORMAL
TN-SLM-633880-228,Salem,Omalur,633880,Lokkur R.F.,FULL,227622,Kanavaipudur(Gram Panchayat)-Kadayaampatti(Panchayat Samiti)-Salem(Zila Panchayat),11.77288,78.02699,430,8.6,159.0,6.7,8.2,41.1,35.6,1.09,-0.02,13,LOW,NORMAL
TN-SLM-633832-229,Salem,Omalur,633832,Mailapalaiyam,FULL,227707,Naranampalayam(Gram Panchayat)-Omalur(Panchayat Samiti)-Salem(Zila Panchayat),11.76392,78.00103,229,6.6,174.9,13.0,0.4,33.2,39.9,0.74,0.02,8,LOW,NORMAL
TN-SLM-633842-230,Salem,Omalur,633842,Mallikuttai,FULL,227865,Mallikuttai(Gram Panchayat)-Tharamangalam(Panchayat Samiti)-Salem(Zila Panchayat),11.71247,78.04191,343,9.3,639.6,46.5,8.6,43.1,36.3,0.74,-0.0,17,LOW,NORMAL
TN-SLM-633881-231,Salem,Omalur,633881,Manakondamalai R.F.,PART,227621,Gundukkal(Gram Panchayat)-Kadayaampatti(Panchayat Samiti)-Salem(Zila Panchayat),11.76174,78.06792,352,7.6,481.6,27.4,9.7,42.8,43.9,0.72,0.03,17,LOW,NORMAL
TN-SLM-633881-232,Salem,Omalur,633881,Manakondamalai R.F.,PART,227628,Nadupatti(Gram Panchayat)-Kadayaampatti(Panchayat Samiti)-Salem(Zila Panchayat),11.76604,78.07348,397,8.9,372.2,42.8,1.5,17.3,40.0,0.43,-0.0,12,LOW,NORMAL
TN-SLM-633841-233,Salem,Omalur,633841,Manathal,FULL,227866,Manathal(Gram Panchayat)-Tharamangalam(Panchayat Samiti)-Salem(Zila Panchayat),11.72557,78.06842,210,8.9,302.1,29.6,1.1,21.0,39.5,0.86,0.01,12,LOW,NORMAL
TN-SLM-633876-234,Salem,Omalur,633876,Manguppai,FULL,227703,Manguppai(Gram Panchayat)-Omalur(Panchayat Samiti)-Salem(Zila Panchayat),11.76062,78.01962,333,8.0,284.1,9.6,20.3,82.0,68.9,1.59,0.05,37,MODERATE,NORMAL
TN-SLM-633860-235,Salem,Omalur,633860,M.Chettipatti,FULL,227702,M. Chettipatti(Gram Panchayat)-Omalur(Panchayat Samiti)-Salem(Zila Panchayat),11.73884,78.00131,221,11.2,544.3,7.2,3.6,25.8,44.8,0.79,-0.01,12,LOW,NORMAL
TN-SLM-633857-236,Salem,Omalur,633857,Mungilpadi,FULL,227704,Moogilpadi(Gram Panchayat)-Omalur(Panchayat Samiti)-Salem(Zila Panchayat),11.74693,78.07335,254,6.8,126.8,5.4,11.7,37.0,30.3,0.8,0.03,13,LOW,NORMAL
TN-SLM-633873-237,Salem,Omalur,633873,Muthunaickenpatti,PART,227705,Muthunaikenpatti(Gram Panchayat)-Omalur(Panchayat Samiti)-Salem(Zila Panchayat),11.76062,78.01962,333,8.0,284.1,9.6,20.3,82.0,68.9,1.59,0.05,37,MODERATE,NORMAL
TN-SLM-633873-238,Salem,Omalur,633873,Muthunaickenpatti,PART,227717,Semmankoodal(Gram Panchayat)-Omalur(Panchayat Samiti)-Salem(Zila Panchayat),11.77853,78.04123,301,6.1,266.7,31.8,11.9,32.2,48.6,0.75,-0.02,19,LOW,NORMAL
TN-SLM-633833-239,Salem,Omalur,633833,Naranampalayam,FULL,227707,Naranampalayam(Gram Panchayat)-Omalur(Panchayat Samiti)-Salem(Zila Panchayat),11.71247,78.04191,343,9.3,639.6,46.5,8.6,43.1,36.3,0.74,-0.0,17,LOW,NORMAL
TN-SLM-633851-240,Salem,Omalur,633851,Omalur,FULL,227700,Kottamariammankoil(Gram Panchayat)-Omalur(Panchayat Samiti)-Salem(Zila Panchayat),11.72535,78.00388,256,7.9,161.9,22.5,0.2,27.8,49.9,0.57,-0.01,13,LOW,NORMAL
TN-SLM-633850-241,Salem,Omalur,633850,Pachanampatti,FULL,227708,Pachanampatti(Gram Panchayat)-Omalur(Panchayat Samiti)-Salem(Zila Panchayat),11.72535,78.00388,256,7.9,161.9,22.5,0.2,27.8,49.9,0.57,-0.01,13,LOW,NORMAL
TN-SLM-633875-242,Salem,Omalur,633875,Pagalpatti,FULL,227709,Pagalpatti(Gram Panchayat)-Omalur(Panchayat Samiti)-Salem(Zila Panchayat),11.7234,78.02714,326,7.8,204.3,22.2,6.3,27.3,31.6,0.71,0.0,12,LOW,NORMAL
TN-SLM-633867-243,Salem,Omalur,633867,Panikkanur,FULL,227867,Panikkanur(Gram Panchayat)-Tharamangalam(Panchayat Samiti)-Salem(Zila Panchayat),11.76062,78.01962,333,8.0,284.1,9.6,20.3,82.0,68.9,1.59,0.05,37,MODERATE,NORMAL
TN-SLM-633837-244,Salem,Omalur,633837,Panjakalipatti,FULL,227725,U. Maramangalam(Gram Panchayat)-Omalur(Panchayat Samiti)-Salem(Zila Panchayat),11.77157,78.07726,372,11.4,522.6,18.4,9.1,43.8,43.6,0.89,0.0,17,LOW,NORMAL
TN-SLM-633888-245,Salem,Omalur,633888,Pannikaradu R.F.,FULL,227724,Thumbipadi(Gram Panchayat)-Omalur(Panchayat Samiti)-Salem(Zila Panchayat),11.72808,78.01728,401,15.0,477.9,5.3,23.1,111.8,58.8,1.49,0.08,35,MODERATE,NORMAL
TN-SLM-633869-246,Salem,Omalur,633869,Pappambadi,FULL,227868,Pappampadi(Gram Panchayat)-Tharamangalam(Panchayat Samiti)-Salem(Zila Panchayat),11.77616,78.04387,290,5.3,114.7,44.9,3.1,24.2,50.8,1.06,0.02,20,LOW,NORMAL
TN-SLM-633847-247,Salem,Omalur,633847,Periyerippatti,FULL,227710,Periyeripatti(Gram Panchayat)-Omalur(Panchayat Samiti)-Salem(Zila Panchayat),11.72959,78.05756,267,11.3,404.9,19.7,21.4,115.4,75.1,1.81,0.11,45,ELEVATED,MONITORING
TN-SLM-633859-248,Salem,Omalur,633859,Puliyampatti,FULL,227712,Puliampatti(Gram Panchayat)-Omalur(Panchayat Samiti)-Salem(Zila Panchayat),11.76212,78.02428,365,10.4,243.5,23.2,1.0,17.7,40.1,0.81,0.02,12,LOW,NORMAL
TN-SLM-633878-249,Salem,Omalur,633878,Ramasamimalai R.F.,PART,227625,Kongupatti(Gram Panchayat)-Kadayaampatti(Panchayat Samiti)-Salem(Zila Panchayat),11.76811,78.03317,440,14.4,529.5,12.1,10.0,40.4,46.4,1.06,-0.02,19,LOW,NORMAL
TN-SLM-633863-250,Salem,Omalur,633863,Ramireddipatti,FULL,227869,Ramireddipatti(Gram Panchayat)-Tharamangalam(Panchayat Samiti)-Salem(Zila Panchayat),11.76604,78.07348,317,7.1,372.2,42.8,5.6,25.7,37.0,0.56,0.03,14,LOW,NORMAL
TN-SLM-633848-251,Salem,Omalur,633848,Reddipatti,FULL,227710,Periyeripatti(Gram Panchayat)-Omalur(Panchayat Samiti)-Salem(Zila Panchayat),11.76632,78.04819,265,9.9,419.3,38.4,18.4,95.1,73.6,1.81,0.08,44,ELEVATED,MONITORING
TN-SLM-633827-252,Salem,Omalur,633827,Sakkarachettipatti,FULL,227713,S. Chettipatti(Gram Panchayat)-Omalur(Panchayat Samiti)-Salem(Zila Panchayat),11.74174,78.06701,373,6.4,432.9,17.8,9.5,30.9,34.5,0.94,-0.01,14,LOW,NORMAL
TN-SLM-633877-253,Salem,Omalur,633877,Saminayakkanpatti,PART,227703,Manguppai(Gram Panchayat)-Omalur(Panchayat Samiti)-Salem(Zila Panchayat),11.76876,78.06946,346,8.8,149.9,46.1,11.7,35.4,39.2,1.02,-0.01,19,LOW,NORMAL
TN-SLM-633877-254,Salem,Omalur,633877,Saminayakkanpatti,PART,227714,Saminaikenpatti(Gram Panchayat)-Omalur(Panchayat Samiti)-Salem(Zila Panchayat),11.77344,78.03243,313,7.4,358.0,11.4,1.1,18.1,30.8,0.48,-0.01,7,LOW,NORMAL
TN-SLM-633858-255,Salem,Omalur,633858,Sangitapatti,FULL,227715,Sangeethapatti(Gram Panchayat)-Omalur(Panchayat Samiti)-Salem(Zila Panchayat),11.76604,78.07348,317,7.1,372.2,42.8,5.6,25.7,37.0,0.56,0.03,14,LOW,NORMAL
TN-SLM-633853-256,Salem,Omalur,633853,Sekkarapatti,FULL,227696,Ettikuttapatti(Gram Panchayat)-Omalur(Panchayat Samiti)-Salem(Zila Panchayat),11.74277,78.03689,274,11.5,558.7,17.8,6.8,43.1,48.8,0.79,-0.0,18,LOW,NORMAL
TN-SLM-633865-257,Salem,Omalur,633865,Selavadi,FULL,227870,Selavadai(Gram Panchayat)-Tharamangalam(Panchayat Samiti)-Salem(Zila Panchayat),11.76911,78.00559,292,9.5,177.5,40.9,19.3,102.5,73.3,1.67,0.1,44,ELEVATED,MONITORING
TN-SLM-933415-258,Salem,Omalur,933415,Tharamangalam,FULL,252466,Tharamangalam(Municipality),11.7071,78.00331,381,11.1,115.8,21.5,28.2,110.2,62.9,1.26,0.06,39,MODERATE,NORMAL
TN-SLM-633828-259,Salem,Omalur,633828,Thathayangarpatti,FULL,227721,Thekkampatti(Gram Panchayat)-Omalur(Panchayat Samiti)-Salem(Zila Panchayat),11.72464,78.04295,306,10.4,522.9,10.1,2.4,19.4,36.8,0.64,-0.02,9,LOW,NORMAL
TN-SLM-633856-260,Salem,Omalur,633856,Thekkampatti,FULL,227721,Thekkampatti(Gram Panchayat)-Omalur(Panchayat Samiti)-Salem(Zila Panchayat),11.77609,78.02784,319,9.2,639.0,20.8,4.4,33.3,39.6,0.57,-0.01,11,LOW,NORMAL
TN-SLM-633844-261,Salem,Omalur,633844,Tholasampatti,FULL,227723,Tholasampatti(Gram Panchayat)-Omalur(Panchayat Samiti)-Salem(Zila Panchayat),11.70742,78.02818,372,7.2,645.0,41.3,15.9,113.1,64.6,1.23,0.08,35,MODERATE,NORMAL
TN-SLM-633845-262,Salem,Omalur,633845,Thondumaniyam,FULL,227710,Periyeripatti(Gram Panchayat)-Omalur(Panchayat Samiti)-Salem(Zila Panchayat),11.76212,78.02428,365,10.4,243.5,23.2,1.0,17.7,40.1,0.81,0.02,12,LOW,NORMAL
TN-SLM-633849-263,Salem,Omalur,633849,Tindamangalam,FULL,227722,Thindamangalam(Gram Panchayat)-Omalur(Panchayat Samiti)-Salem(Zila Panchayat),11.76174,78.06792,272,6.1,481.6,27.4,9.7,42.8,43.9,0.72,0.03,17,LOW,NORMAL
TN-SLM-633871-264,Salem,Omalur,633871,T.Konagapadi,FULL,227871,T.Konagapadi(Gram Panchayat)-Tharamangalam(Panchayat Samiti)-Salem(Zila Panchayat),11.70633,78.00534,321,8.2,262.4,6.9,9.0,38.6,48.2,0.69,0.0,15,LOW,NORMAL
TN-SLM-633840-265,Salem,Omalur,633840,T.Maramangalam,FULL,227723,Tholasampatti(Gram Panchayat)-Omalur(Panchayat Samiti)-Salem(Zila Panchayat),11.70742,78.02818,372,7.2,645.0,41.3,15.9,113.1,64.6,1.23,0.08,35,MODERATE,NORMAL
TN-SLM-633839-266,Salem,Omalur,633839,Umbilikamaramangalam,FULL,227725,U. Maramangalam(Gram Panchayat)-Omalur(Panchayat Samiti)-Salem(Zila Panchayat),11.70742,78.02818,372,7.2,645.0,41.3,15.9,113.1,64.6,1.23,0.08,35,MODERATE,NORMAL
TN-SLM-633846-267,Salem,Omalur,633846,Vedappatti,FULL,227710,Periyeripatti(Gram Panchayat)-Omalur(Panchayat Samiti)-Salem(Zila Panchayat),11.76604,78.07348,317,7.1,372.2,42.8,5.6,25.7,37.0,0.56,0.03,14,LOW,NORMAL
TN-SLM-633891-268,Salem,Omalur,633891,Vellakkalpatty (Ct),FULL,227726,Vellakkalpatti(Gram Panchayat)-Omalur(Panchayat Samiti)-Salem(Zila Panchayat),11.76615,78.07733,320,5.4,209.4,8.4,7.3,24.8,49.7,0.72,0.02,15,LOW,NORMAL
TN-SLM-633831-269,Salem,Omalur,633831,Vellalapatti,FULL,227727,Vellalapatti(Gram Panchayat)-Omalur(Panchayat Samiti)-Salem(Zila Panchayat),11.75787,78.03541,239,8.9,583.9,28.6,29.1,96.6,67.3,1.84,0.09,45,ELEVATED,MONITORING
TN-SLM-633885-270,Salem,Omalur,633885,Yerimalai R.F.,FULL,227622,Kanavaipudur(Gram Panchayat)-Kadayaampatti(Panchayat Samiti)-Salem(Zila Panchayat),11.7214,78.05771,439,12.5,368.2,45.8,27.9,104.8,75.7,1.72,0.05,50,ELEVATED,MONITORING
TN-SLM-931880-271,Salem,Pethanaickanpalayam,931880,Abinavam,FULL,252489,Ethapur(Town Panchayat),11.66433,78.49306,223,14.8,155.5,21.6,24.2,81.7,55.7,1.49,0.05,36,MODERATE,NORMAL
TN-SLM-634242-272,Salem,Pethanaickanpalayam,634242,Adiyanur,FULL,227766,P.K.Hills Keelnadu(Gram Panchayat)-P.N.Palayam(Panchayat Samiti)-Salem(Zila Panchayat),11.60627,78.46532,254,14.8,160.9,18.7,25.8,118.0,60.9,1.83,0.09,41,ELEVATED,MONITORING
TN-SLM-634276-273,Salem,Pethanaickanpalayam,634276,Ariyapalayam,FULL,227750,Ariyapalayam(Gram Panchayat)-P.N.Palayam(Panchayat Samiti)-Salem(Zila Panchayat),11.65004,78.52127,294,14.2,383.2,27.4,27.2,116.4,59.5,1.78,0.09,42,ELEVATED,MONITORING
TN-SLM-634245-274,Salem,Pethanaickanpalayam,634245,Belurkaradipatti,FULL,227751,B.Karadipatty(Gram Panchayat)-P.N.Palayam(Panchayat Samiti)-Salem(Zila Panchayat),11.65845,78.51241,274,18.9,419.5,45.5,8.8,27.6,38.1,1.0,0.0,22,MODERATE,NORMAL
TN-SLM-634229-275,Salem,Pethanaickanpalayam,634229,Chinnakalrayanhillstherkkunadu,FULL,227752,C.K.Hills Therkku Nadu(Gram Panchayat)-P.N.Palayam(Panchayat Samiti)-Salem(Zila Panchayat),11.62822,78.52266,399,12.0,405.9,9.2,4.9,42.1,34.4,0.49,0.02,11,LOW,NORMAL
TN-SLM-634230-276,Salem,Pethanaickanpalayam,634230,Chinnakalrayanhillsvadakkunadu,FULL,227753,C.K.Hills Vadakku Nadu(Gram Panchayat)-P.N.Palayam(Panchayat Samiti)-Salem(Zila Panchayat),11.66843,78.4802,355,14.1,622.9,20.1,0.8,34.7,39.7,0.72,-0.02,11,LOW,NORMAL
TN-SLM-634248-277,Salem,Pethanaickanpalayam,634248,Chinnaksrishnapuram,FULL,227754,Chinnakrishnapuram(Gram Panchayat)-P.N.Palayam(Panchayat Samiti)-Salem(Zila Panchayat),11.62414,78.47258,296,18.5,637.7,23.2,24.4,79.3,73.9,1.35,0.07,46,ELEVATED,MONITORING
TN-SLM-931881-278,Salem,Pethanaickanpalayam,931881,Chinnamasamuthiram,FULL,252490,Pethanaickenpalayam(Town Panchayat),11.61921,78.50929,268,14.6,217.5,30.1,2.4,18.4,32.4,0.58,-0.01,13,LOW,NORMAL
TN-SLM-634272-279,Salem,Pethanaickanpalayam,634272,Dalavaipatty,FULL,227755,Thalavaipatty(Gram Panchayat)-P.N.Palayam(Panchayat Samiti)-Salem(Zila Panchayat),11.67116,78.50725,399,18.2,147.7,5.7,12.0,33.4,31.3,0.47,-0.01,15,LOW,NORMAL
TN-SLM-931883-280,Salem,Pethanaickanpalayam,931883,Errammasamudram,FULL,252490,Pethanaickenpalayam(Town Panchayat),11.62662,78.52997,293,12.5,72.6,18.9,7.9,31.0,36.5,0.91,-0.01,15,LOW,NORMAL
TN-SLM-634278-281,Salem,Pethanaickanpalayam,634278,Ettapur Karadipatti,FULL,227748,A.Karadipatty(Gram Panchayat)-P.N.Palayam(Panchayat Samiti)-Salem(Zila Panchayat),11.63858,78.52282,385,17.4,276.5,29.2,6.4,41.2,49.0,0.65,0.02,21,MODERATE,NORMAL
TN-SLM-634283-282,Salem,Pethanaickanpalayam,634283,Gopalapuram,FULL,227757,Gopalapuram(Gram Panchayat)-P.N.Palayam(Panchayat Samiti)-Salem(Zila Panchayat),11.6779,78.48628,297,19.0,267.1,21.4,9.3,28.5,44.2,1.09,-0.0,21,MODERATE,NORMAL
TN-SLM-634231-283,Salem,Pethanaickanpalayam,634231,Idaiyappatti,FULL,227756,Edayapatty(Gram Panchayat)-P.N.Palayam(Panchayat Samiti)-Salem(Zila Panchayat),11.60627,78.46532,254,14.8,160.9,18.7,25.8,118.0,60.9,1.83,0.09,41,ELEVATED,MONITORING
TN-SLM-634281-284,Salem,Pethanaickanpalayam,634281,Kalarampatty,FULL,227758,Kalarampatty(Gram Panchayat)-P.N.Palayam(Panchayat Samiti)-Salem(Zila Panchayat),11.6779,78.48628,297,19.0,267.1,21.4,9.3,28.5,44.2,1.09,-0.0,21,MODERATE,NORMAL
TN-SLM-634236-285,Salem,Pethanaickanpalayam,634236,Kalleripatty,FULL,227759,Kalleripatty(Gram Panchayat)-P.N.Palayam(Panchayat Samiti)-Salem(Zila Panchayat),11.66239,78.52735,366,12.8,375.7,10.7,18.9,103.7,62.2,1.97,0.07,37,MODERATE,NORMAL
TN-SLM-634235-286,Salem,Pethanaickanpalayam,634235,Kalyanagiri,FULL,227760,Kalyanagiri(Gram Panchayat)-P.N.Palayam(Panchayat Samiti)-Salem(Zila Panchayat),11.66239,78.52735,366,12.8,375.7,10.7,18.9,103.7,62.2,1.97,0.07,37,MODERATE,NORMAL
TN-SLM-634239-287,Salem,Pethanaickanpalayam,634239,Kariakoilvalavu,FULL,227767,P.K.Hills Meelnadu(Gram Panchayat)-P.N.Palayam(Panchayat Samiti)-Salem(Zila Panchayat),11.67646,78.49187,373,15.3,451.2,43.0,29.4,92.8,60.6,1.75,0.1,46,ELEVATED,MONITORING
TN-SLM-634259-288,Salem,Pethanaickanpalayam,634259,Kilavarai,FULL,227766,P.K.Hills Keelnadu(Gram Panchayat)-P.N.Palayam(Panchayat Samiti)-Salem(Zila Panchayat),11.61478,78.51433,283,15.2,607.9,41.9,7.9,34.7,47.4,0.95,-0.02,22,MODERATE,NORMAL
TN-SLM-634238-289,Salem,Pethanaickanpalayam,634238,Koilputhur,FULL,227767,P.K.Hills Meelnadu(Gram Panchayat)-P.N.Palayam(Panchayat Samiti)-Salem(Zila Panchayat),11.61868,78.48191,325,15.1,117.2,29.0,9.3,32.3,32.8,0.71,-0.01,17,LOW,NORMAL
TN-SLM-634244-290,Salem,Pethanaickanpalayam,634244,Kottavadi,FULL,227761,Kottavadi(Gram Panchayat)-P.N.Palayam(Panchayat Samiti)-Salem(Zila Panchayat),11.60044,78.4915,317,14.4,245.6,5.3,10.3,40.9,46.4,0.63,0.01,17,LOW,NORMAL
TN-SLM-634234-291,Salem,Pethanaickanpalayam,634234,Kumarapalayam,FULL,227749,A.Komarapalayam(Gram Panchayat)-P.N.Palayam(Panchayat Samiti)-Salem(Zila Panchayat),11.62414,78.47258,296,18.5,637.7,23.2,24.4,79.3,73.9,1.35,0.07,46,ELEVATED,MONITORING
TN-SLM-634240-292,Salem,Pethanaickanpalayam,634240,Kunnur,FULL,227766,P.K.Hills Keelnadu(Gram Panchayat)-P.N.Palayam(Panchayat Samiti)-Salem(Zila Panchayat),11.66673,78.46514,359,18.8,227.6,45.9,2.2,25.8,34.0,0.68,0.01,17,LOW,NORMAL
TN-SLM-634228-293,Salem,Pethanaickanpalayam,634228,Malayalapatti,FULL,227770,Pappanaickenpatty(Gram Panchayat)-P.N.Palayam(Panchayat Samiti)-Salem(Zila Panchayat),11.66239,78.52735,366,12.8,375.7,10.7,18.9,103.7,62.2,1.97,0.07,37,MODERATE,NORMAL
TN-SLM-634237-294,Salem,Pethanaickanpalayam,634237,Mannur,FULL,227767,P.K.Hills Meelnadu(Gram Panchayat)-P.N.Palayam(Panchayat Samiti)-Salem(Zila Panchayat),11.67601,78.50608,375,18.3,573.1,40.9,8.3,41.9,38.0,0.65,-0.02,18,LOW,NORMAL
TN-SLM-634246-295,Salem,Pethanaickanpalayam,634246,Mettudaiyampalayam,FULL,227762,Mettudayarpalayam(Gram Panchayat)-P.N.Palayam(Panchayat Samiti)-Salem(Zila Panchayat),11.61215,78.53215,254,12.4,375.5,39.6,4.9,23.0,46.8,1.06,-0.0,20,LOW,NORMAL
TN-SLM-634254-296,Salem,Pethanaickanpalayam,634254,Mettupalayam,FULL,227755,Thalavaipatty(Gram Panchayat)-P.N.Palayam(Panchayat Samiti)-Salem(Zila Panchayat),11.61034,78.48025,230,13.0,219.6,14.6,1.9,23.0,29.2,0.55,0.02,10,LOW,NORMAL
TN-SLM-634275-297,Salem,Pethanaickanpalayam,634275,Muthakavandanur,FULL,227763,Muthagoundanoor(Gram Panchayat)-P.N.Palayam(Panchayat Samiti)-Salem(Zila Panchayat),11.63714,78.50974,333,15.7,74.4,44.2,9.7,42.2,31.6,1.09,0.02,22,MODERATE,NORMAL
TN-SLM-634226-298,Salem,Pethanaickanpalayam,634226,Neyyamalai,FULL,227756,Edayapatty(Gram Panchayat)-P.N.Palayam(Panchayat Samiti)-Salem(Zila Panchayat),11.6208,78.49572,370,15.1,272.0,7.6,10.5,33.8,38.7,0.65,-0.01,14,LOW,NORMAL
TN-SLM-634273-299,Salem,Pethanaickanpalayam,634273,Oddapatty,FULL,227764,Ottapatty(Gram Panchayat)-P.N.Palayam(Panchayat Samiti)-Salem(Zila Panchayat),11.63714,78.50974,333,15.7,74.4,44.2,9.7,42.2,31.6,1.09,0.02,22,MODERATE,NORMAL
TN-SLM-634252-300,Salem,Pethanaickanpalayam,634252,Olaipadi,FULL,227765,Olappady(Gram Panchayat)-P.N.Palayam(Panchayat Samiti)-Salem(Zila Panchayat),11.62474,78.52434,382,14.8,537.7,37.9,3.7,27.1,37.0,0.57,0.03,15,LOW,NORMAL
TN-SLM-634271-301,Salem,Pethanaickanpalayam,634271,Palaniyapuri,FULL,227768,Palaniyapuri(Gram Panchayat)-P.N.Palayam(Panchayat Samiti)-Salem(Zila Panchayat),11.63714,78.50974,333,15.7,74.4,44.2,9.7,42.2,31.6,1.09,0.02,22,MODERATE,NORMAL
TN-SLM-634232-302,Salem,Pethanaickanpalayam,634232,Panaimadal,PART,227769,Panamadal(Gram Panchayat)-P.N.Palayam(Panchayat Samiti)-Salem(Zila Panchayat),11.60044,78.4915,317,14.4,245.6,5.3,10.3,40.9,46.4,0.63,0.01,17,LOW,NORMAL
TN-SLM-634232-303,Salem,Pethanaickanpalayam,634232,Panaimadal,PART,227775,Thandanur(Gram Panchayat)-P.N.Palayam(Panchayat Samiti)-Salem(Zila Panchayat),11.61475,78.49085,336,13.8,408.8,11.7,5.4,31.2,44.9,0.81,-0.02,15,LOW,NORMAL
TN-SLM-634247-304,Salem,Pethanaickanpalayam,634247,Periakriashnapuram,PART,227771,Periyakrishnapuram(Gram Panchayat)-P.N.Palayam(Panchayat Samiti)-Salem(Zila Panchayat),11.67116,78.50725,399,18.2,147.7,5.7,12.0,33.4,31.3,0.47,-0.01,15,LOW,NORMAL
TN-SLM-634247-305,Salem,Pethanaickanpalayam,634247,Periakriashnapuram,PART,227780,Vaithiyagoundanpudur(Gram Panchayat)-P.N.Palayam(Panchayat Samiti)-Salem(Zila Panchayat),11.62474,78.52434,382,14.8,537.7,37.9,3.7,27.1,37.0,0.57,0.03,15,LOW,NORMAL
TN-SLM-933421-306,Salem,Pethanaickanpalayam,933421,Pethanaickenpalayam,FULL,252490,Pethanaickenpalayam(Town Panchayat),11.63055,78.47535,377,16.4,92.2,8.0,27.7,116.3,58.7,1.28,0.06,37,MODERATE,NORMAL
TN-SLM-634250-307,Salem,Pethanaickanpalayam,634250,Puthiragoundampalayam,PART,227772,Puthiragoundanpalayam(Gram Panchayat)-P.N.Palayam(Panchayat Samiti)-Salem(Zila Panchayat),11.60097,78.52588,353,17.6,618.7,39.6,28.3,119.9,67.4,1.3,0.04,45,ELEVATED,MONITORING
TN-SLM-634250-308,Salem,Pethanaickanpalayam,634250,Puthiragoundampalayam,PART,227781,Veeragoundanoor(Gram Panchayat)-P.N.Palayam(Panchayat Samiti)-Salem(Zila Panchayat),11.61831,78.49373,356,18.3,636.5,46.1,28.7,111.8,64.6,1.85,0.09,49,ELEVATED,MONITORING
TN-SLM-634282-309,Salem,Pethanaickanpalayam,634282,Rangappanaickenpalayam,FULL,227757,Gopalapuram(Gram Panchayat)-P.N.Palayam(Panchayat Samiti)-Salem(Zila Panchayat),11.6302,78.4719,315,12.4,65.4,11.6,1.3,24.0,33.8,0.81,-0.01,10,LOW,NORMAL
TN-SLM-634233-310,Salem,Pethanaickanpalayam,634233,Sekkadipatti,PART,227773,Sekkadipatty(Gram Panchayat)-P.N.Palayam(Panchayat Samiti)-Salem(Zila Panchayat),11.62848,78.51241,259,12.7,601.0,19.0,24.4,109.0,57.4,1.77,0.11,38,MODERATE,NORMAL
TN-SLM-634233-311,Salem,Pethanaickanpalayam,634233,Sekkadipatti,PART,227782,Vellalapatty(Gram Panchayat)-P.N.Palayam(Panchayat Samiti)-Salem(Zila Panchayat),11.66993,78.47999,282,12.0,306.5,15.9,5.8,34.8,33.7,0.46,-0.01,11,LOW,NORMAL
TN-SLM-634241-312,Salem,Pethanaickanpalayam,634241,Soolankurichi,FULL,227766,P.K.Hills Keelnadu(Gram Panchayat)-P.N.Palayam(Panchayat Samiti)-Salem(Zila Panchayat),11.61569,78.51137,353,13.0,350.8,5.0,9.2,24.5,42.0,0.65,0.03,14,LOW,NORMAL
TN-SLM-634279-313,Salem,Pethanaickanpalayam,634279,Thamayanur,FULL,227774,Tamayanur(Gram Panchayat)-P.N.Palayam(Panchayat Samiti)-Salem(Zila Panchayat),11.62261,78.48243,330,12.4,573.4,22.3,29.9,82.6,60.8,1.85,0.08,43,ELEVATED,MONITORING
TN-SLM-634274-314,Salem,Pethanaickanpalayam,634274,Thennampillaiyur,FULL,227776,Thennampillaiyur(Gram Panchayat)-P.N.Palayam(Panchayat Samiti)-Salem(Zila Panchayat),11.60505,78.53981,220,11.9,192.8,26.0,1.1,17.5,47.9,0.4,0.01,14,LOW,NORMAL
TN-SLM-931885-315,Salem,Pethanaickanpalayam,931885,Thirumalainamasamudram,FULL,252490,Pethanaickenpalayam(Town Panchayat),11.66067,78.51805,316,13.5,492.5,35.1,10.9,36.0,31.3,1.09,0.02,20,LOW,NORMAL
TN-SLM-634227-316,Salem,Pethanaickanpalayam,634227,Tumbal,FULL,227777,Thumbal(Gram Panchayat)-P.N.Palayam(Panchayat Samiti)-Salem(Zila Panchayat),11.62848,78.51241,259,12.7,601.0,19.0,24.4,109.0,57.4,1.77,0.11,38,MODERATE,NORMAL
TN-SLM-634277-317,Salem,Pethanaickanpalayam,634277,Umayalpuram,FULL,227778,Umayalpuram(Gram Panchayat)-P.N.Palayam(Panchayat Samiti)-Salem(Zila Panchayat),11.66765,78.53748,399,19.1,419.6,41.1,11.2,39.8,28.5,0.93,0.01,22,MODERATE,NORMAL
TN-SLM-634249-318,Salem,Pethanaickanpalayam,634249,Vadakuttampatti,FULL,227779,Vadugathampatty(Gram Panchayat)-P.N.Palayam(Panchayat Samiti)-Salem(Zila Panchayat),11.66008,78.48694,329,11.6,627.4,19.8,19.2,99.5,56.8,1.61,0.08,34,MODERATE,NORMAL
TN-SLM-634251-319,Salem,Pethanaickanpalayam,634251,Virakavundanur,FULL,227781,Veeragoundanoor(Gram Panchayat)-P.N.Palayam(Panchayat Samiti)-Salem(Zila Panchayat),11.66382,78.47084,389,15.9,117.2,11.1,2.2,33.3,46.9,1.1,0.01,17,LOW,NORMAL
TN-SLM-634280-320,Salem,Pethanaickanpalayam,634280,West Rajapalayam,FULL,227783,West Rajapalayam(Gram Panchayat)-P.N.Palayam(Panchayat Samiti)-Salem(Zila Panchayat),11.63602,78.53026,271,13.6,129.4,47.8,11.0,41.1,41.7,0.79,-0.0,21,MODERATE,NORMAL
TN-SLM-933424-321,Salem,Pethanaickanpalayam,933424,Yethapur,FULL,252489,Ethapur(Town Panchayat),11.63694,78.5042,246,15.4,525.9,18.6,1.3,23.4,42.1,0.98,0.01,14,LOW,NORMAL
TN-SLM-633972-322,Salem,Salem,633972,Achanguttaipatti,FULL,227562,Aachankuttapatti(Gram Panchayat)-Ayothiyapattinam(Panchayat Samiti)-Salem(Zila Panchayat),11.66743,78.15834,249,6.0,400.7,25.5,4.9,32.4,36.6,0.88,0.03,13,LOW,NORMAL
TN-SLM-633970-323,Salem,Salem,633970,Achanguttapattipudur,FULL,227562,Aachankuttapatti(Gram Panchayat)-Ayothiyapattinam(Panchayat Samiti)-Salem(Zila Panchayat),11.66926,78.13567,345,6.1,608.0,45.7,11.8,36.4,45.6,1.02,0.03,22,MODERATE,NORMAL
TN-SLM-633982-324,Salem,Salem,633982,Adikarapatti,FULL,227563,Adhikaripatti(Gram Panchayat)-Ayothiyapattinam(Panchayat Samiti)-Salem(Zila Panchayat),11.65849,78.15655,340,4.7,158.6,8.7,28.4,102.5,73.3,1.35,0.08,41,ELEVATED,MONITORING
TN-SLM-634046-325,Salem,Salem,634046,Adimalaipatti,FULL,227746,Thumbalpatti(Gram Panchayat)-Panamarathupatti(Panchayat Samiti)-Salem(Zila Panchayat),11.62867,78.16031,323,5.9,387.7,42.7,0.5,28.7,39.5,0.48,0.01,11,LOW,NORMAL
TN-SLM-961616-326,Salem,Salem,961616,Allikuttai,N/A,N/A,N/A,11.69472,78.16673,255,4.8,63.4,20.2,9.0,35.8,42.6,1.04,-0.01,15,LOW,NORMAL
TN-SLM-634036-327,Salem,Salem,634036,Ammapalayam,FULL,227729,Ammapalayam(Gram Panchayat)-Panamarathupatti(Panchayat Samiti)-Salem(Zila Panchayat),11.63485,78.17309,208,8.0,309.1,42.4,23.4,103.9,66.6,1.75,0.06,42,ELEVATED,MONITORING
TN-SLM-961613-328,Salem,Salem,961613,Ammapettai Rural,N/A,N/A,N/A,11.66626,78.1494,237,11.0,415.6,44.2,18.7,77.6,69.3,1.77,0.05,42,ELEVATED,MONITORING
TN-SLM-961631-329,Salem,Salem,961631,Ammapettai South,N/A,N/A,N/A,11.66266,78.13775,276,7.6,73.5,45.0,24.2,111.7,66.1,1.45,0.08,42,ELEVATED,MONITORING
TN-SLM-961612-330,Salem,Salem,961612,Ammapettai Town,N/A,N/A,N/A,11.69472,78.16673,255,4.8,63.4,20.2,9.0,35.8,42.6,1.04,-0.01,15,LOW,NORMAL
TN-SLM-633971-331,Salem,Salem,633971,Aramanur,FULL,227562,Aachankuttapatti(Gram Panchayat)-Ayothiyapattinam(Panchayat Samiti)-Salem(Zila Panchayat),11.69123,78.11629,357,10.2,182.8,13.9,8.1,28.6,46.6,0.7,0.02,16,LOW,NORMAL
TN-SLM-634029-332,Salem,Salem,634029,Bairoji,FULL,227897,Inambairoji(Gram Panchayat)-Veerapandy(Panchayat Samiti)-Salem(Zila Panchayat),11.62613,78.15424,368,11.1,626.5,6.8,0.0,12.7,40.0,0.45,0.02,7,LOW,NORMAL
TN-SLM-633980-333,Salem,Salem,633980,Chinnanur,FULL,227567,Chinnanur(Gram Panchayat)-Ayothiyapattinam(Panchayat Samiti)-Salem(Zila Panchayat),11.67343,78.17038,288,11.4,84.4,47.1,15.2,105.9,63.5,1.9,0.05,39,MODERATE,NORMAL
TN-SLM-961617-334,Salem,Salem,961617,Chinna Thirupathi,N/A,N/A,N/A,11.69947,78.13591,364,9.2,388.2,20.1,3.5,30.2,37.4,0.63,0.02,11,LOW,NORMAL
TN-SLM-634054-335,Salem,Salem,634054,Dasanaickenpatti (Ct),FULL,227730,Dasanaickenpatti(Gram Panchayat)-Panamarathupatti(Panchayat Samiti)-Salem(Zila Panchayat),11.65825,78.10742,299,10.4,108.4,27.2,9.8,42.9,40.1,0.68,-0.0,15,LOW,NORMAL
TN-SLM-633977-336,Salem,Salem,633977,Dasinayakkanpatti,FULL,227569,Dasanaickenpatti(Gram Panchayat)-Ayothiyapattinam(Panchayat Samiti)-Salem(Zila Panchayat),11.67343,78.17038,288,11.4,84.4,47.1,15.2,105.9,63.5,1.9,0.05,39,MODERATE,NORMAL
TN-SLM-633965-337,Salem,Salem,633965,D.Perumalpalayam,FULL,227568,D. Perumapalayam(Gram Panchayat)-Ayothiyapattinam(Panchayat Samiti)-Salem(Zila Panchayat),11.69123,78.11629,357,10.2,182.8,13.9,8.1,28.6,46.6,0.7,0.02,16,LOW,NORMAL
TN-SLM-634034-338,Salem,Salem,634034,Erumanayakanpalayam,FULL,227747,Vazhakkuttapatti(Gram Panchayat)-Panamarathupatti(Panchayat Samiti)-Salem(Zila Panchayat),11.63762,78.15282,339,6.5,120.5,43.5,27.6,103.1,62.6,1.93,0.05,43,ELEVATED,MONITORING
TN-SLM-634062-339,Salem,Salem,634062,Erumapalayam (Ct),FULL,227788,Erumapalayam(Gram Panchayat)-Salem(Panchayat Samiti)-Salem(Zila Panchayat),11.63708,78.14844,258,11.5,269.1,11.6,4.6,17.0,36.7,0.9,0.03,13,LOW,NORMAL
TN-SLM-634015-340,Salem,Salem,634015,Gajallnayakkanpatti,FULL,227732,Gajjalnaickenpatti(Gram Panchayat)-Panamarathupatti(Panchayat Samiti)-Salem(Zila Panchayat),11.63335,78.1771,362,7.8,589.5,34.4,9.8,33.3,45.8,0.51,0.02,18,LOW,NORMAL
TN-SLM-634014-341,Salem,Salem,634014,Jalluthuppatti,FULL,227746,Thumbalpatti(Gram Panchayat)-Panamarathupatti(Panchayat Samiti)-Salem(Zila Panchayat),11.63335,78.1771,362,7.8,589.5,34.4,9.8,33.3,45.8,0.51,0.02,18,LOW,NORMAL
TN-SLM-634052-342,Salem,Salem,634052,Jalluthuppatti R.F.,FULL,227746,Thumbalpatti(Gram Panchayat)-Panamarathupatti(Panchayat Samiti)-Salem(Zila Panchayat),11.63793,78.11569,382,9.8,252.1,7.8,0.6,19.2,30.6,0.9,0.02,9,LOW,NORMAL
TN-SLM-634013-343,Salem,Salem,634013,Jerugumalai,FULL,227734,Kuralnatham(Gram Panchayat)-Panamarathupatti(Panchayat Samiti)-Salem(Zila Panchayat),11.63877,78.17614,234,5.3,534.2,44.0,1.3,20.3,43.4,0.64,0.01,13,LOW,NORMAL
TN-SLM-634051-344,Salem,Salem,634051,Jerugumalai R.F.,FULL,227734,Kuralnatham(Gram Panchayat)-Panamarathupatti(Panchayat Samiti)-Salem(Zila Panchayat),11.66929,78.17173,419,7.1,185.9,33.3,8.6,23.0,48.0,0.86,0.03,20,LOW,NORMAL
TN-SLM-634048-345,Salem,Salem,634048,Kammalapatti,FULL,227733,Kammalapatti(Gram Panchayat)-Panamarathupatti(Panchayat Samiti)-Salem(Zila Panchayat),11.69172,78.1284,241,8.2,312.2,16.6,0.7,27.6,28.9,0.81,0.0,9,LOW,NORMAL
TN-SLM-634050-346,Salem,Salem,634050,Kanjamalai R.F.,FULL,227908,Perumampatty(Gram Panchayat)-Veerapandy(Panchayat Samiti)-Salem(Zila Panchayat),11.64654,78.1561,421,10.4,252.9,16.9,22.8,90.7,69.4,1.23,0.05,38,MODERATE,NORMAL
TN-SLM-932908-347,Salem,Salem,932908,Kannankurichi,FULL,252475,Kannankurichi(Town Panchayat),11.65768,78.15116,215,11.1,66.6,6.8,11.0,37.6,34.9,0.71,-0.02,13,LOW,NORMAL
TN-SLM-633963-348,Salem,Salem,633963,Karpagam,FULL,227589,Valaiyakaranur(Gram Panchayat)-Ayothiyapattinam(Panchayat Samiti)-Salem(Zila Panchayat),11.62123,78.13601,265,4.1,634.3,43.9,26.8,101.7,57.7,1.89,0.05,39,MODERATE,NORMAL
TN-SLM-633969-349,Salem,Salem,633969,Kathiripatti,FULL,227562,Aachankuttapatti(Gram Panchayat)-Ayothiyapattinam(Panchayat Samiti)-Salem(Zila Panchayat),11.62232,78.11056,290,5.1,467.1,20.1,21.4,114.3,75.8,1.25,0.07,40,MODERATE,NORMAL
TN-SLM-634042-350,Salem,Salem,634042,Konamaduvu,FULL,227734,Kuralnatham(Gram Panchayat)-Panamarathupatti(Panchayat Samiti)-Salem(Zila Panchayat),11.63241,78.1076,232,5.1,211.7,20.8,26.3,92.7,59.8,1.36,0.11,36,MODERATE,NORMAL
TN-SLM-634063-351,Salem,Salem,634063,Kondalampatti (Ct),FULL,227728,Amanikondalampatti(Gram Panchayat)-Panamarathupatti(Panchayat Samiti)-Salem(Zila Panchayat),11.64916,78.10341,295,9.6,601.4,26.4,4.2,33.6,46.6,1.08,0.03,18,LOW,NORMAL
TN-SLM-634053-352,Salem,Salem,634053,Kondappanaickenpatti (Ct),FULL,227790,Kondappanaickenpatti(Gram Panchayat)-Salem(Panchayat Samiti)-Salem(Zila Panchayat),11.62335,78.16142,248,5.0,60.5,15.6,9.6,38.6,37.1,0.69,-0.01,12,LOW,NORMAL
TN-SLM-633984-353,Salem,Salem,633984,Korathupatti,FULL,227573,Korathupatti(Gram Panchayat)-Ayothiyapattinam(Panchayat Samiti)-Salem(Zila Panchayat),11.62722,78.11964,236,9.9,389.8,39.9,9.7,38.8,47.3,0.6,0.02,20,LOW,NORMAL
TN-SLM-961305-354,Salem,Salem,961305,Kumaraswamipatti,N/A,N/A,N/A,11.63742,78.14542,312,11.5,561.6,36.5,20.5,120.3,69.0,1.61,0.06,42,ELEVATED,MONITORING
TN-SLM-633973-355,Salem,Salem,633973,Kuppanur,FULL,227575,Kuppanoor(Gram Panchayat)-Ayothiyapattinam(Panchayat Samiti)-Salem(Zila Panchayat),11.62049,78.11946,361,11.7,83.0,38.2,9.7,31.4,51.9,0.64,-0.0,23,MODERATE,NORMAL
TN-SLM-634041-356,Salem,Salem,634041,Kuralnatham,FULL,227734,Kuralnatham(Gram Panchayat)-Panamarathupatti(Panchayat Samiti)-Salem(Zila Panchayat),11.67541,78.12042,324,10.5,499.2,19.8,19.8,113.0,60.8,1.78,0.06,36,MODERATE,NORMAL
TN-SLM-932910-357,Salem,Salem,932910,Mallur,N/A,N/A,N/A,11.63882,78.13716,244,7.7,332.5,29.8,20.7,100.9,71.8,1.41,0.06,40,MODERATE,NORMAL
TN-SLM-633979-358,Salem,Salem,633979,Mettupattithathanur,FULL,227578,M. Thathanoor(Gram Panchayat)-Ayothiyapattinam(Panchayat Samiti)-Salem(Zila Panchayat),11.62722,78.11964,236,9.9,389.8,39.9,9.7,38.8,47.3,0.6,0.02,20,LOW,NORMAL
TN-SLM-633968-359,Salem,Salem,633968,Mookkanur,FULL,227575,Kuppanoor(Gram Panchayat)-Ayothiyapattinam(Panchayat Samiti)-Salem(Zila Panchayat),11.6444,78.17567,305,4.1,510.5,43.5,25.6,116.4,64.9,1.67,0.05,41,ELEVATED,MONITORING
TN-SLM-633962-360,Salem,Salem,633962,M.Palapatti,FULL,227576,M. Palapatti(Gram Panchayat)-Ayothiyapattinam(Panchayat Samiti)-Salem(Zila Panchayat),11.64241,78.15149,341,7.6,302.9,7.4,16.1,98.5,66.1,1.88,0.07,35,MODERATE,NORMAL
TN-SLM-634035-361,Salem,Salem,634035,Mukkuthipalayam,FULL,227735,Mookkuthipalayam(Gram Panchayat)-Panamarathupatti(Panchayat Samiti)-Salem(Zila Panchayat),11.64654,78.1561,341,8.3,252.9,16.9,26.6,113.6,72.6,1.62,0.09,44,ELEVATED,MONITORING
TN-SLM-634049-362,Salem,Salem,634049,Nagarmalai R.F.,FULL,227786,Chettichavadi(Gram Panchayat)-Salem(Panchayat Samiti)-Salem(Zila Panchayat),11.69259,78.12308,381,13.8,584.5,10.2,0.0,28.6,28.8,0.99,0.02,11,LOW,NORMAL
TN-SLM-634016-363,Salem,Salem,634016,Nallikkalpatti,FULL,227736,Nazhikkalpatti(Gram Panchayat)-Panamarathupatti(Panchayat Samiti)-Salem(Zila Panchayat),11.63833,78.16248,326,5.3,598.2,15.5,5.3,24.3,38.2,0.85,-0.01,10,LOW,NORMAL
TN-SLM-634012-364,Salem,Salem,634012,Nilavarapatti (Part),FULL,227738,Nilavarapatti(Gram Panchayat)-Panamarathupatti(Panchayat Samiti)-Salem(Zila Panchayat),11.67617,78.14999,370,8.7,582.6,12.1,6.4,32.2,28.7,0.77,0.0,11,LOW,NORMAL
TN-SLM-634044-365,Salem,Salem,634044,Nuleathukombai,FULL,227746,Thumbalpatti(Gram Panchayat)-Panamarathupatti(Panchayat Samiti)-Salem(Zila Panchayat),11.65229,78.16022,237,10.9,237.7,45.3,4.1,35.5,36.4,0.68,0.02,15,LOW,NORMAL
TN-SLM-634002-366,Salem,Salem,634002,Pallampatti,FULL,227904,Murungapatty(Gram Panchayat)-Veerapandy(Panchayat Samiti)-Salem(Zila Panchayat),11.68909,78.16864,315,11.0,374.4,8.9,10.2,25.0,33.6,0.7,0.03,14,LOW,NORMAL
TN-SLM-633976-367,Salem,Salem,633976,Pallipatti,FULL,227582,Pallipatti(Gram Panchayat)-Ayothiyapattinam(Panchayat Samiti)-Salem(Zila Panchayat),11.66709,78.1529,228,5.2,122.4,6.3,4.4,25.9,49.4,0.92,-0.01,13,LOW,NORMAL
TN-SLM-634039-368,Salem,Salem,634039,Pallitherupatti,FULL,227739,Pallitherupatti(Gram Panchayat)-Panamarathupatti(Panchayat Samiti)-Salem(Zila Panchayat),11.64129,78.11354,355,5.5,562.4,32.9,26.3,122.4,75.1,1.96,0.05,46,ELEVATED,MONITORING
TN-SLM-932912-369,Salem,Salem,932912,Panamarathupatti,FULL,252481,Panaimarathupatti(Town Panchayat),11.62246,78.10434,258,6.3,179.9,29.4,3.3,30.9,32.8,0.59,0.01,11,LOW,NORMAL
TN-SLM-961632-370,Salem,Salem,961632,Ponnammapettai,N/A,N/A,N/A,11.69446,78.11289,250,4.7,453.6,15.6,19.9,98.0,73.4,1.76,0.1,40,MODERATE,NORMAL
TN-SLM-961302-371,Salem,Salem,961302,Salem Town,N/A,N/A,N/A,11.63817,78.17472,355,5.4,496.4,33.5,0.9,23.9,49.0,0.5,-0.01,13,LOW,NORMAL
TN-SLM-961611-372,Salem,Salem,961611,Salem Town South,N/A,N/A,N/A,11.63882,78.1454,375,11.9,80.4,38.1,1.8,38.0,33.6,0.81,-0.01,14,LOW,NORMAL
TN-SLM-634045-373,Salem,Salem,634045,Sambakuttaipatti,FULL,227746,Thumbalpatti(Gram Panchayat)-Panamarathupatti(Panchayat Samiti)-Salem(Zila Panchayat),11.66934,78.1538,375,8.7,315.0,5.4,9.0,44.1,49.6,1.01,-0.01,17,LOW,NORMAL
TN-SLM-634037-374,Salem,Salem,634037,Sandiyur,FULL,227742,Santhiyur(Gram Panchayat)-Panamarathupatti(Panchayat Samiti)-Salem(Zila Panchayat),11.69259,78.12308,301,11.0,584.5,10.2,0.0,28.6,28.8,0.99,0.02,10,LOW,NORMAL
TN-SLM-634038-375,Salem,Salem,634038,Sandiyur Attayampatti,PART,227741,Peramanur(Gram Panchayat)-Panamarathupatti(Panchayat Samiti)-Salem(Zila Panchayat),11.68147,78.12121,254,7.5,639.5,38.7,20.1,78.0,61.8,1.28,0.05,35,MODERATE,NORMAL
TN-SLM-634038-376,Salem,Salem,634038,Sandiyur Attayampatti,PART,227743,Santhiyur Attayampatty(Gram Panchayat)-Panamarathupatti(Panchayat Samiti)-Salem(Zila Panchayat),11.64916,78.10341,295,9.6,601.4,26.4,4.2,33.6,46.6,1.08,0.03,18,LOW,NORMAL
TN-SLM-634061-377,Salem,Salem,634061,Sanniyasigundu (Ct),FULL,227793,Sanyasigundu(Gram Panchayat)-Salem(Panchayat Samiti)-Salem(Zila Panchayat),11.65909,78.15628,324,11.1,377.4,29.0,8.4,21.7,50.2,0.86,0.02,21,MODERATE,NORMAL
TN-SLM-633966-378,Salem,Salem,633966,Sukkampatti,FULL,227586,Sukkampatti(Gram Panchayat)-Ayothiyapattinam(Panchayat Samiti)-Salem(Zila Panchayat),11.65585,78.17894,282,8.4,101.8,23.4,1.6,26.8,49.5,0.55,0.02,14,LOW,NORMAL
TN-SLM-633967-379,Salem,Salem,633967,Tadanur,FULL,227584,Poovanoor(Gram Panchayat)-Ayothiyapattinam(Panchayat Samiti)-Salem(Zila Panchayat),11.68707,78.119,292,11.5,111.6,7.3,6.0,26.4,50.6,0.51,0.01,16,LOW,NORMAL
TN-SLM-633981-380,Salem,Salem,633981,Tailanur,FULL,227587,Thailanoor(Gram Panchayat)-Ayothiyapattinam(Panchayat Samiti)-Salem(Zila Panchayat),11.62613,78.15424,368,11.1,626.5,6.8,0.0,12.7,40.0,0.45,0.02,7,LOW,NORMAL
TN-SLM-961301-381,Salem,Salem,961301,Thathampatti,N/A,N/A,N/A,11.69073,78.12295,270,4.2,613.3,41.9,11.6,29.8,37.0,0.56,0.02,16,LOW,NORMAL
TN-SLM-634047-382,Salem,Salem,634047,Thumbalpatti,FULL,227746,Thumbalpatti(Gram Panchayat)-Panamarathupatti(Panchayat Samiti)-Salem(Zila Panchayat),11.67614,78.13421,228,8.2,358.9,36.8,4.8,28.1,39.1,0.63,0.03,14,LOW,NORMAL
TN-SLM-634040-383,Salem,Salem,634040,Tippampatti,FULL,227745,Thippampatty(Gram Panchayat)-Panamarathupatti(Panchayat Samiti)-Salem(Zila Panchayat),11.68922,78.15467,298,6.7,250.8,36.8,10.3,35.2,41.3,0.71,0.03,17,LOW,NORMAL
TN-SLM-633998-384,Salem,Salem,633998,Udayapatti,FULL,227588,Udayapatti(Gram Panchayat)-Ayothiyapattinam(Panchayat Samiti)-Salem(Zila Panchayat),11.65646,78.16193,278,10.4,618.3,32.2,2.7,39.5,34.5,0.86,0.0,13,LOW,NORMAL
TN-SLM-634043-385,Salem,Salem,634043,Vadapatty,FULL,227746,Thumbalpatti(Gram Panchayat)-Panamarathupatti(Panchayat Samiti)-Salem(Zila Panchayat),11.63174,78.17623,213,5.9,499.7,13.8,6.9,36.8,31.0,0.56,-0.0,10,LOW,NORMAL
TN-SLM-633978-386,Salem,Salem,633978,Valaiyakkaranur,FULL,227589,Valaiyakaranur(Gram Panchayat)-Ayothiyapattinam(Panchayat Samiti)-Salem(Zila Panchayat),11.6326,78.171,305,5.4,581.4,7.5,4.2,35.3,51.4,0.65,0.02,14,LOW,NORMAL
TN-SLM-634033-387,Salem,Salem,634033,Valakuttapatti,FULL,227747,Vazhakkuttapatti(Gram Panchayat)-Panamarathupatti(Panchayat Samiti)-Salem(Zila Panchayat),11.69971,78.10473,255,5.1,168.7,47.1,11.9,26.6,48.0,0.84,-0.01,21,MODERATE,NORMAL
TN-SLM-633975-388,Salem,Salem,633975,Valasaiyur,FULL,227590,Valasaiyur(Gram Panchayat)-Ayothiyapattinam(Panchayat Samiti)-Salem(Zila Panchayat),11.63485,78.17309,208,8.0,309.1,42.4,23.4,103.9,66.6,1.75,0.06,42,ELEVATED,MONITORING
TN-SLM-633964-389,Salem,Salem,633964,Vedapatti,FULL,227589,Valaiyakaranur(Gram Panchayat)-Ayothiyapattinam(Panchayat Samiti)-Salem(Zila Panchayat),11.66939,78.13961,319,4.7,214.0,45.2,5.5,40.6,33.1,0.82,0.01,14,LOW,NORMAL
TN-SLM-633983-390,Salem,Salem,633983,Veeranam,FULL,227591,Veeranam(Gram Panchayat)-Ayothiyapattinam(Panchayat Samiti)-Salem(Zila Panchayat),11.62502,78.15819,298,4.6,471.2,36.7,26.4,110.4,58.2,1.55,0.11,38,MODERATE,NORMAL
TN-SLM-633974-391,Salem,Salem,633974,Vellaiyanpatti,FULL,227575,Kuppanoor(Gram Panchayat)-Ayothiyapattinam(Panchayat Samiti)-Salem(Zila Panchayat),11.69382,78.14912,372,4.2,382.2,25.5,18.5,106.7,66.3,1.92,0.07,37,MODERATE,NORMAL
TN-SLM-932183-392,Salem,Salem,932183,Vengampatti,FULL,252485,Mallur(Town Panchayat),11.65858,78.14702,345,8.0,551.2,27.1,0.3,28.0,45.0,0.93,0.03,14,LOW,NORMAL
TN-SLM-634009-393,Salem,Salem South,634009,Agraharapulaveri,FULL,227909,Poolavari Agraharam(Gram Panchayat)-Veerapandy(Panchayat Samiti)-Salem(Zila Panchayat),11.62523,78.1411,310,5.9,631.5,20.3,0.4,11.3,32.5,0.48,0.03,8,LOW,NORMAL
TN-SLM-634020-394,Salem,Salem South,634020,Akkaraipalaiyam,FULL,227892,Akkarapalayam(Gram Panchayat)-Veerapandy(Panchayat Samiti)-Salem(Zila Panchayat),11.59916,78.09341,285,8.1,601.4,26.4,4.2,33.6,46.6,1.08,0.03,17,LOW,NORMAL
TN-SLM-932049-395,Salem,Salem South,932049,Amanikondalampatti,PART,227728,Amanikondalampatti(Gram Panchayat)-Panamarathupatti(Panchayat Samiti)-Salem(Zila Panchayat),11.64109,78.10728,363,9.2,433.1,47.0,24.9,112.4,60.1,1.88,0.09,42,ELEVATED,MONITORING
TN-SLM-634023-396,Salem,Salem South,634023,Anaikuttaipatti,FULL,227893,Anaikuttapatti(Gram Panchayat)-Veerapandy(Panchayat Samiti)-Salem(Zila Panchayat),11.60419,78.14886,305,4.9,117.9,12.0,20.5,95.8,65.5,1.63,0.05,34,MODERATE,NORMAL
TN-SLM-634007-397,Salem,Salem South,634007,Ariyampalayam,FULL,227914,Uthamasolapuram(Gram Panchayat)-Veerapandy(Panchayat Samiti)-Salem(Zila Panchayat),11.61806,78.15268,275,5.8,185.1,33.9,3.4,23.0,45.4,0.92,-0.01,15,LOW,NORMAL
TN-SLM-634010-398,Salem,Salem South,634010,Attavanaipulaveri,FULL,227914,Uthamasolapuram(Gram Panchayat)-Veerapandy(Panchayat Samiti)-Salem(Zila Panchayat),11.63491,78.14915,298,5.3,528.9,28.9,5.9,36.7,42.4,0.96,-0.0,14,LOW,NORMAL
TN-SLM-932053-399,Salem,Salem South,932053,Attayampatti,N/A,N/A,N/A,11.6356,78.12655,225,7.2,570.8,20.9,15.9,97.3,73.3,1.85,0.08,40,MODERATE,NORMAL
TN-SLM-932056-400,Salem,Salem South,932056,Bairoji Agraharam,PART,227897,Inambairoji(Gram Panchayat)-Veerapandy(Panchayat Samiti)-Salem(Zila Panchayat),11.59245,78.14709,319,4.8,530.2,34.4,11.2,33.3,44.9,0.66,0.02,18,LOW,NORMAL
TN-SLM-634032-401,Salem,Salem South,634032,Basuvanathampatti,FULL,227731,Ervadivaniyampadi(Gram Panchayat)-Panamarathupatti(Panchayat Samiti)-Salem(Zila Panchayat),11.60256,78.13951,366,5.8,117.9,31.3,24.4,118.2,62.3,1.92,0.1,40,MODERATE,NORMAL
TN-SLM-634070-402,Salem,Salem South,634070,Chennagiri (Ct),FULL,227895,Chennagiri(Gram Panchayat)-Veerapandy(Panchayat Samiti)-Salem(Zila Panchayat),11.61065,78.1638,317,6.0,160.8,42.0,9.1,29.7,39.7,0.68,0.03,16,LOW,NORMAL
TN-SLM-634005-403,Salem,Salem South,634005,Chinnasiragapadi,FULL,227906,Periya Seeragapadi(Gram Panchayat)-Veerapandy(Panchayat Samiti)-Salem(Zila Panchayat),11.63491,78.14915,298,5.3,528.9,28.9,5.9,36.7,42.4,0.96,-0.0,14,LOW,NORMAL
TN-SLM-634025-404,Salem,Salem South,634025,Ellimanaickampatti,FULL,227896,Ettimanickampatti(Gram Panchayat)-Veerapandy(Panchayat Samiti)-Salem(Zila Panchayat),11.62614,78.12421,218,6.7,358.9,36.8,4.8,28.1,39.1,0.63,0.03,13,LOW,NORMAL
TN-SLM-634018-405,Salem,Salem South,634018,Errachinnampatti,FULL,227731,Ervadivaniyampadi(Gram Panchayat)-Panamarathupatti(Panchayat Samiti)-Salem(Zila Panchayat),11.63922,78.14467,288,5.2,250.8,36.8,10.3,35.2,41.3,0.71,0.03,17,LOW,NORMAL
TN-SLM-634031-406,Salem,Salem South,634031,Eruvadipettampatti,FULL,227731,Ervadivaniyampadi(Gram Panchayat)-Panamarathupatti(Panchayat Samiti)-Salem(Zila Panchayat),11.61683,78.11509,335,10.0,61.4,31.9,0.5,33.4,31.9,0.78,-0.01,11,LOW,NORMAL
TN-SLM-932060-407,Salem,Salem South,932060,Ilampillai,FULL,260289,Elampillai(Town Panchayat),11.59966,78.15672,253,8.6,182.7,11.4,26.6,103.8,63.2,1.92,0.06,39,MODERATE,NORMAL
TN-SLM-932062-408,Salem,Salem South,932062,Jarikondalampatti,FULL,252474,Salem(Municipal Corporation),11.62449,78.0975,351,3.7,393.2,36.5,3.1,31.4,36.1,0.82,0.01,12,LOW,NORMAL
TN-SLM-634027-409,Salem,Salem South,634027,Kadathur Agraharam,FULL,227898,Kadathur Agraharam(Gram Panchayat)-Veerapandy(Panchayat Samiti)-Salem(Zila Panchayat),11.63516,78.13006,274,9.2,636.5,42.3,8.4,25.4,30.2,0.41,-0.0,15,LOW,NORMAL
TN-SLM-634066-410,Salem,Salem South,634066,Kalparapatti (Ct),FULL,227899,Kalparapatti(Gram Panchayat)-Veerapandy(Panchayat Samiti)-Salem(Zila Panchayat),11.59785,78.10215,295,7.4,561.3,30.5,8.8,35.7,35.7,0.63,0.0,14,LOW,NORMAL
TN-SLM-932064-411,Salem,Salem South,932064,Kombadipatti,PART,227899,Kalparapatti(Gram Panchayat)-Veerapandy(Panchayat Samiti)-Salem(Zila Panchayat),11.60399,78.12155,314,7.0,214.7,5.7,10.3,35.4,43.1,0.73,-0.01,13,LOW,NORMAL
TN-SLM-634028-412,Salem,Salem South,634028,Marulayampalayam,FULL,227902,Marulayampalayam(Gram Panchayat)-Veerapandy(Panchayat Samiti)-Salem(Zila Panchayat),11.57019,78.09175,361,5.5,541.7,21.0,0.5,26.1,34.0,0.43,0.0,7,LOW,NORMAL
TN-SLM-932067-413,Salem,Salem South,932067,Muttanampalayam,PART,227905,Papparapatty(Gram Panchayat)-Veerapandy(Panchayat Samiti)-Salem(Zila Panchayat),11.58264,78.12071,283,7.2,160.2,24.5,6.1,17.8,50.6,1.06,-0.01,19,LOW,NORMAL
TN-SLM-634022-414,Salem,Salem South,634022,Nallarayampatti,FULL,227897,Inambairoji(Gram Panchayat)-Veerapandy(Panchayat Samiti)-Salem(Zila Panchayat),11.63516,78.13006,274,9.2,636.5,42.3,8.4,25.4,30.2,0.41,-0.0,15,LOW,NORMAL
TN-SLM-932069-415,Salem,Salem South,932069,Nayinampatti,PART,227911,Rajapalayam(Gram Panchayat)-Veerapandy(Panchayat Samiti)-Salem(Zila Panchayat),11.59066,78.1167,201,4.8,314.0,32.2,15.7,98.9,63.2,1.95,0.04,35,MODERATE,NORMAL
TN-SLM-634065-416,Salem,Salem South,634065,Neykkarappatti (Ct),FULL,227737,Neikkarapatty(Gram Panchayat)-Panamarathupatti(Panchayat Samiti)-Salem(Zila Panchayat),11.61575,78.15638,204,7.0,596.1,28.0,11.4,48.3,28.0,0.43,-0.01,14,LOW,NORMAL
TN-SLM-634021-417,Salem,Salem South,634021,Palampatti,FULL,227892,Akkarapalayam(Gram Panchayat)-Veerapandy(Panchayat Samiti)-Salem(Zila Panchayat),11.60909,78.14628,314,9.6,377.4,29.0,8.4,21.7,50.2,0.86,0.02,21,MODERATE,NORMAL
TN-SLM-634071-418,Salem,Salem South,634071,Papparapatti (Ct),FULL,227905,Papparapatty(Gram Panchayat)-Veerapandy(Panchayat Samiti)-Salem(Zila Panchayat),11.60951,78.13745,279,9.7,405.9,16.1,17.4,73.8,69.5,1.85,0.08,39,MODERATE,NORMAL
TN-SLM-932893-419,Salem,Salem South,932893,Paranattamangalam,PART,227728,Amanikondalampatti(Gram Panchayat)-Panamarathupatti(Panchayat Samiti)-Salem(Zila Panchayat),11.62379,78.1541,200,5.0,306.5,36.1,4.5,34.3,28.5,0.63,0.02,12,LOW,NORMAL
TN-SLM-634017-420,Salem,Salem South,634017,Parappatti,FULL,227740,Parapatti(Gram Panchayat)-Panamarathupatti(Panchayat Samiti)-Salem(Zila Panchayat),11.61683,78.11509,335,10.0,61.4,31.9,0.5,33.4,31.9,0.78,-0.01,11,LOW,NORMAL
TN-SLM-634004-421,Salem,Salem South,634004,Periyaseeragapadi,FULL,227906,Periya Seeragapadi(Gram Panchayat)-Veerapandy(Panchayat Samiti)-Salem(Zila Panchayat),11.60921,78.16902,196,3.5,289.7,39.1,10.8,23.3,30.5,0.43,0.02,14,LOW,NORMAL
TN-SLM-634067-422,Salem,Salem South,634067,Perumagoundampatti (Ct),FULL,227907,Perumagoundampatti(Gram Panchayat)-Veerapandy(Panchayat Samiti)-Salem(Zila Panchayat),11.60951,78.13745,279,9.7,405.9,16.1,17.4,73.8,69.5,1.85,0.08,39,MODERATE,NORMAL
TN-SLM-932051-423,Salem,Salem South,932051,Pettampatti,PART,227911,Rajapalayam(Gram Panchayat)-Veerapandy(Panchayat Samiti)-Salem(Zila Panchayat),11.58795,78.14884,346,6.0,511.7,18.5,9.6,32.2,49.3,0.59,0.01,17,LOW,NORMAL
TN-SLM-634069-424,Salem,Salem South,634069,Rajapalayam (Ct),FULL,227911,Rajapalayam(Gram Panchayat)-Veerapandy(Panchayat Samiti)-Salem(Zila Panchayat),11.59557,78.0915,257,10.4,553.1,39.6,6.1,25.3,46.4,0.67,-0.0,18,LOW,NORMAL
TN-SLM-634026-425,Salem,Salem South,634026,Rakkipatti,FULL,227912,Rakkipatti(Gram Panchayat)-Veerapandy(Panchayat Samiti)-Salem(Zila Panchayat),11.64181,78.16796,357,8.8,210.4,10.4,23.2,108.0,65.9,1.78,0.09,39,MODERATE,NORMAL
TN-SLM-932071-426,Salem,Salem South,932071,Ramapuram,PART,227907,Perumagoundampatti(Gram Panchayat)-Veerapandy(Panchayat Samiti)-Salem(Zila Panchayat),11.5976,78.13269,227,8.0,245.1,43.5,29.9,119.0,70.5,1.47,0.09,47,ELEVATED,MONITORING
TN-SLM-932088-427,Salem,Salem South,932088,Reddipatti,PART,227907,Perumagoundampatti(Gram Panchayat)-Veerapandy(Panchayat Samiti)-Salem(Zila Panchayat),11.62176,78.16838,195,8.9,183.1,45.1,9.2,32.0,42.6,0.68,0.02,19,LOW,NORMAL
TN-SLM-932089-428,Salem,Salem South,932089,Selliyampalayam,PART,227916,Vembadithalam(Gram Panchayat)-Veerapandy(Panchayat Samiti)-Salem(Zila Panchayat),11.58339,78.15437,277,6.4,84.2,14.8,4.3,21.5,43.1,0.46,0.0,10,LOW,NORMAL
TN-SLM-634024-429,Salem,Salem South,634024,Senaipalayam,FULL,227913,Senaipalayam(Gram Panchayat)-Veerapandy(Panchayat Samiti)-Salem(Zila Panchayat),11.63977,78.12214,312,9.7,410.1,36.5,22.1,99.6,58.6,1.34,0.09,36,MODERATE,NORMAL
TN-SLM-932094-430,Salem,Salem South,932094,Sevampalayam,PART,227899,Kalparapatti(Gram Panchayat)-Veerapandy(Panchayat Samiti)-Salem(Zila Panchayat),11.58156,78.16267,345,6.8,393.6,8.6,8.5,27.2,44.7,0.53,0.0,12,LOW,NORMAL
TN-SLM-634019-431,Salem,Salem South,634019,Sittaneri,FULL,227909,Poolavari Agraharam(Gram Panchayat)-Veerapandy(Panchayat Samiti)-Salem(Zila Panchayat),11.63,78.09135,193,6.8,496.1,19.3,0.2,28.5,31.8,0.91,-0.0,9,LOW,NORMAL
TN-SLM-634011-432,Salem,Salem South,634011,Thammanayakkanpatti,FULL,227744,Thammanaickenpatty(Gram Panchayat)-Panamarathupatti(Panchayat Samiti)-Salem(Zila Panchayat),11.57035,78.12405,353,5.9,101.0,20.9,5.7,29.0,30.8,0.62,0.01,11,LOW,NORMAL
TN-SLM-932098-433,Salem,Salem South,932098,Thanakuttipalayam,FULL,252483,Attayampatti(Town Panchayat),11.64281,78.09282,279,7.8,158.5,9.5,11.4,29.8,41.5,0.87,0.0,14,LOW,NORMAL
TN-SLM-634008-434,Salem,Salem South,634008,Uthamasolapuram,FULL,227914,Uthamasolapuram(Gram Panchayat)-Veerapandy(Panchayat Samiti)-Salem(Zila Panchayat),11.6217,78.13522,293,4.4,180.5,5.0,7.1,30.3,46.9,0.81,-0.01,13,LOW,NORMAL
TN-SLM-634030-435,Salem,Salem South,634030,Vaniyampadi,FULL,227731,Ervadivaniyampadi(Gram Panchayat)-Panamarathupatti(Panchayat Samiti)-Salem(Zila Panchayat),11.60003,78.11723,338,9.4,636.7,18.5,29.3,108.9,69.5,1.99,0.08,46,ELEVATED,MONITORING
TN-SLM-634006-436,Salem,Salem South,634006,Veerapandi,FULL,227915,Veerapandy(Gram Panchayat)-Veerapandy(Panchayat Samiti)-Salem(Zila Panchayat),11.6217,78.13522,293,4.4,180.5,5.0,7.1,30.3,46.9,0.81,-0.01,13,LOW,NORMAL
TN-SLM-932100-437,Salem,Salem South,932100,Velanattam,PART,227905,Papparapatty(Gram Panchayat)-Veerapandy(Panchayat Samiti)-Salem(Zila Panchayat),11.60043,78.13857,198,7.4,292.4,12.5,19.7,111.7,70.7,1.33,0.04,36,MODERATE,NORMAL
TN-SLM-634068-438,Salem,Salem South,634068,Vembadithalam (Ct),FULL,227916,Vembadithalam(Gram Panchayat)-Veerapandy(Panchayat Samiti)-Salem(Zila Panchayat),11.63843,78.1102,325,5.1,622.9,20.1,0.8,34.7,39.7,0.72,-0.02,8,LOW,NORMAL
TN-SLM-633960-439,Salem,Salem West,633960,A.Ayyamperumalpatti,FULL,227785,Ayyamperumampatti(Gram Panchayat)-Salem(Panchayat Samiti)-Salem(Zila Panchayat),11.71321,78.11233,209,10.3,550.6,13.0,22.5,93.9,57.7,1.34,0.07,33,MODERATE,NORMAL
TN-SLM-633997-440,Salem,Salem West,633997,Andipatti-Sowdapuram,FULL,227784,Andipatti(Gram Panchayat)-Salem(Panchayat Samiti)-Salem(Zila Panchayat),11.68683,78.06509,345,10.5,61.4,31.9,0.5,33.4,31.9,0.78,-0.01,12,LOW,NORMAL
TN-SLM-633992-441,Salem,Salem West,633992,Arikkavandanpatti,FULL,227894,Arigoundampatty(Gram Panchayat)-Veerapandy(Panchayat Samiti)-Salem(Zila Panchayat),11.67256,78.08951,376,6.3,117.9,31.3,24.4,118.2,62.3,1.92,0.1,41,ELEVATED,MONITORING
TN-SLM-633961-442,Salem,Salem West,633961,Chettichavadi,FULL,227786,Chettichavadi(Gram Panchayat)-Salem(Panchayat Samiti)-Salem(Zila Panchayat),11.68035,78.05322,266,9.4,390.5,34.1,28.3,95.4,62.6,1.57,0.1,42,ELEVATED,MONITORING
TN-SLM-634056-443,Salem,Salem West,634056,Dalavaipatti (Ct),FULL,227787,Dhalavaipatti(Gram Panchayat)-Salem(Panchayat Samiti)-Salem(Zila Panchayat),11.70307,78.06141,317,8.6,499.8,30.8,11.6,24.2,32.3,1.07,0.01,18,LOW,NORMAL
TN-SLM-633990-444,Salem,Salem West,633990,Karichipatti,FULL,227894,Arigoundampatty(Gram Panchayat)-Veerapandy(Panchayat Samiti)-Salem(Zila Panchayat),11.71422,78.04577,285,3.6,162.5,12.4,5.8,29.5,51.9,0.99,0.02,17,LOW,NORMAL
TN-SLM-633958-445,Salem,Salem West,633958,Keeraipappambadi,FULL,227900,Keerapappambadi(Gram Panchayat)-Veerapandy(Panchayat Samiti)-Salem(Zila Panchayat),11.68035,78.05322,266,9.4,390.5,34.1,28.3,95.4,62.6,1.57,0.1,42,ELEVATED,MONITORING
TN-SLM-633999-446,Salem,Salem West,633999,Kothanur,FULL,227908,Perumampatty(Gram Panchayat)-Veerapandy(Panchayat Samiti)-Salem(Zila Panchayat),11.67882,78.10035,257,4.7,538.7,42.3,11.6,34.2,42.9,0.59,-0.01,17,LOW,NORMAL
TN-SLM-633989-447,Salem,Salem West,633989,Kullanpatti,FULL,227894,Arigoundampatty(Gram Panchayat)-Veerapandy(Panchayat Samiti)-Salem(Zila Panchayat),11.70516,78.08006,284,9.7,636.5,42.3,8.4,25.4,30.2,0.41,-0.0,15,LOW,NORMAL
TN-SLM-634003-448,Salem,Salem West,634003,Luguvanpatti,FULL,227904,Murungapatty(Gram Panchayat)-Veerapandy(Panchayat Samiti)-Salem(Zila Panchayat),11.71181,78.11796,367,9.3,210.4,10.4,23.2,108.0,65.9,1.78,0.09,39,MODERATE,NORMAL
TN-SLM-634057-449,Salem,Salem West,634057,Majaragollappatti (Ct),FULL,227791,Majaragollapatti(Gram Panchayat)-Salem(Panchayat Samiti)-Salem(Zila Panchayat),11.70843,78.0602,335,5.6,622.9,20.1,0.8,34.7,39.7,0.72,-0.02,8,LOW,NORMAL
TN-SLM-634055-450,Salem,Salem West,634055,Mallamooppampatti (Ct),FULL,227792,Mallamooppampatti(Gram Panchayat)-Salem(Panchayat Samiti)-Salem(Zila Panchayat),11.65229,78.06792,263,7.3,598.9,8.2,1.1,20.7,39.4,0.64,-0.0,7,LOW,NORMAL
TN-SLM-633986-451,Salem,Salem West,633986,Mallaravuthampatti,FULL,227796,Thirumalaigiri(Gram Panchayat)-Salem(Panchayat Samiti)-Salem(Zila Panchayat),11.68683,78.06509,345,10.5,61.4,31.9,0.5,33.4,31.9,0.78,-0.01,12,LOW,NORMAL
TN-SLM-634058-452,Salem,Salem West,634058,Maramangalathupatti (Ct),FULL,227901,Maramangalathupatti(Gram Panchayat)-Veerapandy(Panchayat Samiti)-Salem(Zila Panchayat),11.69114,78.08178,269,3.5,240.1,14.6,3.3,31.8,35.0,0.76,0.02,9,LOW,NORMAL
TN-SLM-633988-453,Salem,Salem West,633988,Muduthurai,FULL,227903,Mooduthurai(Gram Panchayat)-Veerapandy(Panchayat Samiti)-Salem(Zila Panchayat),11.67466,78.09004,281,3.5,131.4,22.1,4.6,34.2,39.2,0.95,0.02,11,LOW,NORMAL
TN-SLM-633993-454,Salem,Salem West,633993,Murungapatti,FULL,227904,Murungapatty(Gram Panchayat)-Veerapandy(Panchayat Samiti)-Salem(Zila Panchayat),11.6427,78.09773,299,5.0,139.2,10.8,18.9,89.8,56.2,1.86,0.04,30,MODERATE,NORMAL
TN-SLM-633995-455,Salem,Salem West,633995,Nallampatti,FULL,227903,Mooduthurai(Gram Panchayat)-Veerapandy(Panchayat Samiti)-Salem(Zila Panchayat),11.7,78.04135,203,7.3,496.1,19.3,0.2,28.5,31.8,0.91,-0.0,10,LOW,NORMAL
TN-SLM-633994-456,Salem,Salem West,633994,Nayakkanpatti,FULL,227903,Mooduthurai(Gram Panchayat)-Veerapandy(Panchayat Samiti)-Salem(Zila Panchayat),11.7,78.04135,203,7.3,496.1,19.3,0.2,28.5,31.8,0.91,-0.0,10,LOW,NORMAL
TN-SLM-634000-457,Salem,Salem West,634000,Perumampatti,FULL,227908,Perumampatty(Gram Panchayat)-Veerapandy(Panchayat Samiti)-Salem(Zila Panchayat),11.69508,78.1081,269,9.0,385.4,38.4,20.4,81.0,72.0,1.31,0.06,41,ELEVATED,MONITORING
TN-SLM-932074-458,Salem,Salem West,932074,Pethampatty,PART,227904,Murungapatty(Gram Panchayat)-Veerapandy(Panchayat Samiti)-Salem(Zila Panchayat),11.71055,78.08975,203,4.9,503.7,45.1,3.7,17.4,28.0,0.97,0.0,14,LOW,NORMAL
TN-SLM-633987-459,Salem,Salem West,633987,Pumandapatti,FULL,227903,Mooduthurai(Gram Panchayat)-Veerapandy(Panchayat Samiti)-Salem(Zila Panchayat),11.65865,78.04939,304,4.4,567.2,19.1,25.8,122.7,74.4,1.46,0.1,42,ELEVATED,MONITORING
TN-SLM-634064-460,Salem,Salem West,634064,Puthur Agraharam (Ct),FULL,227910,Puthur Agraharam(Gram Panchayat)-Veerapandy(Panchayat Samiti)-Salem(Zila Panchayat),11.6608,78.07572,350,6.6,272.0,7.6,10.5,33.8,38.7,0.65,-0.01,11,LOW,NORMAL
TN-SLM-633959-461,Salem,Salem West,633959,Sarkar Gollappatti,FULL,227794,Sarkargollapatti(Gram Panchayat)-Salem(Panchayat Samiti)-Salem(Zila Panchayat),11.71971,78.04473,255,4.1,168.7,47.1,11.9,26.6,48.0,0.84,-0.01,21,MODERATE,NORMAL
TN-SLM-634060-462,Salem,Salem West,634060,Selathampatti (Ct),FULL,227795,Selathampatti(Gram Panchayat)-Salem(Panchayat Samiti)-Salem(Zila Panchayat),11.65189,78.10474,272,5.3,283.6,41.0,29.7,120.2,72.2,1.5,0.08,46,ELEVATED,MONITORING
TN-SLM-633991-463,Salem,Salem West,633991,Sittanur Gollapatti,FULL,227894,Arigoundampatty(Gram Panchayat)-Veerapandy(Panchayat Samiti)-Salem(Zila Panchayat),11.67455,78.1166,262,5.5,235.0,45.3,8.7,31.5,33.2,0.86,0.02,17,LOW,NORMAL
TN-SLM-634001-464,Salem,Salem West,634001,Thunbathulipatti,FULL,227908,Perumampatty(Gram Panchayat)-Veerapandy(Panchayat Samiti)-Salem(Zila Panchayat),11.67003,78.06723,348,9.9,636.7,18.5,29.3,108.9,69.5,1.99,0.08,46,ELEVATED,MONITORING
TN-SLM-634059-465,Salem,Salem West,634059,Tirumalaigiri (Ct),FULL,227796,Thirumalaigiri(Gram Panchayat)-Salem(Panchayat Samiti)-Salem(Zila Panchayat),11.6608,78.07572,350,6.6,272.0,7.6,10.5,33.8,38.7,0.65,-0.01,11,LOW,NORMAL
TN-SLM-633985-466,Salem,Salem West,633985,Vattamuthampatti,FULL,227797,Vattamuthampatti(Gram Panchayat)-Salem(Panchayat Samiti)-Salem(Zila Panchayat),11.71181,78.11796,367,9.3,210.4,10.4,23.2,108.0,65.9,1.78,0.09,39,MODERATE,NORMAL
TN-SLM-633996-467,Salem,Salem West,633996,Vedakuttampatti,FULL,227789,Inamvedugathampatti(Gram Panchayat)-Salem(Panchayat Samiti)-Salem(Zila Panchayat),11.64044,78.10814,226,5.1,274.6,20.1,6.9,22.7,29.8,0.81,0.0,12,LOW,NORMAL
TN-SLM-633917-468,Salem,Sankari,633917,Agraharam Talaiyur,FULL,227658,Agr.Thalaiyur(Gram Panchayat)-Mac. Choultry(Panchayat Samiti)-Salem(Zila Panchayat),11.49524,77.88204,213,6.0,449.1,15.4,0.8,28.3,47.4,0.72,-0.0,11,LOW,NORMAL
TN-SLM-633941-469,Salem,Sankari,633941,Aiveli,FULL,227803,Iveli(Gram Panchayat)-Sankari(Panchayat Samiti)-Salem(Zila Panchayat),11.47514,77.84293,201,4.1,508.6,41.6,10.8,33.8,40.0,1.05,-0.0,17,LOW,NORMAL
TN-SLM-633943-470,Salem,Sankari,633943,Alathur,FULL,227798,Alathur(Gram Panchayat)-Sankari(Panchayat Samiti)-Salem(Zila Panchayat),11.50147,77.85121,224,6.0,639.5,38.7,20.1,78.0,61.8,1.28,0.05,35,MODERATE,NORMAL
TN-SLM-633950-471,Salem,Sankari,633950,Annadanapatti,FULL,227799,Annathanapatti(Gram Panchayat)-Sankari(Panchayat Samiti)-Salem(Zila Panchayat),11.44447,77.85123,315,5.4,436.9,41.9,11.6,31.0,32.7,0.93,-0.0,18,LOW,NORMAL
TN-SLM-931945-472,Salem,Sankari,931945,Arasiramani Bit1,FULL,252471,Arasiramani(Town Panchayat),11.47364,77.87769,299,10.2,635.1,12.6,8.1,26.0,46.6,0.8,0.0,16,LOW,NORMAL
TN-SLM-931929-473,Salem,Sankari,931929,Arasiramani Bit2,FULL,252471,Arasiramani(Town Panchayat),11.50982,77.87411,247,3.5,549.1,45.8,17.5,91.4,57.4,1.29,0.06,32,MODERATE,NORMAL
TN-SLM-633940-474,Salem,Sankari,633940,Avarangampalayam,FULL,227809,Kottavaradhampatti(Gram Panchayat)-Sankari(Panchayat Samiti)-Salem(Zila Panchayat),11.46916,77.83341,265,8.1,601.4,26.4,4.2,33.6,46.6,1.08,0.03,17,LOW,NORMAL
TN-SLM-633942-475,Salem,Sankari,633942,Chinnakavundanur,PART,227800,Chinnagoundanur(Gram Panchayat)-Sankari(Panchayat Samiti)-Salem(Zila Panchayat),11.483,77.89117,263,4.2,581.6,31.6,24.2,92.2,58.2,1.68,0.04,35,MODERATE,NORMAL
TN-SLM-633942-476,Salem,Sankari,633942,Chinnakavundanur,PART,227812,Mothaiyanur(Gram Panchayat)-Sankari(Panchayat Samiti)-Salem(Zila Panchayat),11.48934,77.8838,345,7.2,315.0,5.4,9.0,44.1,49.6,1.01,-0.01,17,LOW,NORMAL
TN-SLM-633924-477,Salem,Sankari,633924,Devanakavandanur,FULL,227801,Devannagoundanur(Gram Panchayat)-Sankari(Panchayat Samiti)-Salem(Zila Panchayat),11.45708,77.87844,228,10.0,269.1,11.6,4.6,17.0,36.7,0.9,0.03,12,LOW,NORMAL
TN-SLM-633914-478,Salem,Sankari,633914,Egapuram,FULL,227659,Egapuram(Gram Panchayat)-Mac. Choultry(Panchayat Samiti)-Salem(Zila Panchayat),11.45241,77.8376,202,3.6,211.7,20.8,26.3,92.7,59.8,1.36,0.11,35,MODERATE,NORMAL
TN-SLM-633957-479,Salem,Sankari,633957,Eranapuram (Ct),FULL,227665,Mac.Donald Choultry(Gram Panchayat)-Mac. Choultry(Panchayat Samiti)-Salem(Zila Panchayat),11.50516,77.87006,254,9.2,636.5,42.3,8.4,25.4,30.2,0.41,-0.0,15,LOW,NORMAL
TN-SLM-633931-480,Salem,Sankari,633931,Gedikaval,FULL,227668,Vaikundam(Gram Panchayat)-Mac. Choultry(Panchayat Samiti)-Salem(Zila Panchayat),11.51259,77.85308,271,9.5,584.5,10.2,0.0,28.6,28.8,0.99,0.02,10,LOW,NORMAL
TN-SLM-633921-481,Salem,Sankari,633921,Gudalur,FULL,227660,Gudalur(Gram Panchayat)-Mac. Choultry(Panchayat Samiti)-Salem(Zila Panchayat),11.49523,77.8811,290,5.9,631.5,20.3,0.4,11.3,32.5,0.48,0.03,8,LOW,NORMAL
TN-SLM-931947-482,Salem,Sankari,931947,Idanganasalai Bit1,FULL,252470,Edanganasalai(Municipality),11.4888,77.83498,288,9.2,127.7,41.8,27.1,101.4,69.6,1.61,0.07,45,ELEVATED,MONITORING
TN-SLM-931951-483,Salem,Sankari,931951,Idanganasalai Bit2,FULL,252470,Edanganasalai(Municipality),11.45499,77.86745,253,9.2,335.7,16.9,8.0,45.7,51.5,1.01,0.01,20,LOW,NORMAL
TN-SLM-633933-484,Salem,Sankari,633933,Irugalur,FULL,227802,Irugalur(Gram Panchayat)-Sankari(Panchayat Samiti)-Salem(Zila Panchayat),11.483,77.89117,263,4.2,581.6,31.6,24.2,92.2,58.2,1.68,0.04,35,MODERATE,NORMAL
TN-SLM-633953-485,Salem,Sankari,633953,Irugalur Pudupalayam,FULL,226060,Irukalur Pudupalayam(Gram Panchayat)-Mallasamudram(Panchayat Samiti)-Namakkal(Zila Panchayat),11.47909,77.88628,294,9.6,377.4,29.0,8.4,21.7,50.2,0.86,0.02,21,MODERATE,NORMAL
TN-SLM-633918-486,Salem,Sankari,633918,Kalikavundanpalayam,FULL,227661,Kaligoundampalayam(Gram Panchayat)-Mac. Choultry(Panchayat Samiti)-Salem(Zila Panchayat),11.48806,77.89268,255,5.8,185.1,33.9,3.4,23.0,45.4,0.92,-0.01,15,LOW,NORMAL
TN-SLM-633919-487,Salem,Sankari,633919,Kanagagiri,FULL,227662,Kanagagiri(Gram Panchayat)-Mac. Choultry(Panchayat Samiti)-Salem(Zila Panchayat),11.4635,77.8964,250,9.3,494.1,23.3,20.5,108.9,71.8,1.79,0.05,41,ELEVATED,MONITORING
TN-SLM-633920-488,Salem,Sankari,633920,Kandarakulamanickam,FULL,227663,Kandarkulamanickam(Gram Panchayat)-Mac. Choultry(Panchayat Samiti)-Salem(Zila Panchayat),11.50491,77.88915,278,5.3,528.9,28.9,5.9,36.7,42.4,0.96,-0.0,14,LOW,NORMAL
TN-SLM-633916-489,Salem,Sankari,633916,Kannanderi,FULL,227664,Kannanderi(Gram Panchayat)-Mac. Choultry(Panchayat Samiti)-Salem(Zila Panchayat),11.44335,77.89142,218,3.5,60.5,15.6,9.6,38.6,37.1,0.69,-0.01,11,LOW,NORMAL
TN-SLM-931802-490,Salem,Sankari,931802,Kasturippatti,FULL,252473,Sankari(Municipality),11.48248,77.88393,293,8.6,534.9,33.8,9.7,33.2,30.8,1.06,0.03,18,LOW,NORMAL
TN-SLM-633946-491,Salem,Sankari,633946,Katteri,FULL,227804,Katheri(Gram Panchayat)-Sankari(Panchayat Samiti)-Salem(Zila Panchayat),11.48683,77.85509,315,10.0,61.4,31.9,0.5,33.4,31.9,0.78,-0.01,11,LOW,NORMAL
TN-SLM-633925-492,Salem,Sankari,633925,Kaveripatti,FULL,227805,Kaveripatti(Gram Panchayat)-Sankari(Panchayat Samiti)-Salem(Zila Panchayat),11.483,77.89117,263,4.2,581.6,31.6,24.2,92.2,58.2,1.68,0.04,35,MODERATE,NORMAL
TN-SLM-633928-493,Salem,Sankari,633928,Kaveripatti Agraharam,FULL,227806,Kaveripatti Agraharam(Gram Panchayat)-Sankari(Panchayat Samiti)-Salem(Zila Panchayat),11.44447,77.85123,315,5.4,436.9,41.9,11.6,31.0,32.7,0.93,-0.0,18,LOW,NORMAL
TN-SLM-633927-494,Salem,Sankari,633927,Koneripatti,FULL,227808,Koneripatti Agraharam(Gram Panchayat)-Sankari(Panchayat Samiti)-Salem(Zila Panchayat),11.44447,77.85123,315,5.4,436.9,41.9,11.6,31.0,32.7,0.93,-0.0,18,LOW,NORMAL
TN-SLM-633926-495,Salem,Sankari,633926,Koneripatti Ag.,FULL,227807,Koneripatti(Gram Panchayat)-Sankari(Panchayat Samiti)-Salem(Zila Panchayat),11.44447,77.85123,315,5.4,436.9,41.9,11.6,31.0,32.7,0.93,-0.0,18,LOW,NORMAL
TN-SLM-633938-496,Salem,Sankari,633938,Kottavarudampatti,FULL,227809,Kottavaradhampatti(Gram Panchayat)-Sankari(Panchayat Samiti)-Salem(Zila Panchayat),11.51422,77.83577,255,3.5,162.5,12.4,5.8,29.5,51.9,0.99,0.02,17,LOW,NORMAL
TN-SLM-633929-497,Salem,Sankari,633929,Manjakalpatti,FULL,227801,Devannagoundanur(Gram Panchayat)-Sankari(Panchayat Samiti)-Salem(Zila Panchayat),11.51373,77.84192,327,5.5,529.6,30.5,3.3,29.3,32.1,0.75,0.01,11,LOW,NORMAL
TN-SLM-633949-498,Salem,Sankari,633949,Morur Bit 1,PART,227810,Morur East(Gram Panchayat)-Sankari(Panchayat Samiti)-Salem(Zila Panchayat),11.4427,77.88773,269,4.5,139.2,10.8,18.9,89.8,56.2,1.86,0.04,30,MODERATE,NORMAL
TN-SLM-633949-499,Salem,Sankari,633949,Morur Bit 1,PART,227811,Morur West(Gram Panchayat)-Sankari(Panchayat Samiti)-Salem(Zila Panchayat),11.47757,77.87676,178,9.6,477.6,25.5,26.1,105.9,66.7,1.67,0.1,43,ELEVATED,MONITORING
TN-SLM-931954-500,Salem,Sankari,931954,Morur Bit2,FULL,227810,Morur East(Gram Panchayat)-Sankari(Panchayat Samiti)-Salem(Zila Panchayat),11.48895,77.86307,311,3.5,524.9,37.1,3.3,27.8,31.6,0.47,-0.0,10,LOW,NORMAL
TN-SLM-633956-501,Salem,Sankari,633956,Naduvaneri (Ct),FULL,227666,Naduvaneri(Gram Panchayat)-Mac. Choultry(Panchayat Samiti)-Salem(Zila Panchayat),11.49508,77.8981,239,8.5,385.4,38.4,20.4,81.0,72.0,1.31,0.06,41,ELEVATED,MONITORING
TN-SLM-633923-502,Salem,Sankari,633923,Olakkachinnanur,FULL,227813,Olakkachinnaanur(Gram Panchayat)-Sankari(Panchayat Samiti)-Salem(Zila Panchayat),11.47921,77.90902,176,3.5,289.7,39.1,10.8,23.3,30.5,0.43,0.02,14,LOW,NORMAL
TN-SLM-633936-503,Salem,Sankari,633936,Puchampatti,FULL,227817,Sungudivaradhampatti(Gram Panchayat)-Sankari(Panchayat Samiti)-Salem(Zila Panchayat),11.51612,77.90717,251,4.0,334.7,10.4,8.2,30.3,38.7,0.62,-0.0,10,LOW,NORMAL
TN-SLM-633915-504,Salem,Sankari,633915,Pudur,FULL,227657,A.Pudur(Gram Panchayat)-Mac. Choultry(Panchayat Samiti)-Salem(Zila Panchayat),11.47419,77.88886,285,4.9,117.9,12.0,20.5,95.8,65.5,1.63,0.05,34,MODERATE,NORMAL
TN-SLM-633944-505,Salem,Sankari,633944,Pullakkavundampatti,FULL,227814,Pullagoundampatti(Gram Panchayat)-Sankari(Panchayat Samiti)-Salem(Zila Panchayat),11.47674,77.87285,193,5.8,273.3,47.4,3.0,34.0,50.8,1.02,-0.0,19,LOW,NORMAL
TN-SLM-633945-506,Salem,Sankari,633945,Pullakkavundampatti Agraharam,FULL,227815,Pullagoundampatti Agraharam.(Gram Panchayat)-Sankari(Panchayat Samiti)-Salem(Zila Panchayat),11.51181,77.90796,337,8.8,210.4,10.4,23.2,108.0,65.9,1.78,0.09,39,MODERATE,NORMAL
TN-SLM-933009-507,Salem,Sankari,933009,Sankari,FULL,252473,Sankari(Municipality),11.45944,77.84224,228,7.0,166.8,35.3,24.1,89.6,75.1,1.45,0.08,44,ELEVATED,MONITORING
TN-SLM-633948-508,Salem,Sankari,633948,Sanniyasipatti Ag.,FULL,227816,Sanyasipatti Agraharam(Gram Panchayat)-Sankari(Panchayat Samiti)-Salem(Zila Panchayat),11.46345,77.87848,222,10.4,141.1,27.6,4.3,24.2,32.9,0.94,0.02,14,LOW,NORMAL
TN-SLM-633932-509,Salem,Sankari,633932,Sellappampatti,FULL,227802,Irugalur(Gram Panchayat)-Sankari(Panchayat Samiti)-Salem(Zila Panchayat),11.47466,77.88004,251,3.5,131.4,22.1,4.6,34.2,39.2,0.95,0.02,11,LOW,NORMAL
TN-SLM-633937-510,Salem,Sankari,633937,Sungidivarathampatti,FULL,227809,Kottavaradhampatti(Gram Panchayat)-Sankari(Panchayat Samiti)-Salem(Zila Panchayat),11.4427,77.88773,269,4.5,139.2,10.8,18.9,89.8,56.2,1.86,0.04,30,MODERATE,NORMAL
TN-SLM-633935-511,Salem,Sankari,633935,Sungudivaradampatti,FULL,227817,Sungudivaradhampatti(Gram Panchayat)-Sankari(Panchayat Samiti)-Salem(Zila Panchayat),11.45865,77.83939,274,3.9,567.2,19.1,25.8,122.7,74.4,1.46,0.1,42,ELEVATED,MONITORING
TN-SLM-633954-512,Salem,Sankari,633954,Suriyamalai R.F.,FULL,227801,Devannagoundanur(Gram Panchayat)-Sankari(Panchayat Samiti)-Salem(Zila Panchayat),11.5074,77.85892,332,6.2,230.8,34.9,26.2,93.3,75.3,1.98,0.05,47,ELEVATED,MONITORING
TN-SLM-633955-513,Salem,Sankari,633955,Thappakuttai (Ct),FULL,227667,Thappakuttai(Gram Panchayat)-Mac. Choultry(Panchayat Samiti)-Salem(Zila Panchayat),11.48644,77.89016,185,8.0,593.9,17.4,7.8,26.5,29.8,0.93,0.0,13,LOW,NORMAL
TN-SLM-933012-514,Salem,Sankari,933012,Thevur,FULL,252472,Thevur(Town Panchayat),11.4443,77.83439,339,9.7,273.7,6.2,21.8,108.5,64.5,1.83,0.04,36,MODERATE,NORMAL
TN-SLM-633934-515,Salem,Sankari,633934,Uthupalayam,FULL,227817,Sungudivaradhampatti(Gram Panchayat)-Sankari(Panchayat Samiti)-Salem(Zila Panchayat),11.47674,77.87285,193,5.8,273.3,47.4,3.0,34.0,50.8,1.02,-0.0,19,LOW,NORMAL
TN-SLM-633951-516,Salem,Sankari,633951,Vadugapatti,FULL,227818,Vadugappatti(Gram Panchayat)-Sankari(Panchayat Samiti)-Salem(Zila Panchayat),11.46491,77.90815,241,3.9,640.2,18.2,4.1,21.6,34.5,0.76,0.01,10,LOW,NORMAL
TN-SLM-633922-517,Salem,Sankari,633922,Vaikuntam,FULL,227668,Vaikundam(Gram Panchayat)-Mac. Choultry(Panchayat Samiti)-Salem(Zila Panchayat),11.51612,77.90717,251,4.0,334.7,10.4,8.2,30.3,38.7,0.62,-0.0,10,LOW,NORMAL
TN-SLM-633939-518,Salem,Sankari,633939,Valayasettipalayam,FULL,227809,Kottavaradhampatti(Gram Panchayat)-Sankari(Panchayat Samiti)-Salem(Zila Panchayat),11.49508,77.8981,239,8.5,385.4,38.4,20.4,81.0,72.0,1.31,0.06,41,ELEVATED,MONITORING
TN-SLM-931955-519,Salem,Sankari,931955,Veerachipalayam Agraharam,PART,227819,Veerachipalayam(Gram Panchayat)-Sankari(Panchayat Samiti)-Salem(Zila Panchayat),11.45795,77.88884,326,6.0,511.7,18.5,9.6,32.2,49.3,0.59,0.01,17,LOW,NORMAL
TN-SLM-633952-520,Salem,Sankari,633952,Veppampatti,FULL,227818,Vadugappatti(Gram Panchayat)-Sankari(Panchayat Samiti)-Salem(Zila Panchayat),11.48065,77.9038,297,6.0,160.8,42.0,9.1,29.7,39.7,0.68,0.03,16,LOW,NORMAL
TN-SLM-633930-521,Salem,Sankari,633930,Vettukkadupatti,FULL,227809,Kottavaradhampatti(Gram Panchayat)-Sankari(Panchayat Samiti)-Salem(Zila Panchayat),11.51181,77.90796,337,8.8,210.4,10.4,23.2,108.0,65.9,1.78,0.09,39,MODERATE,NORMAL
TN-SLM-633947-522,Salem,Sankari,633947,Virachchipalayam,FULL,227819,Veerachipalayam(Gram Panchayat)-Sankari(Panchayat Samiti)-Salem(Zila Panchayat),11.45158,77.85835,172,7.9,353.8,14.1,7.4,35.9,30.7,0.75,-0.01,12,LOW,NORMAL
TN-SLM-634299-523,Salem,Thalaivasal,634299,Aragalur,FULL,227820,Aragalur(Gram Panchayat)-Thalaivasal(Panchayat Samiti)-Salem(Zila Panchayat),11.56435,78.78761,143,6.7,169.4,29.6,1.3,18.5,39.6,0.72,-0.0,10,LOW,NORMAL
TN-SLM-634301-524,Salem,Thalaivasal,634301,Arathi Agraharam,FULL,227821,Arathi Agraharam(Gram Panchayat)-Thalaivasal(Panchayat Samiti)-Salem(Zila Panchayat),11.61808,78.75504,277,7.0,99.2,28.4,6.1,25.7,32.9,0.79,0.0,13,LOW,NORMAL
TN-SLM-931803-525,Salem,Thalaivasal,931803,Chokkanur Agraharam,N/A,N/A,N/A,11.54601,78.7366,220,3.5,322.1,28.6,23.2,110.4,60.3,1.67,0.05,35,MODERATE,NORMAL
TN-SLM-634292-526,Salem,Thalaivasal,634292,Deviakkurichi,FULL,227822,Deviyakurichi(Gram Panchayat)-Thalaivasal(Panchayat Samiti)-Salem(Zila Panchayat),11.56541,78.71989,184,7.5,360.4,37.5,0.4,22.4,39.8,0.98,-0.02,12,LOW,NORMAL
TN-SLM-634357-527,Salem,Thalaivasal,634357,East Rajapalayam,FULL,227823,East Rajapalayam(Gram Panchayat)-Thalaivasal(Panchayat Samiti)-Salem(Zila Panchayat),11.57801,78.71363,166,4.8,592.2,43.7,1.8,32.6,36.5,0.9,0.02,13,LOW,NORMAL
TN-SLM-634315-528,Salem,Thalaivasal,634315,Govindampalayam,FULL,227824,Govindampalayam(Gram Panchayat)-Thalaivasal(Panchayat Samiti)-Salem(Zila Panchayat),11.60079,78.7326,249,6.0,563.8,13.3,29.6,105.0,67.4,1.41,0.09,40,MODERATE,NORMAL
TN-SLM-634332-529,Salem,Thalaivasal,634332,Iluppanatham,FULL,227825,Iluppanatham(Gram Panchayat)-Thalaivasal(Panchayat Samiti)-Salem(Zila Panchayat),11.54798,78.7685,222,5.5,544.6,46.9,23.5,105.8,70.1,1.64,0.11,44,ELEVATED,MONITORING
TN-SLM-634303-530,Salem,Thalaivasal,634303,Kamakkapalayam,FULL,227826,Kamakkapalayam(Gram Panchayat)-Thalaivasal(Panchayat Samiti)-Salem(Zila Panchayat),11.61163,78.73208,265,8.7,611.6,18.1,2.4,30.9,30.1,0.56,0.01,10,LOW,NORMAL
TN-SLM-634266-531,Salem,Thalaivasal,634266,Kattukkottai,FULL,227827,Kattukottai(Gram Panchayat)-Thalaivasal(Panchayat Samiti)-Salem(Zila Panchayat),11.59144,78.77693,224,9.7,137.9,13.6,4.8,28.0,50.2,0.87,-0.02,16,LOW,NORMAL
TN-SLM-634359-532,Salem,Thalaivasal,634359,Kavarpanai,FULL,227828,Kavarpanai(Gram Panchayat)-Thalaivasal(Panchayat Samiti)-Salem(Zila Panchayat),11.55622,78.75417,218,9.2,364.1,44.7,26.9,97.3,60.1,1.71,0.09,42,ELEVATED,MONITORING
TN-SLM-634355-533,Salem,Thalaivasal,634355,Laddivadi,FULL,227829,Lathuvadi(Gram Panchayat)-Thalaivasal(Panchayat Samiti)-Salem(Zila Panchayat),11.56264,78.73529,281,4.3,550.1,11.0,6.3,27.5,48.1,0.72,-0.01,13,LOW,NORMAL
TN-SLM-634302-534,Salem,Thalaivasal,634302,Mammudi,FULL,227845,Thalaivasal(Gram Panchayat)-Thalaivasal(Panchayat Samiti)-Salem(Zila Panchayat),11.55999,78.73295,155,5.6,184.7,16.3,3.7,24.0,32.9,1.0,-0.0,11,LOW,NORMAL
TN-SLM-951852-535,Salem,Thalaivasal,951852,Manivizhunthan North,PART,227830,Manivilundan(Gram Panchayat)-Thalaivasal(Panchayat Samiti)-Salem(Zila Panchayat),11.54335,78.73908,166,7.7,520.0,11.8,1.5,27.7,44.2,1.04,0.01,12,LOW,NORMAL
TN-SLM-634265-536,Salem,Thalaivasal,634265,Manivizhunthan South,FULL,227830,Manivilundan(Gram Panchayat)-Thalaivasal(Panchayat Samiti)-Salem(Zila Panchayat),11.61566,78.77262,188,3.5,621.5,41.5,6.8,27.8,43.4,0.78,0.03,16,LOW,NORMAL
TN-SLM-634295-537,Salem,Thalaivasal,634295,Narakkurchi,FULL,227831,Navakurichi(Gram Panchayat)-Thalaivasal(Panchayat Samiti)-Salem(Zila Panchayat),11.60893,78.74129,309,5.6,463.3,18.8,17.3,85.6,55.2,1.44,0.09,29,MODERATE,NORMAL
TN-SLM-634297-538,Salem,Thalaivasal,634297,Nathakkarai,FULL,227845,Thalaivasal(Gram Panchayat)-Thalaivasal(Panchayat Samiti)-Salem(Zila Panchayat),11.57268,78.76773,262,7.8,297.2,10.4,16.2,106.6,76.0,1.34,0.09,38,MODERATE,NORMAL
TN-SLM-634333-539,Salem,Thalaivasal,634333,Nattar Agraharam,FULL,227825,Iluppanatham(Gram Panchayat)-Thalaivasal(Panchayat Samiti)-Salem(Zila Panchayat),11.54324,78.77371,275,6.3,206.9,37.6,11.1,40.5,37.2,0.46,0.01,15,LOW,NORMAL
TN-SLM-634313-540,Salem,Thalaivasal,634313,Navalur,FULL,227832,Navalur(Gram Panchayat)-Thalaivasal(Panchayat Samiti)-Salem(Zila Panchayat),11.58774,78.76661,260,3.5,572.3,18.3,9.4,35.4,44.1,0.7,-0.02,13,LOW,NORMAL
TN-SLM-634356-541,Salem,Thalaivasal,634356,Pagudapadi,FULL,227833,Pagadapadi(Gram Panchayat)-Thalaivasal(Panchayat Samiti)-Salem(Zila Panchayat),11.54228,78.76017,198,9.0,427.6,29.4,15.3,88.9,62.1,1.36,0.09,34,MODERATE,NORMAL
TN-SLM-634316-542,Salem,Thalaivasal,634316,Pallipalayam,FULL,227824,Govindampalayam(Gram Panchayat)-Thalaivasal(Panchayat Samiti)-Salem(Zila Panchayat),11.57214,78.77363,208,4.3,201.6,18.4,11.2,45.3,50.6,1.06,0.02,20,LOW,NORMAL
TN-SLM-634294-543,Salem,Thalaivasal,634294,Pattuthurai,FULL,227834,Pattudurai(Gram Panchayat)-Thalaivasal(Panchayat Samiti)-Salem(Zila Panchayat),11.54611,78.72003,142,10.2,177.9,6.5,11.0,39.6,29.6,0.56,0.0,12,LOW,NORMAL
TN-SLM-634298-544,Salem,Thalaivasal,634298,Periyeri,FULL,227835,Periyeri(Gram Panchayat)-Thalaivasal(Panchayat Samiti)-Salem(Zila Panchayat),11.59106,78.73924,183,9.0,73.5,44.4,6.2,31.7,38.7,0.83,-0.02,16,LOW,NORMAL
TN-SLM-634358-545,Salem,Thalaivasal,634358,Pinnanur,FULL,227828,Kavarpanai(Gram Panchayat)-Thalaivasal(Panchayat Samiti)-Salem(Zila Panchayat),11.58766,78.78907,267,9.8,157.8,16.1,15.5,84.2,75.4,1.47,0.07,39,MODERATE,NORMAL
TN-SLM-634330-546,Salem,Thalaivasal,634330,Puliamkurichi,FULL,227836,Puliyankurichi(Gram Panchayat)-Thalaivasal(Panchayat Samiti)-Salem(Zila Panchayat),11.58456,78.72293,189,4.7,220.1,17.7,29.3,99.4,55.4,1.24,0.05,33,MODERATE,NORMAL
TN-SLM-634312-547,Salem,Thalaivasal,634312,Punavasal,FULL,227837,Punalvasal(Gram Panchayat)-Thalaivasal(Panchayat Samiti)-Salem(Zila Panchayat),11.5993,78.77484,151,6.1,470.3,34.9,2.7,32.0,29.5,0.72,-0.02,11,LOW,NORMAL
TN-SLM-634296-548,Salem,Thalaivasal,634296,Puthur,FULL,227838,Puthur(Gram Panchayat)-Thalaivasal(Panchayat Samiti)-Salem(Zila Panchayat),11.57799,78.76995,271,10.1,583.5,29.0,24.8,96.2,66.8,1.24,0.05,39,MODERATE,NORMAL
TN-SLM-634290-549,Salem,Thalaivasal,634290,Sadasivapuram,FULL,227839,Sadasivapuram(Gram Panchayat)-Thalaivasal(Panchayat Samiti)-Salem(Zila Panchayat),11.58743,78.72526,137,9.3,168.0,37.4,16.9,87.0,74.6,1.4,0.05,41,ELEVATED,MONITORING
TN-SLM-634291-550,Salem,Thalaivasal,634291,Sarvoy,PART,227840,Sarvoy(Gram Panchayat)-Thalaivasal(Panchayat Samiti)-Salem(Zila Panchayat),11.61096,78.75141,139,6.5,360.6,35.4,15.7,91.5,74.6,1.75,0.1,42,ELEVATED,MONITORING
TN-SLM-634291-551,Salem,Thalaivasal,634291,Sarvoy,PART,227841,Sarvoy Pudur(Gram Panchayat)-Thalaivasal(Panchayat Samiti)-Salem(Zila Panchayat),11.59106,78.73924,183,9.0,73.5,44.4,6.2,31.7,38.7,0.83,-0.02,16,LOW,NORMAL
TN-SLM-634306-552,Salem,Thalaivasal,634306,Sathapadi,FULL,227842,Sathappadi(Gram Panchayat)-Thalaivasal(Panchayat Samiti)-Salem(Zila Panchayat),11.57214,78.77363,208,4.3,201.6,18.4,11.2,45.3,50.6,1.06,0.02,20,LOW,NORMAL
TN-SLM-634264-553,Salem,Thalaivasal,634264,Siruvachur North,FULL,227843,Siruvachur(Gram Panchayat)-Thalaivasal(Panchayat Samiti)-Salem(Zila Panchayat),11.56489,78.72929,134,5.5,618.0,46.0,2.0,24.6,36.4,1.01,-0.0,14,LOW,NORMAL
TN-SLM-931901-554,Salem,Thalaivasal,931901,Siruvachur(South),PART,227843,Siruvachur(Gram Panchayat)-Thalaivasal(Panchayat Samiti)-Salem(Zila Panchayat),11.59472,78.74569,279,10.9,353.1,7.9,24.2,101.4,60.3,1.86,0.08,37,MODERATE,NORMAL
TN-SLM-634314-555,Salem,Thalaivasal,634314,Sitheri,FULL,227844,Sitheri(Gram Panchayat)-Thalaivasal(Panchayat Samiti)-Salem(Zila Panchayat),11.59635,78.76687,278,3.6,167.6,25.1,5.7,22.0,49.2,0.55,0.02,15,LOW,NORMAL
TN-SLM-634293-556,Salem,Thalaivasal,634293,Talaivasal,FULL,227845,Thalaivasal(Gram Panchayat)-Thalaivasal(Panchayat Samiti)-Salem(Zila Panchayat),11.57454,78.7668,176,9.8,289.6,26.1,25.4,99.2,64.9,1.5,0.08,40,MODERATE,NORMAL
TN-SLM-634305-557,Salem,Thalaivasal,634305,Thenkumarai,FULL,227846,Thenkumarai(Gram Panchayat)-Thalaivasal(Panchayat Samiti)-Salem(Zila Panchayat),11.55003,78.78375,262,9.8,472.9,24.9,7.4,40.4,51.6,1.02,-0.02,20,LOW,NORMAL
TN-SLM-634354-558,Salem,Thalaivasal,634354,Thittacheri,FULL,227847,Thittacherri(Gram Panchayat)-Thalaivasal(Panchayat Samiti)-Salem(Zila Panchayat),11.608,78.78406,285,10.1,341.1,29.6,9.9,35.0,30.1,0.73,0.03,17,LOW,NORMAL
TN-SLM-634300-559,Salem,Thalaivasal,634300,Thiyaganur,FULL,227848,Thiyaganur(Gram Panchayat)-Thalaivasal(Panchayat Samiti)-Salem(Zila Panchayat),11.5993,78.77484,151,6.1,470.3,34.9,2.7,32.0,29.5,0.72,-0.02,11,LOW,NORMAL
TN-SLM-634261-560,Salem,Thalaivasal,634261,Unathur,FULL,227849,Unathur(Gram Panchayat)-Thalaivasal(Panchayat Samiti)-Salem(Zila Panchayat),11.58242,78.7376,136,3.8,235.1,7.3,3.9,40.2,34.5,0.68,0.0,7,LOW,NORMAL
TN-SLM-634304-561,Salem,Thalaivasal,634304,Vadakumarai,FULL,227850,Vadakumarai(Gram Panchayat)-Thalaivasal(Panchayat Samiti)-Salem(Zila Panchayat),11.61422,78.74731,253,6.2,565.6,36.2,25.6,117.8,64.6,1.81,0.06,41,ELEVATED,MONITORING
TN-SLM-634263-562,Salem,Thalaivasal,634263,Varagur,FULL,227851,Varagur(Gram Panchayat)-Thalaivasal(Panchayat Samiti)-Salem(Zila Panchayat),11.61808,78.75504,277,7.0,99.2,28.4,6.1,25.7,32.9,0.79,0.0,13,LOW,NORMAL
TN-SLM-932942-563,Salem,Thalaivasal,932942,Veeraganur,N/A,N/A,N/A,11.55379,78.77204,130,9.8,113.2,17.4,4.3,28.5,34.4,0.94,0.02,13,LOW,NORMAL
TN-SLM-634331-564,Salem,Thalaivasal,634331,Vellaiyur,FULL,227852,Vellaiyur(Gram Panchayat)-Thalaivasal(Panchayat Samiti)-Salem(Zila Panchayat),11.56178,78.71178,178,6.8,613.3,39.7,7.1,45.4,39.5,1.01,0.01,16,LOW,NORMAL
TN-SLM-634329-565,Salem,Thalaivasal,634329,Veppampoondi,FULL,227853,Veppampoondi(Gram Panchayat)-Thalaivasal(Panchayat Samiti)-Salem(Zila Panchayat),11.5674,78.78461,289,9.8,607.9,5.8,0.3,24.2,50.3,0.79,0.01,13,LOW,NORMAL
TN-SLM-634262-566,Salem,Thalaivasal,634262,Veppanatham,FULL,227854,Veppanatham(Gram Panchayat)-Thalaivasal(Panchayat Samiti)-Salem(Zila Panchayat),11.59988,78.77567,265,6.8,423.0,24.5,24.9,102.1,73.4,1.69,0.08,44,ELEVATED,MONITORING
TN-SLM-634185-567,Salem,Vazhapadi,634185,Agrahara Nattaramangalam,FULL,227561,A. N. Mangalam(Gram Panchayat)-Ayothiyapattinam(Panchayat Samiti)-Salem(Zila Panchayat),11.62113,78.39393,225,15.3,283.9,14.2,5.8,35.5,49.5,1.0,0.02,20,LOW,NORMAL
TN-SLM-931799-568,Salem,Vazhapadi,931799,Agrahara Valapadi,FULL,252488,Vazhapadi(Town Panchayat),11.65469,78.3655,387,13.8,439.9,29.9,3.7,29.8,35.0,0.85,0.0,15,LOW,NORMAL
TN-SLM-634167-569,Salem,Vazhapadi,634167,Aladipatti,FULL,227564,Aladipatti(Gram Panchayat)-Ayothiyapattinam(Panchayat Samiti)-Salem(Zila Panchayat),11.64928,78.42623,377,16.6,191.4,33.8,5.7,31.4,41.8,0.77,0.02,18,LOW,NORMAL
TN-SLM-634175-570,Salem,Vazhapadi,634175,Anuppur,FULL,227565,Anupur(Gram Panchayat)-Ayothiyapattinam(Panchayat Samiti)-Salem(Zila Panchayat),11.62722,78.36743,225,13.2,63.2,7.7,10.6,27.9,47.9,0.49,0.02,17,LOW,NORMAL
TN-SLM-634169-571,Salem,Vazhapadi,634169,Aranuthumalai,FULL,227564,Aladipatti(Gram Panchayat)-Ayothiyapattinam(Panchayat Samiti)-Salem(Zila Panchayat),11.61673,78.37153,235,15.9,305.8,36.2,9.6,29.0,35.6,0.91,0.02,20,LOW,NORMAL
TN-SLM-634192-572,Salem,Vazhapadi,634192,Athanurpatti,FULL,227872,Athanurpatti(Gram Panchayat)-Valapady(Panchayat Samiti)-Salem(Zila Panchayat),11.68845,78.43449,339,13.8,145.5,36.8,2.7,38.4,41.4,1.02,0.01,17,LOW,NORMAL
TN-SLM-932993-573,Salem,Vazhapadi,932993,Ayothiyapattinam,FULL,252486,Ayothiapattinam(Town Panchayat),11.64761,78.43647,276,15.2,85.4,40.2,16.2,78.2,61.2,1.56,0.05,37,MODERATE,NORMAL
TN-SLM-932996-574,Salem,Vazhapadi,932996,Belur,FULL,252487,Belur(Town Panchayat),11.65529,78.40678,359,13.0,209.6,37.7,7.9,19.9,32.1,0.64,0.01,17,LOW,NORMAL
TN-SLM-634188-575,Salem,Vazhapadi,634188,Chandrapillaivalasai,FULL,227873,Chandrapillaivalasu(Gram Panchayat)-Valapady(Panchayat Samiti)-Salem(Zila Panchayat),11.62037,78.4165,338,14.4,409.4,14.6,8.6,27.2,50.7,0.56,-0.02,18,LOW,NORMAL
TN-SLM-634200-576,Salem,Vazhapadi,634200,Chenrayapalayam,FULL,227875,Kattuveppilaipatti(Gram Panchayat)-Valapady(Panchayat Samiti)-Salem(Zila Panchayat),11.66063,78.41434,380,19.1,268.4,12.2,9.0,31.4,39.1,0.94,0.03,18,LOW,NORMAL
TN-SLM-634182-577,Salem,Vazhapadi,634182,Chinnakavundapuram,FULL,227566,Chinnagoundapuram(Gram Panchayat)-Ayothiyapattinam(Panchayat Samiti)-Salem(Zila Panchayat),11.65385,78.3677,278,17.9,259.0,8.7,22.5,87.1,69.8,1.77,0.05,42,ELEVATED,MONITORING
TN-SLM-634160-578,Salem,Vazhapadi,634160,Chinnakuttimaduvu,FULL,227884,Puzhuthikuttai(Gram Panchayat)-Valapady(Panchayat Samiti)-Salem(Zila Panchayat),11.61118,78.41098,289,15.0,85.9,19.8,4.2,36.1,33.2,0.94,0.01,15,LOW,NORMAL
TN-SLM-634189-579,Salem,Vazhapadi,634189,Chinnamanayakanpalayam,FULL,227874,Chinnamanaickenpalayam(Gram Panchayat)-Valapady(Panchayat Samiti)-Salem(Zila Panchayat),11.61332,78.42836,257,14.3,112.1,36.4,16.9,85.9,72.8,1.61,0.09,43,ELEVATED,MONITORING
TN-SLM-634165-580,Salem,Vazhapadi,634165,Chinnavelampatti,FULL,227564,Aladipatti(Gram Panchayat)-Ayothiyapattinam(Panchayat Samiti)-Salem(Zila Panchayat),11.62722,78.36743,225,13.2,63.2,7.7,10.6,27.9,47.9,0.49,0.02,17,LOW,NORMAL
TN-SLM-634178-581,Salem,Vazhapadi,634178,Eripudur,FULL,227561,A. N. Mangalam(Gram Panchayat)-Ayothiyapattinam(Panchayat Samiti)-Salem(Zila Panchayat),11.65385,78.3677,278,17.9,259.0,8.7,22.5,87.1,69.8,1.77,0.05,42,ELEVATED,MONITORING
TN-SLM-634223-582,Salem,Vazhapadi,634223,Gudamalai R.F.,PART,227577,M. Perumapalayam(Gram Panchayat)-Ayothiyapattinam(Panchayat Samiti)-Salem(Zila Panchayat),11.64695,78.41258,331,20.2,597.6,13.3,6.4,29.6,41.6,0.77,0.0,16,LOW,NORMAL
TN-SLM-634216-583,Salem,Vazhapadi,634216,Jambuthumalai,FULL,227887,Thekkalpatti(Gram Panchayat)-Valapady(Panchayat Samiti)-Salem(Zila Panchayat),11.63561,78.43974,280,15.1,217.7,32.3,26.9,103.1,75.7,1.81,0.07,50,ELEVATED,MONITORING
TN-SLM-634161-584,Salem,Vazhapadi,634161,Kankatti Ala,FULL,227884,Puzhuthikuttai(Gram Panchayat)-Valapady(Panchayat Samiti)-Salem(Zila Panchayat),11.62722,78.36743,225,13.2,63.2,7.7,10.6,27.9,47.9,0.49,0.02,17,LOW,NORMAL
TN-SLM-634183-585,Salem,Vazhapadi,634183,Karipatti,FULL,227570,Karipatti(Gram Panchayat)-Ayothiyapattinam(Panchayat Samiti)-Salem(Zila Panchayat),11.61332,78.42836,257,14.3,112.1,36.4,16.9,85.9,72.8,1.61,0.09,43,ELEVATED,MONITORING
TN-SLM-634184-586,Salem,Vazhapadi,634184,Karumapuram,FULL,227571,Karumapuram(Gram Panchayat)-Ayothiyapattinam(Panchayat Samiti)-Salem(Zila Panchayat),11.64697,78.3908,303,16.3,81.6,25.0,7.7,38.1,39.9,1.02,-0.0,18,LOW,NORMAL
TN-SLM-634214-587,Salem,Vazhapadi,634214,Karungalpatti,FULL,227887,Thekkalpatti(Gram Panchayat)-Valapady(Panchayat Samiti)-Salem(Zila Panchayat),11.68566,78.42262,268,12.4,621.5,41.5,6.8,27.8,43.4,0.78,0.03,19,LOW,NORMAL
TN-SLM-634201-588,Salem,Vazhapadi,634201,Kattuveppilaipatti,FULL,227875,Kattuveppilaipatti(Gram Panchayat)-Valapady(Panchayat Samiti)-Salem(Zila Panchayat),11.61829,78.40028,262,16.7,139.6,28.9,10.3,38.4,36.6,1.06,0.01,20,LOW,NORMAL
TN-SLM-634198-589,Salem,Vazhapadi,634198,Kavurkkalpatti,FULL,227875,Kattuveppilaipatti(Gram Panchayat)-Valapady(Panchayat Samiti)-Salem(Zila Panchayat),11.62693,78.37268,345,12.6,184.5,18.9,8.1,19.5,34.0,0.91,0.01,15,LOW,NORMAL
TN-SLM-634164-590,Salem,Vazhapadi,634164,Kiraipatti,FULL,227884,Puzhuthikuttai(Gram Panchayat)-Valapady(Panchayat Samiti)-Salem(Zila Panchayat),11.62906,78.36015,374,14.1,412.1,23.5,21.8,116.3,64.0,1.41,0.11,39,MODERATE,NORMAL
TN-SLM-634174-591,Salem,Vazhapadi,634174,Kolathukombai,FULL,227876,Kolathukombai(Gram Panchayat)-Valapady(Panchayat Samiti)-Salem(Zila Panchayat),11.67878,78.37415,272,15.2,539.0,6.2,10.2,29.1,39.9,0.94,-0.02,15,LOW,NORMAL
TN-SLM-634210-592,Salem,Vazhapadi,634210,Komarapalayam,FULL,227877,Komarapalayam(Gram Panchayat)-Valapady(Panchayat Samiti)-Salem(Zila Panchayat),11.61518,78.42018,366,18.9,475.3,18.4,11.8,38.5,31.8,0.67,-0.01,18,LOW,NORMAL
TN-SLM-634179-593,Salem,Vazhapadi,634179,Kullampatti,FULL,227574,Kullampatti(Gram Panchayat)-Ayothiyapattinam(Panchayat Samiti)-Salem(Zila Panchayat),11.68091,78.37632,361,13.7,234.3,46.8,5.9,42.2,40.1,0.45,0.02,16,LOW,NORMAL
TN-SLM-634193-594,Salem,Vazhapadi,634193,Kumarasamiyur,FULL,227872,Athanurpatti(Gram Panchayat)-Valapady(Panchayat Samiti)-Salem(Zila Panchayat),11.62693,78.37268,345,12.6,184.5,18.9,8.1,19.5,34.0,0.91,0.01,15,LOW,NORMAL
TN-SLM-634190-595,Salem,Vazhapadi,634190,Kurichi,FULL,227878,Kurichi(Gram Panchayat)-Valapady(Panchayat Samiti)-Salem(Zila Panchayat),11.6117,78.41851,268,15.7,103.6,8.3,25.3,127.5,67.8,1.66,0.07,42,ELEVATED,MONITORING
TN-SLM-634222-596,Salem,Vazhapadi,634222,Kurichi (R.F),FULL,227884,Puzhuthikuttai(Gram Panchayat)-Valapady(Panchayat Samiti)-Salem(Zila Panchayat),11.63541,78.36989,344,20.6,360.4,37.5,0.4,22.4,39.8,0.98,-0.02,16,LOW,NORMAL
TN-SLM-634176-597,Salem,Vazhapadi,634176,Kuttathipatti,FULL,227572,Kootathupatti(Gram Panchayat)-Ayothiyapattinam(Panchayat Samiti)-Salem(Zila Panchayat),11.66165,78.37974,389,15.1,618.0,30.4,4.8,31.3,45.9,0.97,-0.01,19,LOW,NORMAL
TN-SLM-634219-598,Salem,Vazhapadi,634219,Kuttimadavu (R.F.),FULL,227884,Puzhuthikuttai(Gram Panchayat)-Valapady(Panchayat Samiti)-Salem(Zila Panchayat),11.63489,78.37929,294,18.1,618.0,46.0,2.0,24.6,36.4,1.01,-0.0,18,LOW,NORMAL
TN-SLM-634215-599,Salem,Vazhapadi,634215,Malaiyalapatti,FULL,227887,Thekkalpatti(Gram Panchayat)-Valapady(Panchayat Samiti)-Salem(Zila Panchayat),11.66954,78.42128,322,13.9,440.4,5.4,25.7,99.6,73.4,1.3,0.07,42,ELEVATED,MONITORING
TN-SLM-634207-600,Salem,Vazhapadi,634207,Mannarpalayam,FULL,227880,Mannarpalayam(Gram Panchayat)-Valapady(Panchayat Samiti)-Salem(Zila Panchayat),11.64562,78.36534,334,17.1,355.8,20.4,1.2,29.4,41.2,0.69,0.0,13,LOW,NORMAL
TN-SLM-634195-601,Salem,Vazhapadi,634195,Mannayakanpatti,FULL,227879,Mannaickenpatti(Gram Panchayat)-Valapady(Panchayat Samiti)-Salem(Zila Panchayat),11.66618,78.43974,344,15.3,112.5,46.9,28.9,112.7,63.8,1.5,0.09,46,ELEVATED,MONITORING
TN-SLM-634225-602,Salem,Vazhapadi,634225,Masinaickenpatty (Ct),FULL,227579,Masinaickenpatti(Gram Panchayat)-Ayothiyapattinam(Panchayat Samiti)-Salem(Zila Panchayat),11.65028,78.37639,303,18.6,89.5,28.8,2.9,23.8,36.2,0.46,-0.01,14,LOW,NORMAL
TN-SLM-634218-603,Salem,Vazhapadi,634218,Mathikuttai(R.F),FULL,227884,Puzhuthikuttai(Gram Panchayat)-Valapady(Panchayat Samiti)-Salem(Zila Panchayat),11.65242,78.3876,296,16.0,235.1,7.3,3.9,40.2,34.5,0.68,0.0,12,LOW,NORMAL
TN-SLM-634197-604,Salem,Vazhapadi,634197,Mettupatti,FULL,227580,Mettupatti(Gram Panchayat)-Ayothiyapattinam(Panchayat Samiti)-Salem(Zila Panchayat),11.68566,78.42262,268,12.4,621.5,41.5,6.8,27.8,43.4,0.78,0.03,19,LOW,NORMAL
TN-SLM-634205-605,Salem,Vazhapadi,634205,Mettur,FULL,227891,Vilaripalayam(Gram Panchayat)-Valapady(Panchayat Samiti)-Salem(Zila Panchayat),11.63509,78.36199,319,12.3,410.6,12.2,10.7,47.8,50.3,0.91,0.01,21,MODERATE,NORMAL
TN-SLM-634180-606,Salem,Vazhapadi,634180,Minnampalli,FULL,227581,Minnampalli(Gram Panchayat)-Ayothiyapattinam(Panchayat Samiti)-Salem(Zila Panchayat),11.65264,78.41715,284,16.3,164.5,14.7,3.4,21.7,37.6,0.94,0.02,14,LOW,NORMAL
TN-SLM-634196-607,Salem,Vazhapadi,634196,M.Perumalpalayam,FULL,227577,M. Perumapalayam(Gram Panchayat)-Ayothiyapattinam(Panchayat Samiti)-Salem(Zila Panchayat),11.63351,78.36626,269,16.4,437.1,30.6,5.3,30.5,43.0,1.06,-0.01,19,LOW,NORMAL
TN-SLM-634202-608,Salem,Vazhapadi,634202,Muttampatti,FULL,227881,Muthampatti(Gram Panchayat)-Valapady(Panchayat Samiti)-Salem(Zila Panchayat),11.63509,78.36199,319,12.3,410.6,12.2,10.7,47.8,50.3,0.91,0.01,21,MODERATE,NORMAL
TN-SLM-634187-609,Salem,Vazhapadi,634187,Nirmullikuttai,FULL,227882,Neermullikuttai(Gram Panchayat)-Valapady(Panchayat Samiti)-Salem(Zila Panchayat),11.66618,78.43974,344,15.3,112.5,46.9,28.9,112.7,63.8,1.5,0.09,46,ELEVATED,MONITORING
TN-SLM-634177-610,Salem,Vazhapadi,634177,Palapatti,FULL,227572,Kootathupatti(Gram Panchayat)-Ayothiyapattinam(Panchayat Samiti)-Salem(Zila Panchayat),11.62693,78.37268,345,12.6,184.5,18.9,8.1,19.5,34.0,0.91,0.01,15,LOW,NORMAL
TN-SLM-634172-611,Salem,Vazhapadi,634172,Palappadi,FULL,227564,Aladipatti(Gram Panchayat)-Ayothiyapattinam(Panchayat Samiti)-Salem(Zila Panchayat),11.66593,78.42003,330,18.1,144.9,39.2,9.4,24.0,39.0,0.98,0.01,21,MODERATE,NORMAL
TN-SLM-634221-612,Salem,Vazhapadi,634221,Palappadi R.F.,FULL,227564,Aladipatti(Gram Panchayat)-Ayothiyapattinam(Panchayat Samiti)-Salem(Zila Panchayat),11.68163,78.38208,425,22.1,611.6,18.1,5.4,25.3,43.8,0.75,0.01,18,LOW,NORMAL
TN-SLM-634171-613,Salem,Vazhapadi,634171,Pallikkadu,FULL,227564,Aladipatti(Gram Panchayat)-Ayothiyapattinam(Panchayat Samiti)-Salem(Zila Panchayat),11.64368,78.3668,353,14.7,120.2,40.3,8.1,48.8,37.3,0.7,-0.02,17,LOW,NORMAL
TN-SLM-634159-614,Salem,Vazhapadi,634159,Periakuttimaduvu,FULL,227884,Puzhuthikuttai(Gram Panchayat)-Valapady(Panchayat Samiti)-Salem(Zila Panchayat),11.66165,78.37974,389,15.1,618.0,30.4,4.8,31.3,45.9,0.97,-0.01,19,LOW,NORMAL
TN-SLM-634181-615,Salem,Vazhapadi,634181,Periyakavundapuram,FULL,227583,Periyagoundapuram(Gram Panchayat)-Ayothiyapattinam(Panchayat Samiti)-Salem(Zila Panchayat),11.66618,78.43974,344,15.3,112.5,46.9,28.9,112.7,63.8,1.5,0.09,46,ELEVATED,MONITORING
TN-SLM-634166-616,Salem,Vazhapadi,634166,Periyavelampatti,FULL,227564,Aladipatti(Gram Panchayat)-Ayothiyapattinam(Panchayat Samiti)-Salem(Zila Panchayat),11.6247,78.4129,347,13.5,217.8,23.4,21.4,91.7,69.0,1.53,0.07,41,ELEVATED,MONITORING
TN-SLM-634208-617,Salem,Vazhapadi,634208,Ponnarampatti,FULL,227883,Ponnarampatti(Gram Panchayat)-Valapady(Panchayat Samiti)-Salem(Zila Panchayat),11.68808,78.40504,357,16.0,99.2,28.4,6.1,25.7,32.9,0.79,0.0,16,LOW,NORMAL
TN-SLM-634173-618,Salem,Vazhapadi,634173,Puludikkuttai,FULL,227884,Puzhuthikuttai(Gram Panchayat)-Valapady(Panchayat Samiti)-Salem(Zila Panchayat),11.66584,78.39144,316,16.9,164.4,40.3,7.3,44.8,42.8,0.63,0.02,20,LOW,NORMAL
TN-SLM-634163-619,Salem,Vazhapadi,634163,Pungamaduvu,FULL,227884,Puzhuthikuttai(Gram Panchayat)-Valapady(Panchayat Samiti)-Salem(Zila Panchayat),11.6247,78.4129,347,13.5,217.8,23.4,21.4,91.7,69.0,1.53,0.07,41,ELEVATED,MONITORING
TN-SLM-634220-620,Salem,Vazhapadi,634220,Pungamaduvu (R.F.),FULL,227884,Puzhuthikuttai(Gram Panchayat)-Valapady(Panchayat Samiti)-Salem(Zila Panchayat),11.65688,78.40429,353,23.5,61.3,30.8,28.3,95.3,66.3,1.75,0.09,49,ELEVATED,MONITORING
TN-SLM-931801-621,Salem,Vazhapadi,931801,Puthupalayam,FULL,252488,Vazhapadi(Town Panchayat),11.67811,78.42171,347,17.7,227.2,4.8,5.1,23.9,35.5,0.65,0.02,13,LOW,NORMAL
TN-SLM-634162-622,Salem,Vazhapadi,634162,Sandumalai,FULL,227884,Puzhuthikuttai(Gram Panchayat)-Valapady(Panchayat Samiti)-Salem(Zila Panchayat),11.64368,78.3668,353,14.7,120.2,40.3,8.1,48.8,37.3,0.7,-0.02,17,LOW,NORMAL
TN-SLM-634186-623,Salem,Vazhapadi,634186,Sarkar Nattamangalam,FULL,227585,S. N. Mangalam(Gram Panchayat)-Ayothiyapattinam(Panchayat Samiti)-Salem(Zila Panchayat),11.68951,78.4083,316,18.3,65.6,8.4,29.9,117.7,58.8,1.53,0.09,41,ELEVATED,MONITORING
TN-SLM-931800-624,Salem,Vazhapadi,931800,Sarkar Valapadi,FULL,252488,Vazhapadi(Town Panchayat),11.63618,78.39947,228,13.7,257.8,47.1,5.4,24.5,42.4,0.5,-0.01,17,LOW,NORMAL
TN-SLM-634203-625,Salem,Vazhapadi,634203,Singipuram,FULL,227885,Singipuram(Gram Panchayat)-Valapady(Panchayat Samiti)-Salem(Zila Panchayat),11.66988,78.42567,345,15.8,423.0,24.5,24.9,102.1,73.4,1.69,0.08,47,ELEVATED,MONITORING
TN-SLM-634168-626,Salem,Vazhapadi,634168,Sirumalai,FULL,227564,Aladipatti(Gram Panchayat)-Ayothiyapattinam(Panchayat Samiti)-Salem(Zila Panchayat),11.68068,78.42689,231,12.5,122.5,14.3,20.8,89.1,59.1,1.71,0.09,36,MODERATE,NORMAL
TN-SLM-634204-627,Salem,Vazhapadi,634204,Somanpatti,FULL,227886,Somampatti(Gram Panchayat)-Valapady(Panchayat Samiti)-Salem(Zila Panchayat),11.64879,78.43706,273,18.3,570.9,21.6,1.5,20.3,51.2,0.99,-0.02,19,LOW,NORMAL
TN-SLM-634213-628,Salem,Vazhapadi,634213,Tekkalpatti,FULL,227887,Thekkalpatti(Gram Panchayat)-Valapady(Panchayat Samiti)-Salem(Zila Panchayat),11.68096,78.40141,219,15.5,360.6,35.4,15.7,91.5,74.6,1.75,0.1,45,ELEVATED,MONITORING
TN-SLM-634212-629,Salem,Vazhapadi,634212,Tirumanur,FULL,227888,Thirumanur(Gram Panchayat)-Valapady(Panchayat Samiti)-Salem(Zila Panchayat),11.68096,78.40141,219,15.5,360.6,35.4,15.7,91.5,74.6,1.75,0.1,45,ELEVATED,MONITORING
TN-SLM-634194-630,Salem,Vazhapadi,634194,Tukkiyampalayam,FULL,227889,Thukkiyampalayam(Gram Panchayat)-Valapady(Panchayat Samiti)-Salem(Zila Panchayat),11.66798,78.42867,274,19.5,626.1,26.9,8.3,41.1,46.3,1.01,0.0,22,MODERATE,NORMAL
TN-SLM-634217-631,Salem,Vazhapadi,634217,Vallapadi (R.F),FULL,227887,Thekkalpatti(Gram Panchayat)-Valapady(Panchayat Samiti)-Salem(Zila Panchayat),11.66162,78.36538,344,20.2,169.7,37.1,0.7,34.5,51.0,0.45,0.02,20,LOW,NORMAL
TN-SLM-634170-632,Salem,Vazhapadi,634170,Velampatti,PART,227565,Anupur(Gram Panchayat)-Ayothiyapattinam(Panchayat Samiti)-Salem(Zila Panchayat),11.61518,78.42018,366,18.9,475.3,18.4,11.8,38.5,31.8,0.67,-0.01,18,LOW,NORMAL
TN-SLM-634199-633,Salem,Vazhapadi,634199,Vellalakundam,FULL,227592,Vellalagundam(Gram Panchayat)-Ayothiyapattinam(Panchayat Samiti)-Salem(Zila Panchayat),11.67893,78.39129,389,14.6,463.3,18.8,17.3,85.6,55.2,1.44,0.09,32,MODERATE,NORMAL
TN-SLM-634224-634,Salem,Vazhapadi,634224,Vellalakundam R.F.,FULL,227592,Vellalagundam(Gram Panchayat)-Ayothiyapattinam(Panchayat Samiti)-Salem(Zila Panchayat),11.64214,78.42363,368,16.6,201.6,18.4,11.2,45.3,50.6,1.06,0.02,24,MODERATE,NORMAL
TN-SLM-634211-635,Salem,Vazhapadi,634211,Veppilaipatti,FULL,227890,Veppilaipatti(Gram Panchayat)-Valapady(Panchayat Samiti)-Salem(Zila Panchayat),11.66343,78.42557,301,15.8,643.6,25.4,8.2,26.3,40.5,0.47,-0.0,15,LOW,NORMAL
TN-SLM-634209-636,Salem,Vazhapadi,634209,Veppilaipatti Pudur,FULL,227877,Komarapalayam(Gram Panchayat)-Valapady(Panchayat Samiti)-Salem(Zila Panchayat),11.61617,78.43912,294,18.1,426.3,45.7,3.9,34.9,36.4,0.6,0.01,17,LOW,NORMAL
TN-SLM-634191-637,Salem,Vazhapadi,634191,Vettaikkaranur,FULL,227872,Athanurpatti(Gram Panchayat)-Valapady(Panchayat Samiti)-Salem(Zila Panchayat),11.66988,78.42567,345,15.8,423.0,24.5,24.9,102.1,73.4,1.69,0.08,47,ELEVATED,MONITORING
TN-SLM-634206-638,Salem,Vazhapadi,634206,Vilaripalayam,FULL,227891,Vilaripalayam(Gram Panchayat)-Valapady(Panchayat Samiti)-Salem(Zila Panchayat),11.64799,78.41995,351,19.1,583.5,29.0,24.8,96.2,66.8,1.24,0.05,42,ELEVATED,MONITORING
TN-SLM-634139-639,Salem,Yercaud,634139,Ajjam Patty (R.F.),FULL,227920,Semmanatham(Gram Panchayat)-Yercaud(Panchayat Samiti)-Salem(Zila Panchayat),11.79052,78.2462,1506,36.2,136.4,28.8,62.7,202.3,81.1,3.57,0.3,90,VERY HIGH,ACTIVE
TN-SLM-634089-640,Salem,Yercaud,634089,Anakkadu,FULL,227923,Vellakkadai(Gram Panchayat)-Yercaud(Panchayat Samiti)-Salem(Zila Panchayat),11.80933,78.23744,1507,31.2,640.5,17.1,50.1,209.9,85.5,3.23,0.17,79,HIGH,ACTIVE
TN-SLM-634110-641,Salem,Yercaud,634110,Aramanaikadu,FULL,227922,Vazhavanthi(Gram Panchayat)-Yercaud(Panchayat Samiti)-Salem(Zila Panchayat),11.75949,78.23569,1548,28.1,637.7,31.4,37.6,162.6,78.0,2.71,0.14,67,HIGH,ACTIVE
TN-SLM-634123-642,Salem,Yercaud,634123,Arangam,FULL,227918,Maramangalam(Gram Panchayat)-Yercaud(Panchayat Samiti)-Salem(Zila Panchayat),11.80878,78.18415,1487,30.2,539.0,6.2,21.0,92.7,71.3,1.23,0.07,44,ELEVATED,MONITORING
TN-SLM-634081-643,Salem,Yercaud,634081,Arasamanathur,FULL,227920,Semmanatham(Gram Panchayat)-Yercaud(Panchayat Samiti)-Salem(Zila Panchayat),11.78582,78.24135,1536,27.6,301.8,5.1,7.6,26.5,51.0,0.74,0.03,23,MODERATE,NORMAL
TN-SLM-634155-644,Salem,Yercaud,634155,Arasankadai(R.F.),FULL,227918,Maramangalam(Gram Panchayat)-Yercaud(Panchayat Samiti)-Salem(Zila Panchayat),11.76561,78.24974,1575,37.6,217.7,32.3,26.9,103.1,75.7,1.81,0.07,57,ELEVATED,MONITORING
TN-SLM-634105-645,Salem,Yercaud,634105,Asambur,FULL,227917,Manjakuttai(Gram Panchayat)-Yercaud(Panchayat Samiti)-Salem(Zila Panchayat),11.77702,78.23157,1500,31.4,361.1,22.8,1.9,21.8,32.9,0.7,0.03,19,LOW,NORMAL
TN-SLM-634104-646,Salem,Yercaud,634104,Athiyur,FULL,227917,Manjakuttai(Gram Panchayat)-Yercaud(Panchayat Samiti)-Salem(Zila Panchayat),11.77702,78.23157,1500,31.4,361.1,22.8,1.9,21.8,32.9,0.7,0.03,19,LOW,NORMAL
TN-SLM-634149-647,Salem,Yercaud,634149,Attur Chat Extension (R.F.),FULL,227919,Nagalur(Gram Panchayat)-Yercaud(Panchayat Samiti)-Salem(Zila Panchayat),11.79618,78.24974,1639,37.9,112.5,46.9,65.3,220.7,84.7,2.74,0.28,91,VERY HIGH,ACTIVE
TN-SLM-634148-648,Salem,Yercaud,634148,Attur Chat (R.F.),FULL,227919,Nagalur(Gram Panchayat)-Yercaud(Panchayat Samiti)-Salem(Zila Panchayat),11.79618,78.24974,1639,37.9,112.5,46.9,65.3,220.7,84.7,2.74,0.28,91,VERY HIGH,ACTIVE
TN-SLM-634143-649,Salem,Yercaud,634143,Bonthakkadu (R.F.),FULL,227920,Semmanatham(Gram Panchayat)-Yercaud(Panchayat Samiti)-Salem(Zila Panchayat),11.7571,78.1922,1639,39.5,200.0,11.2,65.6,221.8,82.2,3.18,0.33,89,VERY HIGH,ACTIVE
TN-SLM-634140-650,Salem,Yercaud,634140,Boonthikkal (R.F.),FULL,227920,Semmanatham(Gram Panchayat)-Yercaud(Panchayat Samiti)-Salem(Zila Panchayat),11.76384,78.18909,1523,37.2,644.9,13.0,34.8,168.7,81.7,2.37,0.19,67,HIGH,ACTIVE
TN-SLM-634125-651,Salem,Yercaud,634125,Chinnamadur,FULL,227918,Maramangalam(Gram Panchayat)-Yercaud(Panchayat Samiti)-Salem(Zila Panchayat),11.79063,78.22434,1595,34.1,268.4,12.2,59.0,197.6,85.4,3.42,0.35,88,VERY HIGH,ACTIVE
TN-SLM-634075-652,Salem,Yercaud,634075,Elavadi,FULL,227919,Nagalur(Gram Panchayat)-Yercaud(Panchayat Samiti)-Salem(Zila Panchayat),11.75675,78.24783,1435,32.0,102.2,35.3,10.6,36.2,28.9,0.73,0.01,25,MODERATE,NORMAL
TN-SLM-931989-653,Salem,Yercaud,931989,Gundur,PART,227925,Yercaud(Gram Panchayat)-Yercaud(Panchayat Samiti)-Salem(Zila Panchayat),11.80223,78.17222,1473,34.8,591.0,40.4,39.7,202.2,87.6,3.62,0.3,83,VERY HIGH,ACTIVE
TN-SLM-634079-654,Salem,Yercaud,634079,Kadugamarathur,FULL,227920,Semmanatham(Gram Panchayat)-Yercaud(Panchayat Samiti)-Salem(Zila Panchayat),11.74036,78.20268,1601,34.1,119.5,24.9,51.8,176.3,92.1,3.06,0.2,85,VERY HIGH,ACTIVE
TN-SLM-634132-655,Salem,Yercaud,634132,Kakkambadi,FULL,227921,Thalaisolai(Gram Panchayat)-Yercaud(Panchayat Samiti)-Salem(Zila Panchayat),11.75693,78.18268,1560,27.6,184.5,18.9,0.1,15.6,45.3,0.84,0.02,19,LOW,NORMAL
TN-SLM-634133-656,Salem,Yercaud,634133,Kanavaipudur (R.F.),FULL,227919,Nagalur(Gram Panchayat)-Yercaud(Panchayat Samiti)-Salem(Zila Panchayat),11.74829,78.21028,1557,39.6,139.6,28.9,63.0,215.9,83.7,3.7,0.26,92,VERY HIGH,ACTIVE
TN-SLM-634150-657,Salem,Yercaud,634150,Kanjeri Extension (R.F.),FULL,227924,Velur(Gram Panchayat)-Yercaud(Panchayat Samiti)-Salem(Zila Panchayat),11.77562,78.17534,1629,40.1,355.8,20.4,4.4,36.1,46.7,0.73,0.0,24,MODERATE,NORMAL
TN-SLM-634151-658,Salem,Yercaud,634151,Kanjeri (R.F.),FULL,227924,Velur(Gram Panchayat)-Yercaud(Panchayat Samiti)-Salem(Zila Panchayat),11.81951,78.2183,1611,41.6,65.6,8.4,67.7,229.1,80.9,2.79,0.27,84,VERY HIGH,ACTIVE
TN-SLM-634157-659,Salem,Yercaud,634157,"Kapputhi (R.F,)",FULL,227921,Thalaisolai(Gram Panchayat)-Yercaud(Panchayat Samiti)-Salem(Zila Panchayat),11.76803,78.2208,1537,39.1,478.6,45.5,58.6,188.6,92.7,3.21,0.32,95,VERY HIGH,ACTIVE
TN-SLM-634074-660,Salem,Yercaud,634074,Karadiyur,FULL,227919,Nagalur(Gram Panchayat)-Yercaud(Panchayat Samiti)-Salem(Zila Panchayat),11.78271,78.19467,1578,28.5,555.5,14.4,67.6,220.1,92.6,2.67,0.15,85,VERY HIGH,ACTIVE
TN-SLM-634113-661,Salem,Yercaud,634113,Keeraikkadu,FULL,227922,Vazhavanthi(Gram Panchayat)-Yercaud(Panchayat Samiti)-Salem(Zila Panchayat),11.79676,78.23393,1563,31.9,254.9,10.8,19.1,75.2,64.5,1.25,0.1,42,ELEVATED,MONITORING
TN-SLM-634119-662,Salem,Yercaud,634119,Kelaiyur,FULL,227918,Maramangalam(Gram Panchayat)-Yercaud(Panchayat Samiti)-Salem(Zila Panchayat),11.78468,78.23762,1552,32.3,514.6,40.9,4.5,26.2,37.9,0.49,-0.01,21,MODERATE,NORMAL
TN-SLM-931806-663,Salem,Yercaud,931806,Kiliyur,PART,227925,Yercaud(Gram Panchayat)-Yercaud(Panchayat Samiti)-Salem(Zila Panchayat),11.74684,78.23893,1574,34.5,119.7,28.3,6.6,40.8,39.3,0.49,0.0,21,MODERATE,NORMAL
TN-SLM-634073-664,Salem,Yercaud,634073,Kolagur,FULL,227919,Nagalur(Gram Panchayat)-Yercaud(Panchayat Samiti)-Salem(Zila Panchayat),11.75926,78.1893,1552,29.3,600.0,16.7,23.2,95.9,61.3,1.72,0.08,44,ELEVATED,MONITORING
TN-SLM-634130-665,Salem,Yercaud,634130,Kombaikkadu,FULL,227917,Manjakuttai(Gram Panchayat)-Yercaud(Panchayat Samiti)-Salem(Zila Panchayat),11.8054,78.18537,1523,29.1,187.1,14.5,32.7,164.7,91.1,2.67,0.19,70,HIGH,ACTIVE
TN-SLM-634088-666,Salem,Yercaud,634088,Kombu Thukki,FULL,227918,Maramangalam(Gram Panchayat)-Yercaud(Panchayat Samiti)-Salem(Zila Panchayat),11.75906,78.17015,1589,29.1,412.1,23.5,48.3,221.2,84.9,2.55,0.34,79,HIGH,ACTIVE
TN-SLM-634100-667,Salem,Yercaud,634100,Kondaiyanur,FULL,227924,Velur(Gram Panchayat)-Yercaud(Panchayat Samiti)-Salem(Zila Panchayat),11.74446,78.22032,1509,31.0,632.2,36.7,55.4,182.5,82.3,3.48,0.2,84,VERY HIGH,ACTIVE
TN-SLM-634115-668,Salem,Yercaud,634115,Kootumuttal,FULL,227918,Maramangalam(Gram Panchayat)-Yercaud(Panchayat Samiti)-Salem(Zila Panchayat),11.79593,78.23003,1545,33.1,144.9,39.2,60.3,179.4,85.3,3.51,0.27,91,VERY HIGH,ACTIVE
TN-SLM-634126-669,Salem,Yercaud,634126,Kottachchedu,FULL,227918,Maramangalam(Gram Panchayat)-Yercaud(Panchayat Samiti)-Salem(Zila Panchayat),11.8054,78.18537,1523,29.1,187.1,14.5,32.7,164.7,91.1,2.67,0.19,70,HIGH,ACTIVE
TN-SLM-634087-670,Salem,Yercaud,634087,Kovilur,FULL,227918,Maramangalam(Gram Panchayat)-Yercaud(Panchayat Samiti)-Salem(Zila Panchayat),11.80162,78.17101,1493,29.5,513.3,14.8,7.8,22.0,45.7,0.78,0.02,23,MODERATE,NORMAL
TN-SLM-634121-671,Salem,Yercaud,634121,Kumbipodi,FULL,227922,Vazhavanthi(Gram Panchayat)-Yercaud(Panchayat Samiti)-Salem(Zila Panchayat),11.7571,78.1922,1559,31.6,200.0,11.2,65.6,221.8,82.2,3.18,0.33,87,VERY HIGH,ACTIVE
TN-SLM-634153-672,Salem,Yercaud,634153,Kunumbalpatti (R.F.),FULL,227924,Velur(Gram Panchayat)-Yercaud(Panchayat Samiti)-Salem(Zila Panchayat),11.81808,78.21504,1652,38.8,99.2,28.4,5.8,25.7,50.7,0.52,-0.01,26,MODERATE,NORMAL
TN-SLM-634144-673,Salem,Yercaud,634144,Kuttar Extension (R.F.),FULL,227920,Semmanatham(Gram Panchayat)-Yercaud(Panchayat Samiti)-Salem(Zila Panchayat),11.76489,78.18929,1509,36.9,618.0,46.0,62.9,230.2,86.1,2.82,0.19,89,VERY HIGH,ACTIVE
TN-SLM-634145-674,Salem,Yercaud,634145,Kuttur R.F.,FULL,227920,Semmanatham(Gram Panchayat)-Yercaud(Panchayat Samiti)-Salem(Zila Panchayat),11.8055,78.22616,1595,37.1,632.8,22.9,66.4,230.3,79.2,2.65,0.2,83,VERY HIGH,ACTIVE
TN-SLM-634124-675,Salem,Yercaud,634124,Madur,FULL,227918,Maramangalam(Gram Panchayat)-Yercaud(Panchayat Samiti)-Salem(Zila Panchayat),11.76561,78.24974,1495,30.1,217.7,32.3,26.9,103.1,75.7,1.81,0.07,55,ELEVATED,MONITORING
TN-SLM-634111-676,Salem,Yercaud,634111,Mailapatti,FULL,227917,Manjakuttai(Gram Panchayat)-Yercaud(Panchayat Samiti)-Salem(Zila Panchayat),11.75693,78.18268,1560,27.6,184.5,18.9,0.1,15.6,45.3,0.84,0.02,19,LOW,NORMAL
TN-SLM-634137-677,Salem,Yercaud,634137,Mallapuram Chat Extension R.F.,FULL,227920,Semmanatham(Gram Panchayat)-Yercaud(Panchayat Samiti)-Salem(Zila Panchayat),11.79954,78.23128,1617,36.1,440.4,5.4,66.3,210.2,80.0,2.88,0.28,84,VERY HIGH,ACTIVE
TN-SLM-634136-678,Salem,Yercaud,634136,Mallapuram Chat R.F.,FULL,227920,Semmanatham(Gram Panchayat)-Yercaud(Panchayat Samiti)-Salem(Zila Panchayat),11.79954,78.23128,1617,36.1,440.4,5.4,66.3,210.2,80.0,2.88,0.28,84,VERY HIGH,ACTIVE
TN-SLM-634138-679,Salem,Yercaud,634138,Mangalakkal (R.F.),FULL,227920,Semmanatham(Gram Panchayat)-Yercaud(Panchayat Samiti)-Salem(Zila Panchayat),11.76489,78.18929,1509,36.9,618.0,46.0,62.9,230.2,86.1,2.82,0.19,89,VERY HIGH,ACTIVE
TN-SLM-634083-680,Salem,Yercaud,634083,Mangalam,FULL,227920,Semmanatham(Gram Panchayat)-Yercaud(Panchayat Samiti)-Salem(Zila Panchayat),11.75037,78.2265,1553,29.4,409.4,14.6,16.6,107.4,59.9,1.27,0.07,37,MODERATE,NORMAL
TN-SLM-634106-681,Salem,Yercaud,634106,Manjakuttai,FULL,227917,Manjakuttai(Gram Panchayat)-Yercaud(Panchayat Samiti)-Salem(Zila Panchayat),11.75693,78.18268,1560,27.6,184.5,18.9,0.1,15.6,45.3,0.84,0.02,19,LOW,NORMAL
TN-SLM-634156-682,Salem,Yercaud,634156,"Manjavadi (R.F,)",FULL,227918,Maramangalam(Gram Panchayat)-Yercaud(Panchayat Samiti)-Salem(Zila Panchayat),11.81073,78.19327,1670,36.2,183.2,24.9,39.8,170.4,81.6,2.43,0.14,70,HIGH,ACTIVE
TN-SLM-634116-683,Salem,Yercaud,634116,Maramangalam,FULL,227918,Maramangalam(Gram Panchayat)-Yercaud(Panchayat Samiti)-Salem(Zila Panchayat),11.76561,78.24974,1495,30.1,217.7,32.3,26.9,103.1,75.7,1.81,0.07,55,ELEVATED,MONITORING
TN-SLM-634117-684,Salem,Yercaud,634117,Maruthur,FULL,227918,Maramangalam(Gram Panchayat)-Yercaud(Panchayat Samiti)-Salem(Zila Panchayat),11.81566,78.23262,1483,27.4,621.5,41.5,52.4,187.5,88.2,3.02,0.33,86,VERY HIGH,ACTIVE
TN-SLM-634093-685,Salem,Yercaud,634093,Melur,FULL,227923,Vellakkadai(Gram Panchayat)-Yercaud(Panchayat Samiti)-Salem(Zila Panchayat),11.79052,78.2462,1426,29.0,136.4,28.8,62.7,202.3,81.1,3.57,0.3,88,VERY HIGH,ACTIVE
TN-SLM-634147-686,Salem,Yercaud,634147,Meryland (R.F.),FULL,227924,Velur(Gram Panchayat)-Yercaud(Panchayat Samiti)-Salem(Zila Panchayat),11.81163,78.19208,1640,40.9,611.6,18.1,48.3,180.7,88.6,2.95,0.24,81,VERY HIGH,ACTIVE
TN-SLM-634090-687,Salem,Yercaud,634090,Mettur,FULL,227923,Vellakkadai(Gram Panchayat)-Yercaud(Panchayat Samiti)-Salem(Zila Panchayat),11.79679,78.17295,1466,30.4,113.4,23.2,6.1,24.2,49.7,0.53,0.02,24,MODERATE,NORMAL
TN-SLM-634076-688,Salem,Yercaud,634076,Muluvi,FULL,227919,Nagalur(Gram Panchayat)-Yercaud(Panchayat Samiti)-Salem(Zila Panchayat),11.81845,78.24449,1554,28.8,145.5,36.8,9.8,40.4,49.3,0.87,-0.01,28,MODERATE,NORMAL
TN-SLM-634097-689,Salem,Yercaud,634097,Mundachedu,FULL,227920,Semmanatham(Gram Panchayat)-Yercaud(Panchayat Samiti)-Salem(Zila Panchayat),11.78264,78.22715,1499,31.3,164.5,14.7,2.2,36.0,31.0,0.42,0.01,16,LOW,NORMAL
TN-SLM-931805-690,Salem,Yercaud,931805,Mundagampadi,PART,227925,Yercaud(Gram Panchayat)-Yercaud(Panchayat Samiti)-Salem(Zila Panchayat),11.81834,78.24969,1578,27.3,457.5,39.8,4.3,38.0,37.7,0.96,0.0,21,MODERATE,NORMAL
TN-SLM-634099-691,Salem,Yercaud,634099,Nagalur,FULL,227919,Nagalur(Gram Panchayat)-Yercaud(Panchayat Samiti)-Salem(Zila Panchayat),11.76384,78.18909,1443,29.8,644.9,13.0,34.8,168.7,81.7,2.37,0.19,65,HIGH,ACTIVE
TN-SLM-634092-692,Salem,Yercaud,634092,Nallur,FULL,227923,Vellakkadai(Gram Panchayat)-Yercaud(Panchayat Samiti)-Salem(Zila Panchayat),11.77368,78.1768,1568,29.7,120.2,40.3,56.4,240.5,84.2,2.83,0.12,81,VERY HIGH,ACTIVE
TN-SLM-634141-693,Salem,Yercaud,634141,Nanthan Chedu Extension R.F..,FULL,227920,Semmanatham(Gram Panchayat)-Yercaud(Panchayat Samiti)-Salem(Zila Panchayat),11.76362,78.1943,1655,42.1,506.2,37.2,36.6,179.3,92.8,3.06,0.3,82,VERY HIGH,ACTIVE
TN-SLM-634142-694,Salem,Yercaud,634142,Nanthan Chedu R.F.,FULL,227920,Semmanatham(Gram Panchayat)-Yercaud(Panchayat Samiti)-Salem(Zila Panchayat),11.75999,78.19295,1530,37.0,184.7,16.3,42.3,190.3,79.4,2.45,0.32,73,HIGH,ACTIVE
TN-SLM-634095-695,Salem,Yercaud,634095,Nanthen Chedu,FULL,227920,Semmanatham(Gram Panchayat)-Yercaud(Panchayat Samiti)-Salem(Zila Panchayat),11.76384,78.18909,1443,29.8,644.9,13.0,34.8,168.7,81.7,2.37,0.19,65,HIGH,ACTIVE
TN-SLM-634122-696,Salem,Yercaud,634122,Narthananedu,FULL,227918,Maramangalam(Gram Panchayat)-Yercaud(Panchayat Samiti)-Salem(Zila Panchayat),11.76541,78.17989,1479,31.5,360.4,37.5,33.2,170.9,85.9,3.51,0.13,74,HIGH,ACTIVE
TN-SLM-634098-697,Salem,Yercaud,634098,Olavakkadu,FULL,227920,Semmanatham(Gram Panchayat)-Yercaud(Panchayat Samiti)-Salem(Zila Panchayat),11.8054,78.18537,1523,29.1,187.1,14.5,32.7,164.7,91.1,2.67,0.19,70,HIGH,ACTIVE
TN-SLM-634152-698,Salem,Yercaud,634152,Pannaikadu (R.F.),FULL,227924,Velur(Gram Panchayat)-Yercaud(Panchayat Samiti)-Salem(Zila Panchayat),11.78246,78.21207,1661,38.5,184.5,40.6,2.8,24.3,38.5,0.92,-0.01,23,MODERATE,NORMAL
TN-SLM-634103-699,Salem,Yercaud,634103,Pattipadi,FULL,227924,Velur(Gram Panchayat)-Yercaud(Panchayat Samiti)-Salem(Zila Panchayat),11.74518,78.23018,1581,33.9,475.3,18.4,19.8,92.7,63.0,1.37,0.06,43,ELEVATED,MONITORING
TN-SLM-634118-700,Salem,Yercaud,634118,Pelakkadu,FULL,227918,Maramangalam(Gram Panchayat)-Yercaud(Panchayat Samiti)-Salem(Zila Panchayat),11.76541,78.17989,1479,31.5,360.4,37.5,33.2,170.9,85.9,3.51,0.13,74,HIGH,ACTIVE
TN-SLM-634080-701,Salem,Yercaud,634080,Periyakkadu,FULL,227920,Semmanatham(Gram Panchayat)-Yercaud(Panchayat Samiti)-Salem(Zila Panchayat),11.78468,78.23762,1552,32.3,514.6,40.9,4.5,26.2,37.9,0.49,-0.01,21,MODERATE,NORMAL
TN-SLM-634135-702,Salem,Yercaud,634135,Pilapalli Kombai (R.F.),FULL,227919,Nagalur(Gram Panchayat)-Yercaud(Panchayat Samiti)-Salem(Zila Panchayat),11.74611,78.18003,1517,42.8,177.9,6.5,24.4,90.9,59.9,1.55,0.06,43,ELEVATED,MONITORING
TN-SLM-634134-703,Salem,Yercaud,634134,Pila Palli (R.F.)( Pillapady),FULL,227919,Nagalur(Gram Panchayat)-Yercaud(Panchayat Samiti)-Salem(Zila Panchayat),11.74611,78.18003,1517,42.8,177.9,6.5,24.4,90.9,59.9,1.55,0.06,43,ELEVATED,MONITORING
TN-SLM-634127-704,Salem,Yercaud,634127,Pilleri,FULL,227921,Thalaisolai(Gram Panchayat)-Yercaud(Panchayat Samiti)-Salem(Zila Panchayat),11.77879,78.24706,1488,33.3,570.9,21.6,7.1,35.4,48.2,0.44,-0.02,23,MODERATE,NORMAL
TN-SLM-634131-705,Salem,Yercaud,634131,Pottakkadu,FULL,227921,Thalaisolai(Gram Panchayat)-Yercaud(Panchayat Samiti)-Salem(Zila Panchayat),11.75999,78.19295,1450,29.6,184.7,16.3,42.3,190.3,79.4,2.45,0.32,71,HIGH,ACTIVE
TN-SLM-634077-706,Salem,Yercaud,634077,Pudur,FULL,227920,Semmanatham(Gram Panchayat)-Yercaud(Panchayat Samiti)-Salem(Zila Panchayat),11.79593,78.23003,1545,33.1,144.9,39.2,60.3,179.4,85.3,3.51,0.27,91,VERY HIGH,ACTIVE
TN-SLM-634082-707,Salem,Yercaud,634082,Pudur,FULL,227920,Semmanatham(Gram Panchayat)-Yercaud(Panchayat Samiti)-Salem(Zila Panchayat),11.74829,78.21028,1477,31.7,139.6,28.9,63.0,215.9,83.7,3.7,0.26,90,VERY HIGH,ACTIVE
TN-SLM-634109-708,Salem,Yercaud,634109,Puliankadai,FULL,227922,Vazhavanthi(Gram Panchayat)-Yercaud(Panchayat Samiti)-Salem(Zila Panchayat),11.76489,78.18929,1429,29.5,618.0,46.0,62.9,230.2,86.1,2.82,0.19,87,VERY HIGH,ACTIVE
TN-SLM-634085-709,Salem,Yercaud,634085,Puliyampatti,FULL,227919,Nagalur(Gram Panchayat)-Yercaud(Panchayat Samiti)-Salem(Zila Panchayat),11.81068,78.23689,1446,27.5,122.5,14.3,46.0,175.6,81.2,3.18,0.29,76,HIGH,ACTIVE
TN-SLM-634108-710,Salem,Yercaud,634108,Puliyur,FULL,227923,Vellakkadai(Gram Panchayat)-Yercaud(Panchayat Samiti)-Salem(Zila Panchayat),11.76541,78.17989,1479,31.5,360.4,37.5,33.2,170.9,85.9,3.51,0.13,74,HIGH,ACTIVE
TN-SLM-634112-711,Salem,Yercaud,634112,Puthur,FULL,227922,Vazhavanthi(Gram Panchayat)-Yercaud(Panchayat Samiti)-Salem(Zila Panchayat),11.76025,78.21697,1542,32.8,440.7,33.0,8.1,29.9,34.7,0.82,0.0,24,MODERATE,NORMAL
TN-SLM-634154-712,Salem,Yercaud,634154,Sanyasimalai R.F.,FULL,227924,Velur(Gram Panchayat)-Yercaud(Panchayat Samiti)-Salem(Zila Panchayat),11.79776,78.19359,1666,40.8,174.1,39.4,63.7,235.4,78.3,2.62,0.19,84,VERY HIGH,ACTIVE
TN-SLM-634078-713,Salem,Yercaud,634078,Semmanathan,FULL,227920,Semmanatham(Gram Panchayat)-Yercaud(Panchayat Samiti)-Salem(Zila Panchayat),11.79584,78.20144,1531,31.9,164.4,40.3,19.9,90.0,55.6,1.62,0.06,43,ELEVATED,MONITORING
TN-SLM-634107-714,Salem,Yercaud,634107,Semmeduru,FULL,227917,Manjakuttai(Gram Panchayat)-Yercaud(Panchayat Samiti)-Salem(Zila Panchayat),11.78242,78.1976,1431,27.8,235.1,7.3,44.7,200.8,90.5,2.56,0.21,74,HIGH,ACTIVE
TN-SLM-634129-715,Salem,Yercaud,634129,Sengadu,FULL,227921,Thalaisolai(Gram Panchayat)-Yercaud(Panchayat Samiti)-Salem(Zila Panchayat),11.77799,78.22995,1566,34.1,583.5,29.0,55.6,190.9,87.0,2.19,0.16,80,HIGH,ACTIVE
TN-SLM-634086-716,Salem,Yercaud,634086,Sengalathu Padi,FULL,227920,Semmanatham(Gram Panchayat)-Yercaud(Panchayat Samiti)-Salem(Zila Panchayat),11.74518,78.23018,1581,33.9,475.3,18.4,19.8,92.7,63.0,1.37,0.06,43,ELEVATED,MONITORING
TN-SLM-634120-717,Salem,Yercaud,634120,Senthittu,FULL,227918,Maramangalam(Gram Panchayat)-Yercaud(Panchayat Samiti)-Salem(Zila Panchayat),11.74611,78.18003,1437,34.2,177.9,6.5,24.4,90.9,59.9,1.55,0.06,43,ELEVATED,MONITORING
TN-SLM-634091-718,Salem,Yercaud,634091,Solambadi,FULL,227923,Vellakkadai(Gram Panchayat)-Yercaud(Panchayat Samiti)-Salem(Zila Panchayat),11.81951,78.2183,1531,33.3,65.6,8.4,67.7,229.1,80.9,2.79,0.27,84,VERY HIGH,ACTIVE
TN-SLM-634096-719,Salem,Yercaud,634096,Solur,FULL,227920,Semmanatham(Gram Panchayat)-Yercaud(Panchayat Samiti)-Salem(Zila Panchayat),11.74463,78.17976,1494,28.8,383.2,47.0,20.6,85.6,59.1,1.29,0.05,42,ELEVATED,MONITORING
TN-SLM-634101-720,Salem,Yercaud,634101,Sonappadi,FULL,227924,Velur(Gram Panchayat)-Yercaud(Panchayat Samiti)-Salem(Zila Panchayat),11.78242,78.1976,1431,27.8,235.1,7.3,44.7,200.8,90.5,2.56,0.21,74,HIGH,ACTIVE
TN-SLM-634072-721,Salem,Yercaud,634072,Suraikkayapatti,FULL,227919,Nagalur(Gram Panchayat)-Yercaud(Panchayat Samiti)-Salem(Zila Panchayat),11.81716,78.20671,1555,30.1,292.9,10.9,35.2,184.2,88.4,2.56,0.31,72,HIGH,ACTIVE
TN-SLM-634128-722,Salem,Yercaud,634128,Talai Cholai,FULL,227921,Thalaisolai(Gram Panchayat)-Yercaud(Panchayat Samiti)-Salem(Zila Panchayat),11.78246,78.21207,1581,30.8,184.5,40.6,51.1,194.9,88.2,2.81,0.23,83,VERY HIGH,ACTIVE
TN-SLM-931994-723,Salem,Yercaud,931994,Teppakadu,PART,227925,Yercaud(Gram Panchayat)-Yercaud(Panchayat Samiti)-Salem(Zila Panchayat),11.76249,78.19003,1478,29.5,154.3,29.3,25.0,110.9,75.5,1.35,0.09,52,ELEVATED,MONITORING
TN-SLM-634114-724,Salem,Yercaud,634114,Valavandi,FULL,227922,Vazhavanthi(Gram Panchayat)-Yercaud(Panchayat Samiti)-Salem(Zila Panchayat),11.81073,78.19327,1590,29.0,183.2,24.9,6.4,20.9,29.9,0.72,-0.01,20,LOW,NORMAL
TN-SLM-634146-725,Salem,Yercaud,634146,Vaniar R.F.,FULL,227922,Vazhavanthi(Gram Panchayat)-Yercaud(Panchayat Samiti)-Salem(Zila Panchayat),11.7657,78.2333,1536,39.6,592.4,8.6,43.3,179.3,88.0,2.42,0.23,74,HIGH,ACTIVE
TN-SLM-931997-726,Salem,Yercaud,931997,Vasambadi,PART,227925,Yercaud(Gram Panchayat)-Yercaud(Panchayat Samiti)-Salem(Zila Panchayat),11.787,78.22994,1471,34.7,215.0,14.0,35.3,187.7,93.5,3.44,0.32,80,HIGH,ACTIVE
TN-SLM-634094-727,Salem,Yercaud,634094,Vellakkadai,FULL,227923,Vellakkadai(Gram Panchayat)-Yercaud(Panchayat Samiti)-Salem(Zila Panchayat),11.78242,78.1976,1431,27.8,235.1,7.3,44.7,200.8,90.5,2.56,0.21,74,HIGH,ACTIVE
TN-SLM-634102-728,Salem,Yercaud,634102,Vellur,FULL,227924,Velur(Gram Panchayat)-Yercaud(Panchayat Samiti)-Salem(Zila Panchayat),11.79791,78.21069,1512,32.3,89.9,45.1,1.3,25.8,47.5,0.57,0.03,25,MODERATE,NORMAL
TN-SLM-634084-729,Salem,Yercaud,634084,Veppadi,FULL,227919,Nagalur(Gram Panchayat)-Yercaud(Panchayat Samiti)-Salem(Zila Panchayat),11.79718,78.22443,1453,32.3,331.2,45.5,26.5,102.7,66.8,1.4,0.04,50,ELEVATED,MONITORING
TN-SLM-634158-730,Salem,Yercaud,634158,Yercaud (Ct),FULL,227925,Yercaud(Gram Panchayat)-Yercaud(Panchayat Samiti)-Salem(Zila Panchayat),11.76264,78.19529,1576,28.3,550.1,11.0,7.5,34.6,39.1,0.54,-0.02,17,LOW,NORMAL
